,BIL,DBA,EEM,EFA,EWJ,GLD,HYG,IAU,IEF,IWM,LQD,MBB,PDBC,QQQ,SHY,SLV,SPY,TIP,TLT,USO,UUP,VEA,VNQ,VTV,VUG,VWO,XLB,XLE,XLF,XLI,XLK,XLP,XLU,XLV,XLY
2005-01-07,1.0,0.0,0.0,0.0,0.0,0.0,0.0,0.0,0.0,0.0,0.0,0.0,0.0,0.0,0.0,0.0,0.0,0.0,0.0,0.0,0.0,0.0,0.0,0.0,0.0,0.0,0.0,0.0,0.0,0.0,0.0,0.0,0.0,0.0,0.0
2005-01-14,1.0,0.0,0.0,0.0,0.0,0.0,0.0,0.0,0.0,0.0,0.0,0.0,0.0,0.0,0.0,0.0,0.0,0.0,0.0,0.0,0.0,0.0,0.0,0.0,0.0,0.0,0.0,0.0,0.0,0.0,0.0,0.0,0.0,0.0,0.0
2005-01-21,1.0,0.0,0.0,0.0,0.0,0.0,0.0,0.0,0.0,0.0,0.0,0.0,0.0,0.0,0.0,0.0,0.0,0.0,0.0,0.0,0.0,0.0,0.0,0.0,0.0,0.0,0.0,0.0,0.0,0.0,0.0,0.0,0.0,0.0,0.0
2005-01-28,1.0,0.0,0.0,0.0,0.0,0.0,0.0,0.0,0.0,0.0,0.0,0.0,0.0,0.0,0.0,0.0,0.0,0.0,0.0,0.0,0.0,0.0,0.0,0.0,0.0,0.0,0.0,0.0,0.0,0.0,0.0,0.0,0.0,0.0,0.0
2005-02-04,1.0,0.0,0.0,0.0,0.0,0.0,0.0,0.0,0.0,0.0,0.0,0.0,0.0,0.0,0.0,0.0,0.0,0.0,0.0,0.0,0.0,0.0,0.0,0.0,0.0,0.0,0.0,0.0,0.0,0.0,0.0,0.0,0.0,0.0,0.0
2005-02-11,1.0,0.0,0.0,0.0,0.0,0.0,0.0,0.0,0.0,0.0,0.0,0.0,0.0,0.0,0.0,0.0,0.0,0.0,0.0,0.0,0.0,0.0,0.0,0.0,0.0,0.0,0.0,0.0,0.0,0.0,0.0,0.0,0.0,0.0,0.0
2005-02-18,1.0,0.0,0.0,0.0,0.0,0.0,0.0,0.0,0.0,0.0,0.0,0.0,0.0,0.0,0.0,0.0,0.0,0.0,0.0,0.0,0.0,0.0,0.0,0.0,0.0,0.0,0.0,0.0,0.0,0.0,0.0,0.0,0.0,0.0,0.0
2005-02-25,1.0,0.0,0.0,0.0,0.0,0.0,0.0,0.0,0.0,0.0,0.0,0.0,0.0,0.0,0.0,0.0,0.0,0.0,0.0,0.0,0.0,0.0,0.0,0.0,0.0,0.0,0.0,0.0,0.0,0.0,0.0,0.0,0.0,0.0,0.0
2005-03-04,1.0,0.0,0.0,0.0,0.0,0.0,0.0,0.0,0.0,0.0,0.0,0.0,0.0,0.0,0.0,0.0,0.0,0.0,0.0,0.0,0.0,0.0,0.0,0.0,0.0,0.0,0.0,0.0,0.0,0.0,0.0,0.0,0.0,0.0,0.0
2005-03-11,1.0,0.0,0.0,0.0,0.0,0.0,0.0,0.0,0.0,0.0,0.0,0.0,0.0,0.0,0.0,0.0,0.0,0.0,0.0,0.0,0.0,0.0,0.0,0.0,0.0,0.0,0.0,0.0,0.0,0.0,0.0,0.0,0.0,0.0,0.0
2005-03-18,1.0,0.0,0.0,0.0,0.0,0.0,0.0,0.0,0.0,0.0,0.0,0.0,0.0,0.0,0.0,0.0,0.0,0.0,0.0,0.0,0.0,0.0,0.0,0.0,0.0,0.0,0.0,0.0,0.0,0.0,0.0,0.0,0.0,0.0,0.0
2005-03-25,1.0,0.0,0.0,0.0,0.0,0.0,0.0,0.0,0.0,0.0,0.0,0.0,0.0,0.0,0.0,0.0,0.0,0.0,0.0,0.0,0.0,0.0,0.0,0.0,0.0,0.0,0.0,0.0,0.0,0.0,0.0,0.0,0.0,0.0,0.0
2005-04-01,1.0,0.0,0.0,0.0,0.0,0.0,0.0,0.0,0.0,0.0,0.0,0.0,0.0,0.0,0.0,0.0,0.0,0.0,0.0,0.0,0.0,0.0,0.0,0.0,0.0,0.0,0.0,0.0,0.0,0.0,0.0,0.0,0.0,0.0,0.0
2005-04-08,1.0,0.0,0.0,0.0,0.0,0.0,0.0,0.0,0.0,0.0,0.0,0.0,0.0,0.0,0.0,0.0,0.0,0.0,0.0,0.0,0.0,0.0,0.0,0.0,0.0,0.0,0.0,0.0,0.0,0.0,0.0,0.0,0.0,0.0,0.0
2005-04-15,1.0,0.0,0.0,0.0,0.0,0.0,0.0,0.0,0.0,0.0,0.0,0.0,0.0,0.0,0.0,0.0,0.0,0.0,0.0,0.0,0.0,0.0,0.0,0.0,0.0,0.0,0.0,0.0,0.0,0.0,0.0,0.0,0.0,0.0,0.0
2005-04-22,1.0,0.0,0.0,0.0,0.0,0.0,0.0,0.0,0.0,0.0,0.0,0.0,0.0,0.0,0.0,0.0,0.0,0.0,0.0,0.0,0.0,0.0,0.0,0.0,0.0,0.0,0.0,0.0,0.0,0.0,0.0,0.0,0.0,0.0,0.0
2005-04-29,1.0,0.0,0.0,0.0,0.0,0.0,0.0,0.0,0.0,0.0,0.0,0.0,0.0,0.0,0.0,0.0,0.0,0.0,0.0,0.0,0.0,0.0,0.0,0.0,0.0,0.0,0.0,0.0,0.0,0.0,0.0,0.0,0.0,0.0,0.0
2005-05-06,1.0,0.0,0.0,0.0,0.0,0.0,0.0,0.0,0.0,0.0,0.0,0.0,0.0,0.0,0.0,0.0,0.0,0.0,0.0,0.0,0.0,0.0,0.0,0.0,0.0,0.0,0.0,0.0,0.0,0.0,0.0,0.0,0.0,0.0,0.0
2005-05-13,1.0,0.0,0.0,0.0,0.0,0.0,0.0,0.0,0.0,0.0,0.0,0.0,0.0,0.0,0.0,0.0,0.0,0.0,0.0,0.0,0.0,0.0,0.0,0.0,0.0,0.0,0.0,0.0,0.0,0.0,0.0,0.0,0.0,0.0,0.0
2005-05-20,1.0,0.0,0.0,0.0,0.0,0.0,0.0,0.0,0.0,0.0,0.0,0.0,0.0,0.0,0.0,0.0,0.0,0.0,0.0,0.0,0.0,0.0,0.0,0.0,0.0,0.0,0.0,0.0,0.0,0.0,0.0,0.0,0.0,0.0,0.0
2005-05-27,1.0,0.0,0.0,0.0,0.0,0.0,0.0,0.0,0.0,0.0,0.0,0.0,0.0,0.0,0.0,0.0,0.0,0.0,0.0,0.0,0.0,0.0,0.0,0.0,0.0,0.0,0.0,0.0,0.0,0.0,0.0,0.0,0.0,0.0,0.0
2005-06-03,1.0,0.0,0.0,0.0,0.0,0.0,0.0,0.0,0.0,0.0,0.0,0.0,0.0,0.0,0.0,0.0,0.0,0.0,0.0,0.0,0.0,0.0,0.0,0.0,0.0,0.0,0.0,0.0,0.0,0.0,0.0,0.0,0.0,0.0,0.0
2005-06-10,1.0,0.0,0.0,0.0,0.0,0.0,0.0,0.0,0.0,0.0,0.0,0.0,0.0,0.0,0.0,0.0,0.0,0.0,0.0,0.0,0.0,0.0,0.0,0.0,0.0,0.0,0.0,0.0,0.0,0.0,0.0,0.0,0.0,0.0,0.0
2005-06-17,1.0,0.0,0.0,0.0,0.0,0.0,0.0,0.0,0.0,0.0,0.0,0.0,0.0,0.0,0.0,0.0,0.0,0.0,0.0,0.0,0.0,0.0,0.0,0.0,0.0,0.0,0.0,0.0,0.0,0.0,0.0,0.0,0.0,0.0,0.0
2005-06-24,1.0,0.0,0.0,0.0,0.0,0.0,0.0,0.0,0.0,0.0,0.0,0.0,0.0,0.0,0.0,0.0,0.0,0.0,0.0,0.0,0.0,0.0,0.0,0.0,0.0,0.0,0.0,0.0,0.0,0.0,0.0,0.0,0.0,0.0,0.0
2005-07-01,1.0,0.0,0.0,0.0,0.0,0.0,0.0,0.0,0.0,0.0,0.0,0.0,0.0,0.0,0.0,0.0,0.0,0.0,0.0,0.0,0.0,0.0,0.0,0.0,0.0,0.0,0.0,0.0,0.0,0.0,0.0,0.0,0.0,0.0,0.0
2005-07-08,1.0,0.0,0.0,0.0,0.0,0.0,0.0,0.0,0.0,0.0,0.0,0.0,0.0,0.0,0.0,0.0,0.0,0.0,0.0,0.0,0.0,0.0,0.0,0.0,0.0,0.0,0.0,0.0,0.0,0.0,0.0,0.0,0.0,0.0,0.0
2005-07-15,1.0,0.0,0.0,0.0,0.0,0.0,0.0,0.0,0.0,0.0,0.0,0.0,0.0,0.0,0.0,0.0,0.0,0.0,0.0,0.0,0.0,0.0,0.0,0.0,0.0,0.0,0.0,0.0,0.0,0.0,0.0,0.0,0.0,0.0,0.0
2005-07-22,1.0,0.0,0.0,0.0,0.0,0.0,0.0,0.0,0.0,0.0,0.0,0.0,0.0,0.0,0.0,0.0,0.0,0.0,0.0,0.0,0.0,0.0,0.0,0.0,0.0,0.0,0.0,0.0,0.0,0.0,0.0,0.0,0.0,0.0,0.0
2005-07-29,1.0,0.0,0.0,0.0,0.0,0.0,0.0,0.0,0.0,0.0,0.0,0.0,0.0,0.0,0.0,0.0,0.0,0.0,0.0,0.0,0.0,0.0,0.0,0.0,0.0,0.0,0.0,0.0,0.0,0.0,0.0,0.0,0.0,0.0,0.0
2005-08-05,1.0,0.0,0.0,0.0,0.0,0.0,0.0,0.0,0.0,0.0,0.0,0.0,0.0,0.0,0.0,0.0,0.0,0.0,0.0,0.0,0.0,0.0,0.0,0.0,0.0,0.0,0.0,0.0,0.0,0.0,0.0,0.0,0.0,0.0,0.0
2005-08-12,1.0,0.0,0.0,0.0,0.0,0.0,0.0,0.0,0.0,0.0,0.0,0.0,0.0,0.0,0.0,0.0,0.0,0.0,0.0,0.0,0.0,0.0,0.0,0.0,0.0,0.0,0.0,0.0,0.0,0.0,0.0,0.0,0.0,0.0,0.0
2005-08-19,1.0,0.0,0.0,0.0,0.0,0.0,0.0,0.0,0.0,0.0,0.0,0.0,0.0,0.0,0.0,0.0,0.0,0.0,0.0,0.0,0.0,0.0,0.0,0.0,0.0,0.0,0.0,0.0,0.0,0.0,0.0,0.0,0.0,0.0,0.0
2005-08-26,1.0,0.0,0.0,0.0,0.0,0.0,0.0,0.0,0.0,0.0,0.0,0.0,0.0,0.0,0.0,0.0,0.0,0.0,0.0,0.0,0.0,0.0,0.0,0.0,0.0,0.0,0.0,0.0,0.0,0.0,0.0,0.0,0.0,0.0,0.0
2005-09-02,1.0,0.0,0.0,0.0,0.0,0.0,0.0,0.0,0.0,0.0,0.0,0.0,0.0,0.0,0.0,0.0,0.0,0.0,0.0,0.0,0.0,0.0,0.0,0.0,0.0,0.0,0.0,0.0,0.0,0.0,0.0,0.0,0.0,0.0,0.0
2005-09-09,1.0,0.0,0.0,0.0,0.0,0.0,0.0,0.0,0.0,0.0,0.0,0.0,0.0,0.0,0.0,0.0,0.0,0.0,0.0,0.0,0.0,0.0,0.0,0.0,0.0,0.0,0.0,0.0,0.0,0.0,0.0,0.0,0.0,0.0,0.0
2005-09-16,1.0,0.0,0.0,0.0,0.0,0.0,0.0,0.0,0.0,0.0,0.0,0.0,0.0,0.0,0.0,0.0,0.0,0.0,0.0,0.0,0.0,0.0,0.0,0.0,0.0,0.0,0.0,0.0,0.0,0.0,0.0,0.0,0.0,0.0,0.0
2005-09-23,1.0,0.0,0.0,0.0,0.0,0.0,0.0,0.0,0.0,0.0,0.0,0.0,0.0,0.0,0.0,0.0,0.0,0.0,0.0,0.0,0.0,0.0,0.0,0.0,0.0,0.0,0.0,0.0,0.0,0.0,0.0,0.0,0.0,0.0,0.0
2005-09-30,1.0,0.0,0.0,0.0,0.0,0.0,0.0,0.0,0.0,0.0,0.0,0.0,0.0,0.0,0.0,0.0,0.0,0.0,0.0,0.0,0.0,0.0,0.0,0.0,0.0,0.0,0.0,0.0,0.0,0.0,0.0,0.0,0.0,0.0,0.0
2005-10-07,1.0,0.0,0.0,0.0,0.0,0.0,0.0,0.0,0.0,0.0,0.0,0.0,0.0,0.0,0.0,0.0,0.0,0.0,0.0,0.0,0.0,0.0,0.0,0.0,0.0,0.0,0.0,0.0,0.0,0.0,0.0,0.0,0.0,0.0,0.0
2005-10-14,1.0,0.0,0.0,0.0,0.0,0.0,0.0,0.0,0.0,0.0,0.0,0.0,0.0,0.0,0.0,0.0,0.0,0.0,0.0,0.0,0.0,0.0,0.0,0.0,0.0,0.0,0.0,0.0,0.0,0.0,0.0,0.0,0.0,0.0,0.0
2005-10-21,1.0,0.0,0.0,0.0,0.0,0.0,0.0,0.0,0.0,0.0,0.0,0.0,0.0,0.0,0.0,0.0,0.0,0.0,0.0,0.0,0.0,0.0,0.0,0.0,0.0,0.0,0.0,0.0,0.0,0.0,0.0,0.0,0.0,0.0,0.0
2005-10-28,1.0,0.0,0.0,0.0,0.0,0.0,0.0,0.0,0.0,0.0,0.0,0.0,0.0,0.0,0.0,0.0,0.0,0.0,0.0,0.0,0.0,0.0,0.0,0.0,0.0,0.0,0.0,0.0,0.0,0.0,0.0,0.0,0.0,0.0,0.0
2005-11-04,1.0,0.0,0.0,0.0,0.0,0.0,0.0,0.0,0.0,0.0,0.0,0.0,0.0,0.0,0.0,0.0,0.0,0.0,0.0,0.0,0.0,0.0,0.0,0.0,0.0,0.0,0.0,0.0,0.0,0.0,0.0,0.0,0.0,0.0,0.0
2005-11-11,1.0,0.0,0.0,0.0,0.0,0.0,0.0,0.0,0.0,0.0,0.0,0.0,0.0,0.0,0.0,0.0,0.0,0.0,0.0,0.0,0.0,0.0,0.0,0.0,0.0,0.0,0.0,0.0,0.0,0.0,0.0,0.0,0.0,0.0,0.0
2005-11-18,1.0,0.0,0.0,0.0,0.0,0.0,0.0,0.0,0.0,0.0,0.0,0.0,0.0,0.0,0.0,0.0,0.0,0.0,0.0,0.0,0.0,0.0,0.0,0.0,0.0,0.0,0.0,0.0,0.0,0.0,0.0,0.0,0.0,0.0,0.0
2005-11-25,1.0,0.0,0.0,0.0,0.0,0.0,0.0,0.0,0.0,0.0,0.0,0.0,0.0,0.0,0.0,0.0,0.0,0.0,0.0,0.0,0.0,0.0,0.0,0.0,0.0,0.0,0.0,0.0,0.0,0.0,0.0,0.0,0.0,0.0,0.0
2005-12-02,1.0,0.0,0.0,0.0,0.0,0.0,0.0,0.0,0.0,0.0,0.0,0.0,0.0,0.0,0.0,0.0,0.0,0.0,0.0,0.0,0.0,0.0,0.0,0.0,0.0,0.0,0.0,0.0,0.0,0.0,0.0,0.0,0.0,0.0,0.0
2005-12-09,1.0,0.0,0.0,0.0,0.0,0.0,0.0,0.0,0.0,0.0,0.0,0.0,0.0,0.0,0.0,0.0,0.0,0.0,0.0,0.0,0.0,0.0,0.0,0.0,0.0,0.0,0.0,0.0,0.0,0.0,0.0,0.0,0.0,0.0,0.0
2005-12-16,1.0,0.0,0.0,0.0,0.0,0.0,0.0,0.0,0.0,0.0,0.0,0.0,0.0,0.0,0.0,0.0,0.0,0.0,0.0,0.0,0.0,0.0,0.0,0.0,0.0,0.0,0.0,0.0,0.0,0.0,0.0,0.0,0.0,0.0,0.0
2005-12-23,1.0,0.0,0.0,0.0,0.0,0.0,0.0,0.0,0.0,0.0,0.0,0.0,0.0,0.0,0.0,0.0,0.0,0.0,0.0,0.0,0.0,0.0,0.0,0.0,0.0,0.0,0.0,0.0,0.0,0.0,0.0,0.0,0.0,0.0,0.0
2005-12-30,1.0,0.0,0.0,0.0,0.0,0.0,0.0,0.0,0.0,0.0,0.0,0.0,0.0,0.0,0.0,0.0,0.0,0.0,0.0,0.0,0.0,0.0,0.0,0.0,0.0,0.0,0.0,0.0,0.0,0.0,0.0,0.0,0.0,0.0,0.0
2006-01-06,1.0,0.0,0.0,0.0,0.0,0.0,0.0,0.0,0.0,0.0,0.0,0.0,0.0,0.0,0.0,0.0,0.0,0.0,0.0,0.0,0.0,0.0,0.0,0.0,0.0,0.0,0.0,0.0,0.0,0.0,0.0,0.0,0.0,0.0,0.0
2006-01-13,1.0,0.0,0.0,0.0,0.0,0.0,0.0,0.0,0.0,0.0,0.0,0.0,0.0,0.0,0.0,0.0,0.0,0.0,0.0,0.0,0.0,0.0,0.0,0.0,0.0,0.0,0.0,0.0,0.0,0.0,0.0,0.0,0.0,0.0,0.0
2006-01-20,1.0,0.0,0.0,0.0,0.0,0.0,0.0,0.0,0.0,0.0,0.0,0.0,0.0,0.0,0.0,0.0,0.0,0.0,0.0,0.0,0.0,0.0,0.0,0.0,0.0,0.0,0.0,0.0,0.0,0.0,0.0,0.0,0.0,0.0,0.0
2006-01-27,1.0,0.0,0.0,0.0,0.0,0.0,0.0,0.0,0.0,0.0,0.0,0.0,0.0,0.0,0.0,0.0,0.0,0.0,0.0,0.0,0.0,0.0,0.0,0.0,0.0,0.0,0.0,0.0,0.0,0.0,0.0,0.0,0.0,0.0,0.0
2006-02-03,1.0,0.0,0.0,0.0,0.0,0.0,0.0,0.0,0.0,0.0,0.0,0.0,0.0,0.0,0.0,0.0,0.0,0.0,0.0,0.0,0.0,0.0,0.0,0.0,0.0,0.0,0.0,0.0,0.0,0.0,0.0,0.0,0.0,0.0,0.0
2006-02-10,1.0,0.0,0.0,0.0,0.0,0.0,0.0,0.0,0.0,0.0,0.0,0.0,0.0,0.0,0.0,0.0,0.0,0.0,0.0,0.0,0.0,0.0,0.0,0.0,0.0,0.0,0.0,0.0,0.0,0.0,0.0,0.0,0.0,0.0,0.0
2006-02-17,1.0,0.0,0.0,0.0,0.0,0.0,0.0,0.0,0.0,0.0,0.0,0.0,0.0,0.0,0.0,0.0,0.0,0.0,0.0,0.0,0.0,0.0,0.0,0.0,0.0,0.0,0.0,0.0,0.0,0.0,0.0,0.0,0.0,0.0,0.0
2006-02-24,1.0,0.0,0.0,0.0,0.0,0.0,0.0,0.0,0.0,0.0,0.0,0.0,0.0,0.0,0.0,0.0,0.0,0.0,0.0,0.0,0.0,0.0,0.0,0.0,0.0,0.0,0.0,0.0,0.0,0.0,0.0,0.0,0.0,0.0,0.0
2006-03-03,1.0,0.0,0.0,0.0,0.0,0.0,0.0,0.0,0.0,0.0,0.0,0.0,0.0,0.0,0.0,0.0,0.0,0.0,0.0,0.0,0.0,0.0,0.0,0.0,0.0,0.0,0.0,0.0,0.0,0.0,0.0,0.0,0.0,0.0,0.0
2006-03-10,1.0,0.0,0.0,0.0,0.0,0.0,0.0,0.0,0.0,0.0,0.0,0.0,0.0,0.0,0.0,0.0,0.0,0.0,0.0,0.0,0.0,0.0,0.0,0.0,0.0,0.0,0.0,0.0,0.0,0.0,0.0,0.0,0.0,0.0,0.0
2006-03-17,1.0,0.0,0.0,0.0,0.0,0.0,0.0,0.0,0.0,0.0,0.0,0.0,0.0,0.0,0.0,0.0,0.0,0.0,0.0,0.0,0.0,0.0,0.0,0.0,0.0,0.0,0.0,0.0,0.0,0.0,0.0,0.0,0.0,0.0,0.0
2006-03-24,1.0,0.0,0.0,0.0,0.0,0.0,0.0,0.0,0.0,0.0,0.0,0.0,0.0,0.0,0.0,0.0,0.0,0.0,0.0,0.0,0.0,0.0,0.0,0.0,0.0,0.0,0.0,0.0,0.0,0.0,0.0,0.0,0.0,0.0,0.0
2006-03-31,1.0,0.0,0.0,0.0,0.0,0.0,0.0,0.0,0.0,0.0,0.0,0.0,0.0,0.0,0.0,0.0,0.0,0.0,0.0,0.0,0.0,0.0,0.0,0.0,0.0,0.0,0.0,0.0,0.0,0.0,0.0,0.0,0.0,0.0,0.0
2006-04-07,1.0,0.0,0.0,0.0,0.0,0.0,0.0,0.0,0.0,0.0,0.0,0.0,0.0,0.0,0.0,0.0,0.0,0.0,0.0,0.0,0.0,0.0,0.0,0.0,0.0,0.0,0.0,0.0,0.0,0.0,0.0,0.0,0.0,0.0,0.0
2006-04-14,1.0,0.0,0.0,0.0,0.0,0.0,0.0,0.0,0.0,0.0,0.0,0.0,0.0,0.0,0.0,0.0,0.0,0.0,0.0,0.0,0.0,0.0,0.0,0.0,0.0,0.0,0.0,0.0,0.0,0.0,0.0,0.0,0.0,0.0,0.0
2006-04-21,1.0,0.0,0.0,0.0,0.0,0.0,0.0,0.0,0.0,0.0,0.0,0.0,0.0,0.0,0.0,0.0,0.0,0.0,0.0,0.0,0.0,0.0,0.0,0.0,0.0,0.0,0.0,0.0,0.0,0.0,0.0,0.0,0.0,0.0,0.0
2006-04-28,1.0,0.0,0.0,0.0,0.0,0.0,0.0,0.0,0.0,0.0,0.0,0.0,0.0,0.0,0.0,0.0,0.0,0.0,0.0,0.0,0.0,0.0,0.0,0.0,0.0,0.0,0.0,0.0,0.0,0.0,0.0,0.0,0.0,0.0,0.0
2006-05-05,1.0,0.0,0.0,0.0,0.0,0.0,0.0,0.0,0.0,0.0,0.0,0.0,0.0,0.0,0.0,0.0,0.0,0.0,0.0,0.0,0.0,0.0,0.0,0.0,0.0,0.0,0.0,0.0,0.0,0.0,0.0,0.0,0.0,0.0,0.0
2006-05-12,1.0,0.0,0.0,0.0,0.0,0.0,0.0,0.0,0.0,0.0,0.0,0.0,0.0,0.0,0.0,0.0,0.0,0.0,0.0,0.0,0.0,0.0,0.0,0.0,0.0,0.0,0.0,0.0,0.0,0.0,0.0,0.0,0.0,0.0,0.0
2006-05-19,1.0,0.0,0.0,0.0,0.0,0.0,0.0,0.0,0.0,0.0,0.0,0.0,0.0,0.0,0.0,0.0,0.0,0.0,0.0,0.0,0.0,0.0,0.0,0.0,0.0,0.0,0.0,0.0,0.0,0.0,0.0,0.0,0.0,0.0,0.0
2006-05-26,1.0,0.0,0.0,0.0,0.0,0.0,0.0,0.0,0.0,0.0,0.0,0.0,0.0,0.0,0.0,0.0,0.0,0.0,0.0,0.0,0.0,0.0,0.0,0.0,0.0,0.0,0.0,0.0,0.0,0.0,0.0,0.0,0.0,0.0,0.0
2006-06-02,1.0,0.0,0.0,0.0,0.0,0.0,0.0,0.0,0.0,0.0,0.0,0.0,0.0,0.0,0.0,0.0,0.0,0.0,0.0,0.0,0.0,0.0,0.0,0.0,0.0,0.0,0.0,0.0,0.0,0.0,0.0,0.0,0.0,0.0,0.0
2006-06-09,1.0,0.0,0.0,0.0,0.0,0.0,0.0,0.0,0.0,0.0,0.0,0.0,0.0,0.0,0.0,0.0,0.0,0.0,0.0,0.0,0.0,0.0,0.0,0.0,0.0,0.0,0.0,0.0,0.0,0.0,0.0,0.0,0.0,0.0,0.0
2006-06-16,1.0,0.0,0.0,0.0,0.0,0.0,0.0,0.0,0.0,0.0,0.0,0.0,0.0,0.0,0.0,0.0,0.0,0.0,0.0,0.0,0.0,0.0,0.0,0.0,0.0,0.0,0.0,0.0,0.0,0.0,0.0,0.0,0.0,0.0,0.0
2006-06-23,1.0,0.0,0.0,0.0,0.0,0.0,0.0,0.0,0.0,0.0,0.0,0.0,0.0,0.0,0.0,0.0,0.0,0.0,0.0,0.0,0.0,0.0,0.0,0.0,0.0,0.0,0.0,0.0,0.0,0.0,0.0,0.0,0.0,0.0,0.0
2006-06-30,0.4205519832730439,0.0,0.0,0.12730458242847612,0.0,0.17249649650563062,0.0,0.0,0.0,0.0,0.06195852721006426,0.0,0.0,0.0,0.0,0.0,0.016766613132909752,0.0,0.045191914077154505,0.0,0.0,0.0,0.0995651785318811,0.0,0.0,0.056164704840839776,0.0,0.0,0.0,0.0,0.0,0.0,0.0,0.0,0.0
2006-07-07,0.3245519832730439,0.0,0.0,0.1513045824284761,0.0,0.17249649650563062,0.0,0.0,0.0,0.0,0.06195852721006426,0.0,0.0,0.0,0.0,0.0,0.016766613132909752,0.0,0.045191914077154505,0.0,0.0,0.0,0.0995651785318811,0.024,0.0,0.056164704840839776,0.0,0.0,0.024,0.024,0.0,0.0,0.0,0.0,0.0
2006-07-14,0.3245519832730439,0.0,0.0,0.1513045824284761,0.0,0.17249649650563062,0.0,0.0,0.0,0.0,0.06195852721006426,0.0,0.0,0.0,0.0,0.0,0.016766613132909752,0.0,0.045191914077154505,0.0,0.0,0.0,0.0995651785318811,0.024,0.0,0.056164704840839776,0.0,0.0,0.024,0.024,0.0,0.0,0.0,0.0,0.0
2006-07-21,0.4205519832730439,0.0,0.0,0.12730458242847612,0.0,0.17249649650563062,0.0,0.0,0.0,0.0,0.06195852721006426,0.0,0.0,0.0,0.0,0.0,0.016766613132909752,0.0,0.045191914077154505,0.0,0.0,0.0,0.0995651785318811,0.0,0.0,0.056164704840839776,0.0,0.0,0.0,0.0,0.0,0.0,0.0,0.0,0.0
2006-07-28,0.3017747012471972,0.0,0.0,0.19568214129789566,0.057245267753703206,0.19514557226855778,0.0,0.0,0.0,0.0,0.03997348428912534,0.0,0.0,0.0,0.0,0.0,0.0,0.0,0.0,0.0,0.0,0.0,0.16881423781165691,0.0,0.0,0.04136459533186393,0.0,0.0,0.0,0.0,0.0,0.0,0.0,0.0,0.0
2006-08-04,0.2441747012471972,0.0,0.0,0.19410592454180542,0.0627918202299153,0.19343950334073867,0.0,0.0,0.0,0.0,0.03997348428912534,0.0,0.0,0.0,0.0,0.0,0.0,0.0,0.0,0.0,0.0,0.0,0.16654997101935415,0.0144,0.0,0.04136459533186393,0.0,0.0,0.0144,0.0144,0.0,0.0144,0.0,0.0,0.0
2006-08-11,0.2441747012471972,0.0,0.0,0.19193568431276506,0.061612179686295745,0.1960511302346165,0.0,0.0,0.0,0.0,0.03997348428912534,0.0,0.0,0.0,0.0,0.0,0.0,0.0,0.0,0.0,0.0,0.0,0.16728822489813625,0.0144,0.0,0.04136459533186393,0.0,0.0,0.0144,0.0144,0.0,0.0144,0.0,0.0,0.0
2006-08-18,0.2441747012471973,0.0,0.0,0.19052754123413673,0.03792255434924229,0.2088059995146391,0.0,0.0,0.0,0.0,0.03997348428912534,0.0,0.0,0.0,0.0,0.0,0.0,0.0,0.0,0.0,0.0,0.0,0.17963112403379541,0.0144,0.0,0.04136459533186393,0.0,0.0,0.0144,0.0144,0.0,0.0144,0.0,0.0,0.0
2006-08-25,0.19999999999999996,0.0,0.0,0.15020793491145046,0.05536341863614104,0.2008234000063695,0.0,0.0,0.0,0.0,0.036721697698471424,0.0,0.0,0.0,0.0,0.0,0.02055514395060408,0.0,0.02055514395060408,0.0,0.0,0.0,0.23638419366639543,0.00864,0.0,0.05346906717996405,0.0,0.0,0.0,0.00864,0.0,0.00864,0.0,0.0,0.0
2006-09-01,0.19999999999999996,0.0,0.0,0.1588730377101793,0.06611074589650691,0.19274214384722282,0.0,0.0,0.0,0.0,0.036721697698471424,0.0,0.0,0.0,0.0,0.0,0.02055514395060408,0.0,0.02055514395060408,0.0,0.0,0.0,0.2250530197664474,0.00864,0.0,0.05346906717996405,0.0,0.0,0.0,0.00864,0.0,0.00864,0.0,0.0,0.0
2006-09-08,0.19999999999999996,0.0,0.0,0.15609199025976778,0.055569628344998345,0.19115955083133346,0.0,0.0,0.0,0.0,0.036721697698471424,0.0,0.0,0.0,0.0,0.0,0.02055514395060408,0.0,0.02055514395060408,0.0,0.0,0.0,0.22342549331765235,0.00864,0.0,0.07000135164656852,0.0,0.0,0.0,0.00864,0.0,0.00864,0.0,0.0,0.0
2006-09-15,0.19999999999999996,0.0,0.0,0.14186271418345536,0.07126041991184848,0.18666885499436597,0.0,0.0,0.0,0.0,0.036721697698471424,0.0,0.0,0.0,0.0,0.0,0.02055514395060408,0.0,0.02055514395060408,0.0,0.0,0.0,0.1992489341570712,0.00864,0.0,0.09720709115357946,0.0,0.0,0.0,0.00864,0.0,0.00864,0.0,0.0,0.0
2006-09-22,0.19999999999999996,0.0,0.0,0.1523442249322544,0.06674154839654359,0.1783068901848091,0.0,0.0,0.0,0.0,0.036721697698471424,0.0,0.0,0.0,0.0,0.0,0.02055514395060408,0.0,0.02055514395060408,0.0,0.0,0.0,0.212132365072383,0.00864,0.0,0.08672298581433031,0.0,0.0,0.0,0.00864,0.0,0.00864,0.0,0.0,0.0
2006-09-29,0.19999999999999996,0.0,0.0,0.16661608412087386,0.003317486662456239,0.1712264098136548,0.0,0.0,0.0,0.0,0.074199808214713,0.0,0.0,0.0,0.0,0.0,0.0231600723889981,0.0,0.0231600723889981,0.0,0.0,0.0,0.2347843011782684,0.005183999999999999,0.0,0.08798376523203749,0.0,0.0,0.005183999999999999,0.0,0.0,0.005183999999999999,0.0,0.0,0.0
2006-10-06,0.20000000000000007,0.0,0.0,0.17132386754825152,0.0,0.15850750194260538,0.0,0.0,0.0,0.0,0.074199808214713,0.0,0.0,0.0,0.0,0.0,0.0297964418994337,0.0,0.0231600723889981,0.0,0.0,0.0,0.2517224179414786,0.005183999999999999,0.0,0.0757378900645197,0.0,0.0,0.005183999999999999,0.0,0.0,0.005183999999999999,0.0,0.0,0.0
2006-10-13,0.19999999999999996,0.0,0.0,0.14911402405628132,0.0,0.1569893181692251,0.0,0.0,0.0,0.0,0.074199808214713,0.0,0.0,0.0,0.0,0.0,0.031181594906726923,0.0,0.0231600723889981,0.0,0.0,0.0,0.2821931813816366,0.005183999999999999,0.0,0.06761000088241889,0.0,0.0,0.005183999999999999,0.0,0.0,0.005183999999999999,0.0,0.0,0.0
2006-10-20,0.19999999999999996,0.0,0.0,0.15785257275371534,0.0,0.10234127661343217,0.0,0.0,0.0,0.01122999773117109,0.074199808214713,0.0,0.0,0.0,0.0,0.0,0.07103673494584721,0.0,0.0231600723889981,0.0,0.0,0.0,0.2621924186297448,0.005183999999999999,0.0,0.08243511872237828,0.0,0.0,0.005183999999999999,0.0,0.0,0.005183999999999999,0.0,0.0,0.0
2006-10-27,0.04242507017292785,0.0,0.0,0.21555959906022842,0.0,0.11561503723653958,0.0,0.0,0.0,0.0,0.08687270190631527,0.0,0.0,0.0,0.0,0.0,0.1170498569390299,0.0,0.026529426442227635,0.0,0.0,0.0,0.3056756494049197,0.0037013759999999997,0.0,0.07916853083781164,0.0,0.0,0.0037013759999999997,0.0,0.0,0.0037013759999999997,0.0,0.0,0.0
2006-11-03,0.04242507017292774,0.0,0.0,0.21677391310729563,0.0,0.11561503723653958,0.0,0.0,0.0,0.0,0.08687270190631527,0.0,0.0,0.0,0.0,0.0,0.12409425325058676,0.0,0.0392881141386073,0.0,0.0,0.0,0.30855502041527566,0.0037013759999999997,0.0,0.05527176177245195,0.0,0.0,0.0037013759999999997,0.0,0.0,0.0037013759999999997,0.0,0.0,0.0
2006-11-10,0.04242507017292785,0.0,0.0,0.18800637395784572,0.0,0.11561503723653958,0.0,0.0,0.0,0.0,0.08687270190631527,0.0,0.0,0.0,0.0,0.0,0.13421602850206962,0.0,0.026529426442227635,0.0,0.0,0.0,0.32781200535823113,0.0037013759999999997,0.0,0.06741922842384315,0.0,0.0,0.0037013759999999997,0.0,0.0,0.0037013759999999997,0.0,0.0,0.0
2006-11-17,0.04242507017292796,0.0,0.0,0.1924728841434969,0.0,0.11561503723653958,0.0,0.0,0.0,0.052035004781949015,0.08687270190631527,0.0,0.0,0.005201274210493268,0.0,0.0,0.08738251889153784,0.0,0.026529426442227635,0.0,0.0,0.0,0.30635542048976144,0.0037013759999999997,0.0,0.07400653372475109,0.0,0.0,0.0037013759999999997,0.0,0.0,0.0037013759999999997,0.0,0.0,0.0
2006-11-24,0.0,0.0,0.0,0.2519318466999034,0.0,0.008579786492648987,0.0,0.0,0.0,0.03451281535317348,0.11454142564580322,0.0,0.0,0.0,0.0,0.0,0.24099305667193513,0.0,0.008579786492648987,0.0,0.0,0.0,0.2837412303661035,0.0,0.0,0.05712005227778337,0.0,0.0,0.0,0.0,0.0,0.0,0.0,0.0,0.0
2006-12-01,0.0,0.0,0.0,0.27466108657810623,0.0,0.008579786492648987,0.0,0.0,0.0,0.025812898044495707,0.11454142564580322,0.0,0.0,0.0,0.0,0.0,0.2087561345136837,0.0,0.008579786492648987,0.0,0.0,0.0,0.2918827466878554,0.0,0.0,0.06718613554475773,0.0,0.0,0.0,0.0,0.0,0.0,0.0,0.0,0.0
2006-12-08,0.0,0.0,0.0,0.27601097111675144,0.0,0.03600628116029057,0.0,0.0,0.0,0.0,0.11454142564580322,0.0,0.0,0.0,0.0,0.0,0.17154043077070227,0.0,0.008579786492648987,0.0,0.0,0.0,0.2771161951461156,0.0,0.0,0.11620490966768783,0.0,0.0,0.0,0.0,0.0,0.0,0.0,0.0,0.0
2006-12-15,1.1102230246251565e-16,0.0,0.0,0.2977402541471506,0.0,0.032092845420545704,0.0,0.0,0.0,0.0,0.11454142564580322,0.0,0.0,0.0,0.0,0.0,0.1231212121384522,0.0,0.008579786492648987,0.0,0.0,0.0,0.2645519981721649,0.0,0.0,0.15937247798323434,0.0,0.0,0.0,0.0,0.0,0.0,0.0,0.0,0.0
2006-12-22,0.0,0.0,0.0,0.24942277317329536,0.0,0.06976570535949413,0.0,0.0,0.0,0.0356575002318702,0.11454142564580322,0.0,0.0,0.0,0.0,0.0,0.1231212121384522,0.0,0.008579786492648987,0.0,0.0,0.0,0.2577887184856587,0.0,0.0,0.14112287847277716,0.0,0.0,0.0,0.0,0.0,0.0,0.0,0.0,0.0
2006-12-29,1.1102230246251565e-16,0.0,0.0,0.1928405695254863,0.0,0.22279859813343908,0.0,0.0,0.0,0.005369003209876054,0.11517893797358972,0.0,0.0,0.015437720836111527,0.0,0.0,0.010357273715931996,0.0,0.010357273715931996,0.0,0.0,0.0,0.28573811264652216,0.0,0.0,0.14192251024311098,0.0,0.0,0.0,0.0,0.0,0.0,0.0,0.0,0.0
2007-01-05,0.0,0.0,0.0,0.23656561189699446,0.0,0.1784905153608214,0.0,0.0,0.0,0.0,0.11517893797358972,0.0,0.0,0.0,0.0,0.0,0.03965397638964258,0.0,0.010357273715931996,0.0,0.0,0.0,0.2834552866528266,0.0,0.0,0.13629839801019328,0.0,0.0,0.0,0.0,0.0,0.0,0.0,0.0,0.0
2007-01-12,0.0,0.0,0.0,0.23165880022312527,0.0,0.14133401968248363,0.0,0.0,0.0,0.016899849690166512,0.11517893797358972,0.0,0.0,0.0,0.0,0.0,0.06276658496900316,0.0,0.010357273715931996,0.0,0.0,0.0,0.2757350144796902,0.0,0.0,0.14606951926600953,0.0,0.0,0.0,0.0,0.0,0.0,0.0,0.0,0.0
2007-01-19,0.0,0.0,0.0,0.24150615736816758,0.0,0.14133401968248363,0.0,0.0,0.0,0.005295273805613343,0.11517893797358972,0.0,0.0,0.0,0.0,0.0,0.07904691684440085,0.0,0.010357273715931996,0.0,0.0,0.0,0.2675022138140717,0.0,0.0,0.1397792067957413,0.0,0.0,0.0,0.0,0.0,0.0,0.0,0.0,0.0
2007-01-26,2.220446049250313e-16,0.0,0.0,0.2775299949271758,0.0,0.010907237067135651,0.0,0.0,0.0,0.0,0.10599790012247338,0.0,0.0,0.0,0.0,0.0,0.07619502071892859,0.0,0.11690513718960904,0.0,0.0,0.0,0.2349474172145574,0.0,0.0,0.17751729276011988,0.0,0.0,0.0,0.0,0.0,0.0,0.0,0.0,0.0
2007-02-02,2.220446049250313e-16,0.0,0.0,0.27704276331146777,0.0,0.010907237067135651,0.0,0.0,0.0,0.0,0.10599790012247338,0.0,0.0,0.0,0.0,0.0,0.07509572898019867,0.0,0.11690513718960904,0.0,0.0,0.0,0.24979539278101787,0.0,0.0,0.16425584054809741,0.0,0.0,0.0,0.0,0.0,0.0,0.0,0.0,0.0
2007-02-09,2.220446049250313e-16,0.0,0.0,0.2733814184843588,0.0,0.010907237067135651,0.0,0.0,0.0,0.0,0.10599790012247338,0.0,0.0,0.02512758924005861,0.0,0.0,0.08043137577053067,0.0,0.11690513718960904,0.0,0.0,0.0,0.26911074042834265,0.0,0.0,0.11813860169749099,0.0,0.0,0.0,0.0,0.0,0.0,0.0,0.0,0.0
2007-02-16,1.1102230246251565e-16,0.0,0.0,0.24916875826807433,0.0,0.010907237067135651,0.0,0.0,0.0,0.005278087281959405,0.10599790012247338,0.0,0.0,0.0962432910223794,0.0,0.0,0.0777859795412437,0.0,0.11690513718960904,0.0,0.0,0.0,0.2534542663604153,0.0,0.0,0.08425934314670966,0.0,0.0,0.0,0.0,0.0,0.0,0.0,0.0,0.0
2007-02-23,0.06514943702343357,0.0,0.0,0.27527486771531934,0.0,0.010882228398764057,0.0,0.0,0.0,0.0,0.11995871204577715,0.0,0.0,0.0,0.0,0.0,0.11734916432860211,0.0,0.08197886267696611,0.0,0.0,0.0,0.22236524504398442,0.0,0.0,0.10704148276715335,0.0,0.0,0.0,0.0,0.0,0.0,0.0,0.0,0.0
2007-03-02,0.06514943702343345,0.0,0.0,0.25127738705165376,0.0,0.010882228398764057,0.0,0.0,0.0,0.0,0.11995871204577715,0.0,0.0,0.0,0.0,0.0,0.1216067417379074,0.0,0.08197886267696611,0.0,0.0,0.0,0.2443297025798462,0.0,0.0,0.10481692848565184,0.0,0.0,0.0,0.0,0.0,0.0,0.0,0.0,0.0
2007-03-09,0.06514943702343345,0.0,0.0,0.24488654634821283,0.0,0.010882228398764057,0.0,0.0,0.0,0.0,0.11995871204577715,0.0,0.0,0.0,0.0,0.0,0.12337224668740156,0.0,0.08197886267696611,0.0,0.0,0.0,0.24709764027139658,0.0,0.0,0.10667432654804827,0.0,0.0,0.0,0.0,0.0,0.0,0.0,0.0,0.0
2007-03-16,0.06514943702343345,0.0,0.0,0.26566389166782284,0.0,0.02933462624055819,0.0,0.0,0.0,0.013965327034908505,0.11995871204577715,0.0,0.0,0.0,0.0,0.0,0.06666702442537088,0.0,0.08197886267696611,0.0,0.0,0.0,0.24492282731058518,0.0,0.0,0.11235929157457765,0.0,0.0,0.0,0.0,0.0,0.0,0.0,0.0,0.0
2007-03-23,0.06514943702343357,0.0,0.0,0.24045857715160251,0.0,0.06550694016597439,0.0,0.0,0.0,0.013122431386931411,0.11995871204577715,0.0,0.0,0.0,0.0,0.0,0.06593534356525213,0.0,0.08197886267696611,0.0,0.0,0.0,0.24216713190983807,0.0,0.0,0.10572256407422471,0.0,0.0,0.0,0.0,0.0,0.0,0.0,0.0,0.0
2007-03-30,0.22036089304516526,0.0,0.0,0.1605947248623882,0.0,0.13157408641885227,0.0,0.0,0.0,0.026278207807983116,0.09418744200493306,0.0,0.0,0.011032668587512773,0.0,0.0,0.034226038984444485,0.0,0.034226038984444485,0.0,0.0,0.0,0.20024007091948898,0.0,0.0,0.08727982838478726,0.0,0.0,0.0,0.0,0.0,0.0,0.0,0.0,0.0
2007-04-06,0.22036089304516526,0.0,0.0,0.1490726571771174,0.0,0.09940525402530882,0.0,0.0,0.0,0.0,0.15622439722081313,0.0,0.0,0.0,0.0,0.0,0.04653957150295979,0.0,0.09252723819641613,0.0,0.0,0.0,0.1826271871742658,0.0,0.0,0.05324280165795359,0.0,0.0,0.0,0.0,0.0,0.0,0.0,0.0,0.0
2007-04-13,0.22036089304516537,0.0,0.0,0.16897567561441781,0.0,0.12355750649672158,0.0,0.0,0.0,0.004378255283226554,0.09418744200493306,0.0,0.0,0.0,0.0,0.0,0.06397682349766096,0.0,0.034226038984444485,0.0,0.0,0.0,0.2109298032948835,0.0,0.0,0.0794075617785467,0.0,0.0,0.0,0.0,0.0,0.0,0.0,0.0,0.0
2007-04-20,0.22036089304516526,0.0,0.0,0.15514651800790827,0.0,0.1054969837219858,0.0,0.0,0.0,0.0,0.09418744200493306,0.0,0.0,0.0,0.0,0.0,0.06491067214373515,0.0,0.11249849188000846,0.0,0.0,0.0,0.18060907042882612,0.0,0.0,0.06678992876743785,0.0,0.0,0.0,0.0,0.0,0.0,0.0,0.0,0.0
2007-04-27,0.1113577981845355,0.05029411263724213,0.0,0.18543753582340003,0.0,0.011241426699071915,0.0,0.0,0.0,0.0394868665788588,0.12336391330994884,0.0,0.0,0.004077513476608106,0.0,0.0,0.05480633918666308,0.0,0.13460534000902075,0.0,0.0,0.0,0.2210190905273813,0.0,0.0,0.06431006356726951,0.0,0.0,0.0,0.0,0.0,0.0,0.0,0.0,0.0
2007-05-04,0.1113577981845354,0.05029411263724213,0.0,0.19334931953637272,0.0,0.011241426699071915,0.0,0.0,0.0,0.03418004655380455,0.12336391330994884,0.0,0.0,0.0,0.0,0.0,0.04504672346038289,0.0,0.13460534000902075,0.0,0.0,0.0,0.2119407653758115,0.0,0.0,0.0846205542338093,0.0,0.0,0.0,0.0,0.0,0.0,0.0,0.0,0.0
2007-05-11,0.11135779818453562,0.05029411263724213,0.0,0.18970972931133573,0.0,0.011241426699071915,0.0,0.0,0.0,0.0,0.12336391330994884,0.0,0.0,0.030696968245154645,0.0,0.0,0.056766053242685736,0.0,0.13460534000902075,0.0,0.0,0.0,0.20961335894355201,0.0,0.0,0.08235129941745273,0.0,0.0,0.0,0.0,0.0,0.0,0.0,0.0,0.0
2007-05-18,0.1113577981845354,0.05029411263724213,0.0,0.18872041515310478,0.0,0.011241426699071915,0.0,0.0,0.0,0.04340372601314299,0.12336391330994884,0.0,0.0,0.013383502141395649,0.0,0.0,0.032019387502543045,0.0,0.13460534000902075,0.0,0.0,0.0,0.20258199381022632,0.0,0.0,0.08902838453976812,0.0,0.0,0.0,0.0,0.0,0.0,0.0,0.0,0.0
2007-05-25,0.10913323752378434,0.0,0.0,0.24139727623401824,0.0,0.014113262741289448,0.0,0.0,0.0,0.0049762639488011165,0.1196011158801185,0.0,0.0,0.0,0.0,0.0,0.05829696150176916,0.0,0.13371437862140795,0.0,0.0,0.0,0.19671045402454523,0.0,0.0,0.12205704952426594,0.0,0.0,0.0,0.0,0.0,0.0,0.0,0.0,0.0
2007-06-01,0.10913323752378445,0.0,0.0,0.24774607367836404,0.0,0.014113262741289448,0.0,0.0,0.0,0.0,0.1196011158801185,0.0,0.0,0.05498213735931953,0.0,0.0,0.04759192918260771,0.0,0.13371437862140795,0.0,0.0,0.0,0.14648157716229104,0.0,0.0,0.12663628785081732,0.0,0.0,0.0,0.0,0.0,0.0,0.0,0.0,0.0
2007-06-08,0.10913323752378445,0.0,0.0,0.25019184384053544,0.0,0.014113262741289448,0.0,0.0,0.0,0.0,0.1196011158801185,0.0,0.0,0.05835723990381724,0.0,0.0,0.04853900826225877,0.0,0.13371437862140795,0.0,0.0,0.0,0.13466456822430273,0.0,0.0,0.1316853450024855,0.0,0.0,0.0,0.0,0.0,0.0,0.0,0.0,0.0
2007-06-15,0.10913323752378445,0.0,0.0,0.25717967480805365,0.0,0.014113262741289448,0.0,0.0,0.0,0.005171529338462535,0.1196011158801185,0.0,0.0,0.055550001973881824,0.0,0.0,0.04676894323522905,0.0,0.13371437862140795,0.0,0.0,0.0,0.13466456822430273,0.0,0.0,0.12410328765346988,0.0,0.0,0.0,0.0,0.0,0.0,0.0,0.0,0.0
2007-06-22,0.10913323752378434,0.0,0.0,0.24829043551067703,0.0,0.014113262741289448,0.0,0.0,0.0,0.0,0.1196011158801185,0.0,0.0,0.03875317794299455,0.0,0.0,0.07420974803358457,0.0,0.13371437862140795,0.0,0.0,0.0,0.13466456822430273,0.0,0.0,0.1275200755218408,0.0,0.0,0.0,0.0,0.0,0.0,0.0,0.0,0.0
2007-06-29,0.11227277367199817,0.0,0.0,0.2556425034721008,0.0,0.020068360191047574,0.05098290894129223,0.0,0.0,0.0052353974476804154,0.12304388552685239,0.0,0.0,0.037589748327642496,0.0,0.0,0.14038013427653126,0.0,0.12304388552685239,0.0,0.0,0.0,0.0,0.0,0.0,0.13174040261800216,0.0,0.0,0.0,0.0,0.0,0.0,0.0,0.0,0.0
2007-07-06,0.11227277367199828,0.0,0.0,0.24618285041884683,0.0,0.020068360191047574,0.05098290894129223,0.0,0.0,0.01413935039105777,0.12304388552685239,0.0,0.0,0.05220070445840153,0.0,0.0,0.13697034163086944,0.0,0.12304388552685239,0.0,0.0,0.0,0.0,0.0,0.0,0.12109493924278154,0.0,0.0,0.0,0.0,0.0,0.0,0.0,0.0,0.0
2007-07-13,0.11227277367199828,0.0,0.0,0.23988326513642058,0.0,0.020068360191047574,0.05098290894129223,0.0,0.0,0.031602524963919305,0.12304388552685239,0.0,0.0,0.04977848786272373,0.0,0.0,0.13521393601312431,0.0,0.12304388552685239,0.0,0.0,0.0,0.0,0.0,0.0,0.11410997216576926,0.0,0.0,0.0,0.0,0.0,0.0,0.0,0.0,0.0
2007-07-20,0.1122727736719984,0.0,0.0,0.23168816900935835,0.0,0.020068360191047574,0.05098290894129223,0.0,0.0,0.03252545318019012,0.12304388552685239,0.0,0.0,0.054105802837293195,0.0,0.0,0.13602160141006764,0.0,0.12304388552685239,0.0,0.0,0.0,0.0,0.0,0.0,0.1162471597050478,0.0,0.0,0.0,0.0,0.0,0.0,0.0,0.0,0.0
2007-07-27,0.2563371188935184,0.0,0.0,0.139055823827602,0.0,0.027689621345412085,0.09818523334792584,0.0,0.0,0.027704781352191687,0.09818523334792584,0.0,0.0,0.04972492988201083,0.0,0.0,0.09888407094413149,0.0,0.09818523334792584,0.0,0.0,0.0,0.0,0.0,0.0,0.10604795371135606,0.0,0.0,0.0,0.0,0.0,0.0,0.0,0.0,0.0
2007-08-03,0.2563371188935184,0.0,0.0,0.15180241736616082,0.0,0.027689621345412085,0.09818523334792584,0.0,0.0,0.02730220269079849,0.09818523334792584,0.0,0.0,0.04045742888605451,0.0,0.0,0.09863299395868591,0.0,0.09818523334792584,0.0,0.0,0.0,0.0,0.0,0.0,0.1032225168155923,0.0,0.0,0.0,0.0,0.0,0.0,0.0,0.0,0.0
2007-08-10,0.2563371188935184,0.0,0.0,0.13778024346435563,0.0,0.027689621345412085,0.09818523334792584,0.0,0.0,0.02621302032637464,0.09818523334792584,0.0,0.0,0.05533642937727077,0.0,0.0,0.09864481614045884,0.0,0.09818523334792584,0.0,0.0,0.0,0.0,0.0,0.0,0.10344305040883214,0.0,0.0,0.0,0.0,0.0,0.0,0.0,0.0,0.0
2007-08-17,0.2563371188935184,0.0,0.0,0.13955075005915146,0.0,0.027689621345412085,0.09818523334792584,0.0,0.0,0.021569819834826906,0.09818523334792584,0.0,0.0,0.05770737168284295,0.0,0.0,0.09936961443582114,0.0,0.09818523334792584,0.0,0.0,0.0,0.0,0.0,0.0,0.10322000370464954,0.0,0.0,0.0,0.0,0.0,0.0,0.0,0.0,0.0
2007-08-24,0.2563371188935184,0.0,0.0,0.14106712122085777,0.0,0.027689621345412085,0.09818523334792584,0.0,0.0,0.003458466021012932,0.09818523334792584,0.0,0.0,0.06134100469477086,0.0,0.0,0.10954781821539541,0.0,0.09818523334792584,0.0,0.0,0.0,0.0,0.0,0.0,0.10600314956525506,0.0,0.0,0.0,0.0,0.0,0.0,0.0,0.0,0.0
2007-08-31,0.6769883523876552,0.0,0.0,0.06527410391638944,0.0,0.013969866215904257,0.036555524558754396,0.0,0.0,0.0,0.036555524558754396,0.0,0.0,0.04012419911991787,0.0,0.0,0.032050286342243245,0.0,0.05052539077465865,0.0,0.0,0.0,0.0,0.0,0.0,0.04795675212572257,0.0,0.0,0.0,0.0,0.0,0.0,0.0,0.0,0.0
2007-09-07,0.6769883523876552,0.0,0.0,0.06706645322543747,0.0,0.025111892195124625,0.036555524558754396,0.0,0.0,0.0,0.036555524558754396,0.0,0.0,0.037700648387960306,0.0,0.0,0.023192380015139104,0.0,0.05052539077465865,0.0,0.0,0.0,0.0,0.0,0.0,0.04630383389651587,0.0,0.0,0.0,0.0,0.0,0.0,0.0,0.0,0.0
2007-09-14,0.6769883523876552,0.0,0.0,0.057329192940600696,0.0,0.02692112580784746,0.036555524558754396,0.0,0.0,0.0,0.036555524558754396,0.0,0.0,0.04183552192128953,0.0,0.0,0.023192380015139104,0.0,0.05052539077465865,0.0,0.0,0.0,0.0,0.0,0.0,0.050096987035300584,0.0,0.0,0.0,0.0,0.0,0.0,0.0,0.0,0.0
2007-09-21,0.6769883523876551,0.0,0.0,0.04938408790632453,0.0,0.03455145034887234,0.036555524558754396,0.0,0.0,0.0,0.036555524558754396,0.0,0.0,0.04027516658636089,0.0,0.0,0.023192380015139104,0.0,0.05052539077465865,0.0,0.0,0.0,0.0,0.0,0.0,0.05197212286348054,0.0,0.0,0.0,0.0,0.0,0.0,0.0,0.0,0.0
2007-09-28,0.08835399828478108,0.0,0.0,0.13303103341642167,0.0,0.038548150608922624,0.1292147591899447,0.0,0.0,0.0,0.09982904019456883,0.0,0.0,0.1370935876265147,0.0,0.0,0.05527200367338052,0.0,0.1292147591899447,0.0,0.0,0.0,0.0,0.0,0.0,0.09873947170671378,0.0,0.0,0.0,0.03023439870293582,0.03023439870293582,0.03023439870293582,0.0,0.0,0.0
2007-10-05,0.08835399828478108,0.0,0.0,0.13232312302853377,0.0,0.04434855781544495,0.1292147591899447,0.0,0.0,0.0,0.09982904019456883,0.0,0.0,0.13489163193302456,0.0,0.0,0.05513950126987342,0.0,0.1292147591899447,0.0,0.0,0.0,0.0,0.0,0.0,0.09598143298507657,0.0,0.0,0.0,0.03023439870293582,0.03023439870293582,0.03023439870293582,0.0,0.0,0.0
2007-10-12,0.08835399828478097,0.0,0.0,0.10753422257863568,0.0,0.07460091432141551,0.1292147591899447,0.0,0.0,0.0,0.09982904019456883,0.0,0.0,0.10806191271141698,0.0,0.0,0.051778961495561514,0.0,0.16325292678908387,0.0,0.0,0.0,0.0,0.0,0.0,0.08667006832578446,0.0,0.0,0.0,0.03023439870293582,0.03023439870293582,0.03023439870293582,0.0,0.0,0.0
2007-10-19,0.08835399828478097,0.0,0.0,0.10753422257863568,0.0,0.07239096629614242,0.1292147591899447,0.0,0.0,0.0,0.09982904019456883,0.0,0.0,0.10760121033857073,0.0,0.0,0.051778961495561514,0.0,0.1663028539343787,0.0,0.0,0.0,0.0,0.0,0.0,0.08629079157860896,0.0,0.0,0.0,0.03023439870293582,0.03023439870293582,0.03023439870293582,0.0,0.0,0.0
2007-10-26,0.672604724690951,0.0,0.0,0.025790034651416223,0.0,0.07748895962181324,0.046739268221776265,0.0,0.0,0.0,0.03338701077135373,0.0,0.0,0.014333287723733086,0.0,0.0,0.014616975209370057,0.0,0.046739268221776265,0.0,0.0,0.0,0.0,0.0,0.0,0.03839044148526984,0.0,0.007477507350635088,0.0,0.007477507350635088,0.007477507350635088,0.007477507350635088,0.0,0.0,0.0
2007-11-02,0.672604724690951,0.0,0.0,0.029448201101123016,0.0,0.07274099883101962,0.046739268221776265,0.0,0.0,0.0,0.03338701077135373,0.0,0.0,0.015331766268208761,0.0,0.0,0.014483715857069868,0.0,0.046739268221776265,0.0,0.0,0.0,0.0,0.0,0.0,0.038615016634181175,0.0,0.007477507350635088,0.0,0.007477507350635088,0.007477507350635088,0.007477507350635088,0.0,0.0,0.0
2007-11-09,0.672604724690951,0.0,0.0,0.029873149602506695,0.0,0.06750935638061946,0.046739268221776265,0.0,0.0,0.0,0.03338701077135373,0.0,0.0,0.016678494667924045,0.0,0.0,0.016867936523048226,0.0,0.046739268221776265,0.0,0.0,0.0,0.0,0.0,0.0,0.03969076151750402,0.0,0.007477507350635088,0.0,0.007477507350635088,0.007477507350635088,0.007477507350635088,0.0,0.0,0.0
2007-11-16,0.7025147540934913,0.0,0.0,0.03093634374339164,0.0,0.06878489872137294,0.046739268221776265,0.0,0.0,0.0,0.03338701077135373,0.0,0.0,0.01662097692332811,0.0,0.0,0.01650346020838306,0.0,0.046739268221776265,0.0,0.0,0.0,0.0,0.0,0.0,0.037774019095126676,0.0,0.0,0.0,0.0,0.0,0.0,0.0,0.0,0.0
2007-11-23,0.7025147540934913,0.0,0.0,0.03155936317234681,0.0,0.07327474314579506,0.046739268221776265,0.0,0.0,0.0,0.03338701077135373,0.0,0.0,0.014067734383564115,0.0,0.0,0.013352257450422535,0.0,0.046739268221776265,0.0,0.0,0.0,0.0,0.0,0.0,0.03836560053947392,0.0,0.0,0.0,0.0,0.0,0.0,0.0,0.0,0.0
2007-11-30,0.700451957874225,0.0,0.0,0.06040145940690329,0.0,0.043633087354175135,0.03602607132874687,0.0,0.0,0.0,0.03602607132874687,0.0,0.0,0.027667321291428605,0.0,0.0,0.011106568877478946,0.0,0.04109721383342601,0.0,0.0,0.0,0.0,0.0,0.0,0.0435902487048693,0.0,0.0,0.0,0.0,0.0,0.0,0.0,0.0,0.0
2007-12-07,0.6825059402327008,0.0,0.0,0.05974756989952909,0.0,0.04512715225012619,0.03602607132874687,0.0,0.0,0.0,0.03602607132874687,0.0,0.0,0.03285432849467532,0.0,0.0,0.011106568877478946,0.0,0.04109721383342601,0.0,0.0,0.0,0.0,0.0,0.0,0.04204957052342677,0.004486504410381053,0.0,0.0,0.004486504410381053,0.004486504410381053,0.0,0.0,0.0,0.0
2007-12-14,0.6825059402327007,0.0,0.0,0.058343396652193166,0.0,0.05109683627623063,0.03602607132874687,0.0,0.0,0.0,0.03602607132874687,0.0,0.0,0.026116962436004997,0.0,0.0,0.011106568877478946,0.0,0.04109721383342601,0.0,0.0,0.0,0.0,0.0,0.0,0.04422142580332861,0.004486504410381053,0.0,0.0,0.004486504410381053,0.004486504410381053,0.0,0.0,0.0,0.0
2007-12-21,0.700451957874225,0.0,0.0,0.05082826195776302,0.0,0.04814919474229666,0.03602607132874687,0.0,0.0,0.0,0.03602607132874687,0.0,0.0,0.024611796447092302,0.0,0.0,0.011106568877478946,0.0,0.05072238785849473,0.0,0.0,0.0,0.0,0.0,0.0,0.042077689585155634,0.0,0.0,0.0,0.0,0.0,0.0,0.0,0.0,0.0
2007-12-28,0.27150707691841314,0.0,0.0,0.04036857029366632,0.0,0.18935638146316672,0.12066539781675582,0.0,0.0,0.0,0.10264249681193784,0.0,0.0,0.010651675220447736,0.0,0.0,0.01802290100481799,0.0,0.17241465881951473,0.0,0.0,0.0,0.0,0.0,0.0,0.06898703635882247,0.0,0.0,0.0,0.0,0.0,0.005383805292457262,0.0,0.0,0.0
2008-01-04,0.2876584927957848,0.0,0.0,0.03498476500120906,0.0,0.1773985365672218,0.12066539781675582,0.0,0.0,0.0,0.10264249681193784,0.0,0.0,0.019840471978396276,0.0,0.0,0.01802290100481799,0.0,0.17036701778415564,0.0,0.0,0.0,0.0,0.0,0.0,0.06841992023972072,0.0,0.0,0.0,0.0,0.0,0.0,0.0,0.0,0.0
2008-01-11,0.2876584927957848,0.0,0.0,0.03498476500120906,0.0,0.19082799961198144,0.12066539781675582,0.0,0.0,0.0,0.10264249681193784,0.0,0.0,0.017221659791945083,0.0,0.0,0.01802290100481799,0.0,0.14681921569300552,0.0,0.0,0.0,0.0,0.0,0.0,0.0811570714725624,0.0,0.0,0.0,0.0,0.0,0.0,0.0,0.0,0.0
2008-01-18,0.2876584927957848,0.0,0.0,0.03498476500120906,0.0,0.19806591753899225,0.12066539781675582,0.0,0.0,0.0,0.10264249681193784,0.0,0.0,0.006843677102909163,0.0,0.0,0.01802290100481799,0.0,0.16611024829404344,0.0,0.0,0.0,0.0,0.0,0.0,0.06500610363354956,0.0,0.0,0.0,0.0,0.0,0.0,0.0,0.0,0.0
2008-01-25,0.6984728142360696,0.026822672676877407,0.0,0.008034713779333319,0.0,0.06175165773559707,0.03920893681525906,0.0,0.0,0.0,0.03920893681525906,0.0,0.0,0.02757857166520908,0.0,0.0,0.0,0.0,0.05836170122975061,0.0,0.0,0.0,0.0,0.0,0.0,0.04055999504664484,0.0,0.0,0.0,0.0,0.0,0.0,0.0,0.0,0.0
2008-02-01,0.6984728142360696,0.026822672676877407,0.0,0.008034713779333319,0.0,0.058064324085156244,0.03920893681525906,0.0,0.0,0.0,0.03920893681525906,0.0,0.0,0.015641765886117296,0.0,0.0,0.0,0.0,0.0774398109241285,0.0,0.0,0.0,0.0,0.0,0.0,0.03710602478179956,0.0,0.0,0.0,0.0,0.0,0.0,0.0,0.0,0.0
2008-02-08,0.6984728142360696,0.026822672676877407,0.0,0.008034713779333319,0.0,0.05456612222266417,0.03920893681525906,0.0,0.0,0.0,0.03920893681525906,0.0,0.0,0.012386264138381656,0.0,0.0,0.0,0.0,0.08456959683071678,0.0,0.0,0.0,0.0,0.0,0.0,0.03672994248543898,0.0,0.0,0.0,0.0,0.0,0.0,0.0,0.0,0.0
2008-02-15,0.6984728142360696,0.026822672676877407,0.0,0.008034713779333319,0.0,0.057234050111844154,0.03920893681525906,0.0,0.0,0.0,0.03920893681525906,0.0,0.0,0.012386264138381656,0.0,0.0,0.0,0.0,0.08061955079370947,0.0,0.0,0.0,0.0,0.0,0.0,0.038012060633266315,0.0,0.0,0.0,0.0,0.0,0.0,0.0,0.0,0.0
2008-02-22,0.6984728142360696,0.026822672676877407,0.0,0.008034713779333319,0.0,0.04481872487880217,0.03920893681525906,0.0,0.0,0.0,0.05585194464946213,0.0,0.0,0.012386264138381656,0.0,0.0,0.0,0.0,0.08384363739468625,0.0,0.0,0.0,0.0,0.0,0.0,0.030560291431128456,0.0,0.0,0.0,0.0,0.0,0.0,0.0,0.0,0.0
2008-02-29,0.7003541246282131,0.039871795766068835,0.0,0.0,0.0,0.041896962895013067,0.039871795766068835,0.0,0.0,0.0,0.06385335558009972,0.0,0.0,0.0,0.0,0.0,0.0,0.0,0.08827798690422992,0.0,0.0,0.0,0.0,0.0,0.0,0.02587397846030652,0.0,0.0,0.0,0.0,0.0,0.0,0.0,0.0,0.0
2008-03-07,0.7003541246282131,0.039871795766068835,0.0,0.0,0.0,0.04997983809689043,0.039871795766068835,0.0,0.0,0.0,0.04839423413065549,0.0,0.0,0.0,0.0,0.0,0.0,0.0,0.09058094383544428,0.0,0.0,0.0,0.0,0.0,0.0,0.03094726777665903,0.0,0.0,0.0,0.0,0.0,0.0,0.0,0.0,0.0
2008-03-14,0.7003541246282131,0.039871795766068835,0.0,0.0,0.0,0.044812535018956844,0.039871795766068835,0.0,0.0,0.0,0.06482250451143053,0.0,0.0,0.0,0.0,0.0,0.0,0.0,0.08399124610466029,0.0,0.0,0.0,0.0,0.0,0.0,0.026275998204601563,0.0,0.0,0.0,0.0,0.0,0.0,0.0,0.0,0.0
2008-03-21,0.7003541246282131,0.039871795766068835,0.0,0.0,0.0,0.04558982604357607,0.039871795766068835,0.0,0.0,0.0,0.05390256891697317,0.0,0.0,0.0,0.0,0.0,0.0,0.0,0.08734714823843916,0.0,0.0,0.0,0.0,0.0,0.0,0.03306274064066082,0.0,0.0,0.0,0.0,0.0,0.0,0.0,0.0,0.0
2008-03-28,0.7023649016624748,0.01346680162371025,0.0,0.0,0.0,0.07588505731687234,0.04023292452116754,0.0,0.0,0.0,0.05461172054211752,0.0,0.0,0.0,0.0,0.0,0.0,0.0,0.09684721389066026,0.0,0.0,0.0,0.0,0.0,0.0,0.016591380442997287,0.0,0.0,0.0,0.0,0.0,0.0,0.0,0.0,0.0
2008-04-04,0.7023649016624748,0.01346680162371025,0.0,0.0,0.0,0.07508461390062744,0.04023292452116754,0.0,0.0,0.0,0.05906401853103154,0.0,0.0,0.0,0.0,0.0,0.0,0.0,0.09608739356151108,0.0,0.0,0.0,0.0,0.0,0.0,0.01369934619947736,0.0,0.0,0.0,0.0,0.0,0.0,0.0,0.0,0.0
2008-04-11,0.7023649016624748,0.01346680162371025,0.0,0.0,0.0,0.07434467549394927,0.04023292452116754,0.0,0.0,0.0,0.06343664158604802,0.0,0.0,0.0,0.0,0.0,0.0,0.0,0.09533248049543012,0.0,0.0,0.0,0.0,0.0,0.0,0.010821574617220005,0.0,0.0,0.0,0.0,0.0,0.0,0.0,0.0,0.0
2008-04-18,0.7023649016624748,0.01346680162371025,0.0,0.0,0.0,0.07370865653491616,0.04023292452116754,0.0,0.0,0.0,0.06569170208469144,0.0,0.0,0.0,0.0,0.0,0.0,0.0,0.09634759011639636,0.0,0.0,0.0,0.0,0.0,0.0,0.00818742345664344,0.0,0.0,0.0,0.0,0.0,0.0,0.0,0.0,0.0
2008-04-25,0.6407914182986101,0.029546951975103826,0.0,0.0,0.0,0.09081052573272223,0.034778472002684684,0.0,0.0,0.0,0.07556347373609762,0.0,0.0,0.0,0.0,0.0,0.0,0.0,0.10178378784617335,0.0,0.0,0.0,0.011285249546107105,0.0,0.0,0.015440120862501107,0.0,0.0,0.0,0.0,0.0,0.0,0.0,0.0,0.0
2008-05-02,0.6407914182986101,0.029546951975103826,0.0,0.0,0.0,0.08976060389726286,0.034778472002684684,0.0,0.0,0.0,0.07587250900768563,0.0,0.0,0.0,0.0,0.0,0.0,0.0,0.10338928772518631,0.0,0.0,0.0,0.008071614312121151,0.0,0.0,0.017789142781345458,0.0,0.0,0.0,0.0,0.0,0.0,0.0,0.0,0.0
2008-05-09,0.6407914182986101,0.029546951975103826,0.0,0.0,0.0,0.09961808478557217,0.034778472002684684,0.0,0.0,0.0,0.060224376997550205,0.0,0.0,0.0,0.0,0.0,0.0,0.0,0.10585574830114029,0.0,0.0,0.0,0.008071614312121151,0.0,0.0,0.02111333332721762,0.0,0.0,0.0,0.0,0.0,0.0,0.0,0.0,0.0
2008-05-16,0.6407914182986101,0.029546951975103826,0.0,0.0,0.0,0.0956947077151389,0.034778472002684684,0.0,0.0,0.0,0.059504983304153644,0.0,0.0,0.0,0.0,0.0,0.0,0.0,0.10811431457289396,0.0,0.0,0.0,0.008071614312121151,0.0,0.0,0.0234975378192938,0.0,0.0,0.0,0.0,0.0,0.0,0.0,0.0,0.0
2008-05-23,0.6404425477156588,0.029546951975103826,0.0,0.0,0.0,0.09769269387930081,0.034778472002684684,0.0,0.0,0.0,0.060329033076371316,0.0,0.0,0.0,0.0,0.0,0.0,0.0,0.09119358149231417,0.0,0.0,0.0,0.012978279234583556,0.0,0.0,0.03268957004103158,0.0,0.0,0.0,0.0,0.0,0.0003488705829512305,0.0,0.0,0.0
2008-05-30,0.2783917902820401,0.05753790861290568,0.0,0.012824903383381145,0.0,0.19808577624521906,0.12563825087629815,0.0,0.0,0.0,0.06315763678711407,0.0,0.0,0.0,0.0,0.0,0.0,0.0,0.16772432382243113,0.0,0.0,0.0,0.034121316904449195,0.0,0.0,0.06251809308616152,0.0,0.0,0.0,0.0,0.0,0.0,0.0,0.0,0.0
2008-06-06,0.27839179028203986,0.05753790861290568,0.0,0.012824903383381145,0.0,0.1966703765239909,0.12563825087629815,0.0,0.0,0.0,0.055275438880011345,0.0,0.0,0.0028766655055226104,0.0,0.0,0.0,0.0,0.15893955244315788,0.0,0.0,0.0,0.03158844173517502,0.0,0.0,0.08025667175751731,0.0,0.0,0.0,0.0,0.0,0.0,0.0,0.0,0.0
2008-06-13,0.27839179028204,0.05753790861290568,0.0,0.012824903383381145,0.0,0.18293727606702465,0.12563825087629815,0.0,0.0,0.0,0.08531888592497612,0.0,0.0,0.006136262118488696,0.0,0.0,0.0,0.0,0.18660807905139798,0.0,0.0,0.0,0.012824903383381145,0.0,0.0,0.05178174030010643,0.0,0.0,0.0,0.0,0.0,0.0,0.0,0.0,0.0
2008-06-20,0.27839179028204,0.05753790861290568,0.0,0.012824903383381145,0.017318053739721243,0.17469062688607384,0.12563825087629815,0.0,0.0,0.0,0.07646895639815142,0.0,0.0,0.021093573014411546,0.0,0.0,0.0,0.0,0.14077265779449954,0.0,0.0,0.0,0.03212642127500964,0.0,0.0,0.0631368577375078,0.0,0.0,0.0,0.0,0.0,0.0,0.0,0.0,0.0
2008-06-27,0.27670800335205314,0.0,0.0,0.0,0.0,0.25942256716735196,0.11308189870667902,0.0,0.0,0.0,0.1380098102700224,0.0,0.0,0.0,0.0,0.0,0.0,0.0,0.16580054630007074,0.0,0.0,0.0,0.0,0.0,0.0,0.04697717420382272,0.0,0.0,0.0,0.0,0.0,0.0,0.0,0.0,0.0
2008-07-04,0.27670800335205326,0.046921805193735705,0.0,0.0,0.0,0.2587981936246267,0.11308189870667902,0.0,0.0,0.0,0.11308189870667902,0.0,0.0,0.017843910637724128,0.0,0.0,0.0,0.0,0.12845106281863417,0.0,0.0,0.0,0.0,0.0,0.0,0.04511322695986812,0.0,0.0,0.0,0.0,0.0,0.0,0.0,0.0,0.0
2008-07-11,0.27670800335205314,0.03744385649761565,0.0,0.0,0.0,0.2396498025909251,0.11308189870667902,0.0,0.0,0.0,0.1487371338771866,0.0,0.0,0.00391851387594111,0.0,0.0,0.0,0.0,0.16509162698764424,0.0,0.0,0.0,0.0,0.0,0.0,0.015369164111955148,0.0,0.0,0.0,0.0,0.0,0.0,0.0,0.0,0.0
2008-07-18,0.27670800335205303,0.07326633029778608,0.0,0.0,0.0,0.2647345409105087,0.11308189870667902,0.0,0.0,0.0,0.11308189870667902,0.0,0.0,0.0,0.0,0.0,0.0,0.0,0.14375816391433896,0.0,0.0,0.0,0.0,0.0,0.0,0.015369164111955148,0.0,0.0,0.0,0.0,0.0,0.0,0.0,0.0,0.0
2008-07-25,0.403823132923918,0.0703640468432549,0.0,0.0,0.0,0.19062715185373497,0.08291801278543191,0.0,0.0,0.0,0.1269339950056196,0.0,0.0,0.0,0.0,0.0,0.0,0.0,0.12533366058804057,0.0,0.0,0.0,0.0,0.0,0.0,0.0,0.0,0.0,0.0,0.0,0.0,0.0,0.0,0.0,0.0
2008-08-01,0.403823132923918,0.06333420749021582,0.0,0.0,0.0,0.17887856522514195,0.08291801278543191,0.0,0.0,0.0,0.12160796167164287,0.0,0.0,0.0,0.0,0.0,0.0,0.0,0.14943811990364939,0.0,0.0,0.0,0.0,0.0,0.0,0.0,0.0,0.0,0.0,0.0,0.0,0.0,0.0,0.0,0.0
2008-08-08,0.4038231329239179,0.061583824707837555,0.0,0.0,0.0,0.17654779234115475,0.08291801278543191,0.0,0.0,0.0,0.13315040576250342,0.0,0.0,0.0,0.0,0.0,0.0,0.0,0.14197683147915433,0.0,0.0,0.0,0.0,0.0,0.0,0.0,0.0,0.0,0.0,0.0,0.0,0.0,0.0,0.0,0.0
2008-08-15,0.403823132923918,0.061058260402706635,0.0,0.0,0.0,0.1801801391417755,0.08291801278543191,0.0,0.0,0.0,0.12160552680278114,0.0,0.0,0.0,0.0,0.0,0.0,0.0,0.1504149279433868,0.0,0.0,0.0,0.0,0.0,0.0,0.0,0.0,0.0,0.0,0.0,0.0,0.0,0.0,0.0,0.0
2008-08-22,0.403823132923918,0.05238452780491584,0.0,0.0,0.0,0.18167628221194249,0.08291801278543191,0.0,0.0,0.0,0.13457149667082874,0.0,0.0,0.0,0.0,0.0,0.0,0.0,0.14462654760296298,0.0,0.0,0.0,0.0,0.0,0.0,0.0,0.0,0.0,0.0,0.0,0.0,0.0,0.0,0.0,0.0
2008-08-29,0.20036170902040373,0.09745177663158092,0.0,0.0,0.0,0.1830450564236889,0.15078414898421577,0.0,0.0,0.009031146635451917,0.10079084994292976,0.0,0.0,0.0,0.0,0.0,0.0,0.0,0.25853531236172894,0.0,0.0,0.0,0.0,0.0,0.0,0.0,0.0,0.0,0.0,0.0,0.0,0.0,0.0,0.0,0.0
2008-09-05,0.20036170902040384,0.09640175467200543,0.0,0.0,0.0,0.17912733127236063,0.15078414898421577,0.0,0.0,0.008971346880338214,0.10134014461923385,0.0,0.0,0.0,0.0,0.0,0.0,0.0,0.26301356455144226,0.0,0.0,0.0,0.0,0.0,0.0,0.0,0.0,0.0,0.0,0.0,0.0,0.0,0.0,0.0,0.0
2008-09-12,0.20036170902040396,0.08312997443629674,0.0,0.0,0.0,0.18093358408727372,0.15078414898421577,0.0,0.0,0.014619165094822452,0.07740082402641955,0.0,0.0,0.0029856765723420267,0.0,0.0,0.0,0.0,0.28978491777822585,0.0,0.0,0.0,0.0,0.0,0.0,0.0,0.0,0.0,0.0,0.0,0.0,0.0,0.0,0.0,0.0
2008-09-19,0.20036170902040384,0.0810892670010714,0.0,0.0,0.0,0.15078414898421577,0.15078414898421577,0.0,0.0,0.02669672618595092,0.0760522997435958,0.0,0.0,0.015011237114584181,0.0,0.0,0.0,0.0,0.29170964620177936,0.0,0.0,0.0,0.007510816764182991,0.0,0.0,0.0,0.0,0.0,0.0,0.0,0.0,0.0,0.0,0.0,0.0
2008-09-26,0.7037437303915923,0.026698595620438866,0.0,0.0,0.0,0.037252256596965724,0.04246423331506559,0.0,0.0,0.005279972873723947,0.06120219331667588,0.0,0.0,0.003546609561005483,0.0,0.0,0.0,0.0,0.10345749623522954,0.0,0.0,0.0,0.016354912089302672,0.0,0.0,0.0,0.0,0.0,0.0,0.0,0.0,0.0,0.0,0.0,0.0
2008-10-03,0.7037437303915923,0.019457664076944447,0.0,0.0,0.0,0.03741894431734408,0.04246423331506559,0.0,0.0,0.009122751341861626,0.06119234447847084,0.0,0.0,0.0,0.0,0.0,0.0,0.0,0.10674519046607724,0.0,0.0,0.0,0.019855141612643887,0.0,0.0,0.0,0.0,0.0,0.0,0.0,0.0,0.0,0.0,0.0,0.0
2008-10-10,0.7037437303915923,0.015073851506972494,0.0,0.0,0.0,0.03683638429665223,0.04750968862263728,0.0,0.0,0.005558502900855582,0.06375500606707235,0.0,0.0,0.0,0.0,0.0,0.0,0.0,0.10622495079463831,0.0,0.0,0.0,0.021297885419579457,0.0,0.0,0.0,0.0,0.0,0.0,0.0,0.0,0.0,0.0,0.0,0.0
2008-10-17,0.7037437303915923,0.013950894688428809,0.0,0.0,0.0,0.0363825331158785,0.04757796885880107,0.0,0.0,0.005848459566778314,0.059601164114412464,0.0,0.0,0.0,0.0,0.0,0.0,0.0,0.10899855167079091,0.0,0.0,0.0,0.02389669759331764,0.0,0.0,0.0,0.0,0.0,0.0,0.0,0.0,0.0,0.0,0.0,0.0
2008-10-24,0.7037437303915923,0.013950894688428809,0.0,0.0,0.0,0.04151125871471642,0.04307717015805457,0.0,0.0,0.013627893090601424,0.050333427804307315,0.0,0.0,0.0,0.0,0.0,0.0,0.0,0.10525945101522811,0.0,0.0,0.0,0.028496174137071055,0.0,0.0,0.0,0.0,0.0,0.0,0.0,0.0,0.0,0.0,0.0,0.0
2008-10-31,0.716510001350086,0.017525281521852277,0.0,0.0,0.0,0.04245033626705081,0.0424953983126742,0.0,0.0,0.0037739728414560424,0.04184093485052179,0.0,0.0,0.0,0.0,0.0,0.0,0.0,0.1314971302040407,0.0,0.0,0.0,0.003906944652318127,0.0,0.0,0.0,0.0,0.0,0.0,0.0,0.0,0.0,0.0,0.0,0.0
2008-11-07,0.716510001350086,0.014928936030100823,0.0,0.0,0.0,0.04297228358608206,0.047215837637386425,0.0,0.0,0.0019147882299631414,0.04761189512590646,0.0,0.0,0.0,0.0,0.0,0.0,0.0,0.12786915016719097,0.0,0.0,0.0,0.0009771078732840636,0.0,0.0,0.0,0.0,0.0,0.0,0.0,0.0,0.0,0.0,0.0,0.0
2008-11-14,0.716510001350086,0.01636701736953212,0.0,0.0,0.0,0.04417761273896899,0.043478972280100656,0.0,0.0,0.00034244799850060453,0.05170206451863373,0.0,0.0,0.0,0.0,0.0,0.0,0.0,0.12494324069905852,0.0,0.0,0.0,0.0024786430451193275,0.0,0.0,0.0,0.0,0.0,0.0,0.0,0.0,0.0,0.0,0.0,0.0
2008-11-21,0.716510001350086,0.017282933239754276,0.0,0.0,0.0004365872846394789,0.045456084161601684,0.04680901846220001,0.0,0.0,0.0017964977186963754,0.05260857605836314,0.0,0.0,0.0,0.0,0.0,0.0,0.0,0.11910030172465899,0.0,0.0,0.0,0.0,0.0,0.0,0.0,0.0,0.0,0.0,0.0,0.0,0.0,0.0,0.0,0.0
2008-11-28,0.7292186731938824,0.0013524322657695043,0.0,0.0,0.0,0.04848609070728871,0.04573797661576684,0.0,0.0,0.0,0.055196004182911304,0.0,0.0,0.0,0.0,0.0,0.0,0.0,0.12000882303438118,0.0,0.0,0.0,0.0,0.0,0.0,0.0,0.0,0.0,0.0,0.0,0.0,0.0,0.0,0.0,0.0
2008-12-05,0.7292186731938824,0.0007708341648496566,0.0,0.0,0.0,0.04741864762067276,0.04633616382055559,0.0,0.0,0.0012873982390437923,0.05529702213717268,0.0,0.0,0.0,0.0,0.0,0.0,0.0,0.11967126082382307,0.0,0.0,0.0,0.0,0.0,0.0,0.0,0.0,0.0,0.0,0.0,0.0,0.0,0.0,0.0,0.0
2008-12-12,0.7292186731938824,0.0006892781855091676,0.0,0.0,0.001504445260107655,0.046673376360667644,0.045928760278486434,0.0,0.0,0.0,0.055391972989886525,0.0,0.0,0.0,0.0,0.0,0.0,0.0,0.12059349373146011,0.0,0.0,0.0,0.0,0.0,0.0,0.0,0.0,0.0,0.0,0.0,0.0,0.0,0.0,0.0,0.0
2008-12-19,0.7292186731938824,0.0007381409283802529,0.0,0.0,0.0016184998921759564,0.04877564889686171,0.045784933333983154,0.0,0.0,0.0,0.05571107152086805,0.0,0.0,0.0,0.0,0.0,0.0,0.0,0.11815303223384843,0.0,0.0,0.0,0.0,0.0,0.0,0.0,0.0,0.0,0.0,0.0,0.0,0.0,0.0,0.0,0.0
2008-12-26,0.738624435634912,0.015958991592155053,0.0,0.0,0.0014662688124014057,0.03229053244237833,0.043928541444746005,0.0,0.0,0.0,0.055201727300013645,0.0,0.0,0.0,0.0,0.0,0.0,0.0,0.1125295027733936,0.0,0.0,0.0,0.0,0.0,0.0,0.0,0.0,0.0,0.0,0.0,0.0,0.0,0.0,0.0,0.0
2009-01-02,0.738624435634912,0.015310269992576588,0.0,0.0,0.0014664986394758899,0.033221581141534555,0.043977459342549846,0.0,0.0,0.0,0.0555204409098799,0.0,0.0,0.0,0.0,0.0,0.0,0.0,0.11187931433907125,0.0,0.0,0.0,0.0,0.0,0.0,0.0,0.0,0.0,0.0,0.0,0.0,0.0,0.0,0.0,0.0
2009-01-09,0.738624435634912,0.015310269992576588,0.0,0.0,0.000794672948522065,0.0313048948158122,0.04417406578764452,0.0,0.0,0.0,0.05671635981281427,0.0,0.0,0.0,0.0,0.0,0.0,0.0,0.1130753010077184,0.0,0.0,0.0,0.0,0.0,0.0,0.0,0.0,0.0,0.0,0.0,0.0,0.0,0.0,0.0,0.0
2009-01-16,0.738624435634912,0.015310269992576588,0.0,0.0,0.0022803708542056393,0.03193472684430494,0.04315963888246395,0.0,0.0,0.0,0.05614393584308,0.0,0.0,0.0,0.0,0.0,0.0,0.0,0.11254662194845694,0.0,0.0,0.0,0.0,0.0,0.0,0.0,0.0,0.0,0.0,0.0,0.0,0.0,0.0,0.0,0.0
2009-01-23,0.738624435634912,0.015310269992576588,0.0,0.0,0.0010448866288543777,0.032384940315836774,0.04502394092618987,0.0,0.0,0.0,0.05793117203807663,0.0,0.0,0.0,0.0,0.0,0.0,0.0,0.10968035446355379,0.0,0.0,0.0,0.0,0.0,0.0,0.0,0.0,0.0,0.0,0.0,0.0,0.0,0.0,0.0,0.0
2009-01-30,0.6737115064028812,0.0019604458569668286,0.0,0.0,0.034088426655997324,0.049864463680487206,0.06262186097940496,0.0,0.0,0.0,0.07194995170992824,0.0,0.0,0.0,0.0,0.0,0.0,0.0,0.10580334471433421,0.0,0.0,0.0,0.0,0.0,0.0,0.0,0.0,0.0,0.0,0.0,0.0,0.0,0.0,0.0,0.0
2009-02-06,0.6737115064028812,0.000867362425458724,0.0,0.0,0.03348518883041622,0.051421698037474955,0.06264982102409981,0.0,0.0,0.0,0.07202032659389829,0.0,0.0,0.0,0.0,0.0,0.0,0.0,0.10584409668577079,0.0,0.0,0.0,0.0,0.0,0.0,0.0,0.0,0.0,0.0,0.0,0.0,0.0,0.0,0.0,0.0
2009-02-13,0.6737115064028812,0.0030019040636956496,0.0,0.0,0.03345949150090649,0.04866895304261637,0.06305428845361818,0.0,0.0,0.0,0.07330325578837756,0.0,0.0,0.0,0.0,0.0,0.0,0.0,0.10480060074790452,0.0,0.0,0.0,0.0,0.0,0.0,0.0,0.0,0.0,0.0,0.0,0.0,0.0,0.0,0.0,0.0
2009-02-20,0.6737115064028812,0.0009225217799883438,0.0,0.0,0.03347998451734134,0.0491749033608474,0.0633638910200017,0.0,0.0,0.0,0.07331429548476814,0.0,0.0,0.0,0.0,0.0,0.0,0.0,0.10603289743417182,0.0,0.0,0.0,0.0,0.0,0.0,0.0,0.0,0.0,0.0,0.0,0.0,0.0,0.0,0.0,0.0
2009-02-27,0.7485022782816477,0.0015865970526292325,0.0,0.0,0.01589683698940505,0.048853709579473735,0.044655065857809303,0.0,0.0,0.0,0.051849224261813015,0.0,0.0,0.0,0.0,0.0,0.0,0.0,0.088656287977222,0.0,0.0,0.0,0.0,0.0,0.0,0.0,0.0,0.0,0.0,0.0,0.0,0.0,0.0,0.0,0.0
2009-03-06,0.7485022782816477,0.0009058534687322633,0.0,0.0,0.01587714273828702,0.05067833898092052,0.04431302368926148,0.0,0.0,0.0,0.05221262013980168,0.0,0.0,0.0,0.0,0.0,0.0,0.0,0.08751074270134937,0.0,0.0,0.0,0.0,0.0,0.0,0.0,0.0,0.0,0.0,0.0,0.0,0.0,0.0,0.0,0.0
2009-03-13,0.7485022782816477,0.002292791086307154,0.0,0.0,0.015591697197327573,0.051801520984115224,0.043743521760937036,0.0,0.0,0.0,0.050850937104614094,0.0,0.0,0.0,0.0,0.0,0.0,0.0,0.08721725358505125,0.0,0.0,0.0,0.0,0.0,0.0,0.0,0.0,0.0,0.0,0.0,0.0,0.0,0.0,0.0,0.0
2009-03-20,0.7485022782816477,0.0009182435133020348,0.0,0.0,0.015591697197327573,0.05316787359593395,0.044263151800986875,0.0,0.0,0.0,0.051672711273778,0.0,0.0,0.000274159816897087,0.0,0.0,0.0,0.0,0.0856098845201268,0.0,0.0,0.0,0.0,0.0,0.0,0.0,0.0,0.0,0.0,0.0,0.0,0.0,0.0,0.0,0.0
2009-03-27,0.7336669748241652,0.0015105935449580572,0.0,0.0,0.0,0.08488963261086901,0.04339120487500049,0.0,0.0,0.0,0.05171290415730195,0.0,0.0,0.0002682433740652246,0.0,0.0,0.0,0.0,0.0845604466136401,0.0,0.0,0.0,0.0,0.0,0.0,0.0,0.0,0.0,0.0,0.0,0.0,0.0,0.0,0.0,0.0
2009-04-03,0.7336669748241651,0.0015511238132159646,0.0,0.0,0.0,0.08419703671884866,0.043813418696575436,0.0,0.0,0.0,0.05102335698904016,0.0,0.0,0.0,0.0,0.0,0.0,0.0,0.08574808895815463,0.0,0.0,0.0,0.0,0.0,0.0,0.0,0.0,0.0,0.0,0.0,0.0,0.0,0.0,0.0,0.0
2009-04-10,0.7336669748241651,0.0034429938334072114,0.0,0.0,0.0,0.08142576840318073,0.043685605617322085,0.0,0.0,0.0,0.05154116043995538,0.0,0.0,0.00026709735633743644,0.0,0.0,0.0,0.0,0.085970399525632,0.0,0.0,0.0,0.0,0.0,0.0,0.0,0.0,0.0,0.0,0.0,0.0,0.0,0.0,0.0,0.0
2009-04-17,0.7336669748241651,0.0015919222403338743,0.0,0.0,0.0,0.08218781437900138,0.04371394117060454,0.0,0.0,0.0,0.05222447758867091,0.0,0.0,0.0002729454271814477,0.0,0.0,0.0,0.0,0.08634192437004268,0.0,0.0,0.0,0.0,0.0,0.0,0.0,0.0,0.0,0.0,0.0,0.0,0.0,0.0,0.0,0.0
2009-04-24,0.31853502432641934,0.009340023138372733,0.0,0.0,0.0,0.1936434209195526,0.14068383436350662,0.0,0.0,0.0,0.14259911848208984,0.0,0.0,0.0,0.0,0.0,0.0,0.0,0.19519857877005886,0.0,0.0,0.0,0.0,0.0,0.0,0.0,0.0,0.0,0.0,0.0,0.0,0.0,0.0,0.0,0.0
2009-05-01,0.31853502432641934,0.0009013296604902926,0.0,0.0,0.0,0.18962087471152458,0.13922348442895846,0.0,0.0,0.0,0.14434395484264545,0.0,0.0,0.0,0.0,0.0,0.0,0.0,0.2011618730084187,0.0,0.0,0.0,0.0,0.0,0.0,0.006213459021543144,0.0,0.0,0.0,0.0,0.0,0.0,0.0,0.0,0.0
2009-05-08,0.31853502432641934,0.007597450257775562,0.0,0.0,0.0,0.1856209816155764,0.1369711137596225,0.0,0.0,0.0,0.14852141569745284,0.0,0.0,0.0,0.0,0.0,0.0,0.0,0.19835628735506763,0.0,0.0,0.0,0.0,0.0,0.0,0.004397726988085688,0.0,0.0,0.0,0.0,0.0,0.0,0.0,0.0,0.0
2009-05-15,0.31853502432641934,0.007303998065965413,0.0,0.0,0.0,0.1848002394638878,0.14205367681483963,0.0,0.0,0.0,0.14752927350120054,0.0,0.0,0.0,0.0,0.0,0.0,0.0,0.1965966695413969,0.0,0.0,0.0,0.0,0.0,0.0,0.003181118286290343,0.0,0.0,0.0,0.0,0.0,0.0,0.0,0.0,0.0
2009-05-22,0.31853502432641934,0.0022942141128124306,0.0,0.0,0.0,0.1819027086241045,0.14376857056183787,0.0,0.0,0.0,0.15225109359965577,0.0,0.0,0.0,0.0,0.0,0.0,0.0,0.19594802011019055,0.0,0.0,0.0,0.0,0.0,0.0,0.005300368664979537,0.0,0.0,0.0,0.0,0.0,0.0,0.0,0.0,0.0
2009-05-29,0.3430502974772993,0.0009294012758168639,0.0,0.012502314406842841,0.0,0.15391214275842408,0.13681844285195197,0.0,0.0,0.0,0.1527738376976504,0.0,0.0,0.0,0.0,0.0,0.0,0.0,0.18106135055853034,0.0,0.0,0.0,0.0,0.0,0.0,0.01895221297348417,0.0,0.0,0.0,0.0,0.0,0.0,0.0,0.0,0.0
2009-06-05,0.3430502974772993,0.006113591369921878,0.0,0.012502314406842841,0.0,0.14433246577856318,0.14106823695903214,0.0,0.0,0.0,0.16433127864116454,0.0,0.0,0.0008046517239737396,0.0,0.0,0.0,0.0,0.17016164467973188,0.0,0.0,0.0,0.0,0.0,0.0,0.017635518963470473,0.0,0.0,0.0,0.0,0.0,0.0,0.0,0.0,0.0
2009-06-12,0.3430466522837513,0.02641177410933356,0.0,0.014926222835436112,0.0,0.15716305472976494,0.14599091908835055,0.0,0.0,0.0,0.13883114893940585,0.0,0.0,0.0,0.0,0.0,0.0,0.0,0.1408027041387399,0.0,0.0,0.0,0.0,0.0,0.0,0.03282387868166978,0.0,0.0,0.0,0.0,9.112983870219138e-07,9.112983870219138e-07,0.0,9.112983870219138e-07,9.112983870219138e-07
2009-06-19,0.3430466522837512,0.006464864713657595,0.0,0.012502314406842841,0.0,0.154368813404135,0.12994365164653124,0.0,0.0,0.0,0.16658801869395723,0.0,0.0,0.0,0.0,0.0,0.0,0.0,0.16825555339334963,0.0,0.0,0.0,0.0,0.0,0.0,0.01882648626422717,0.0,0.0,0.0,0.0,9.112983870219138e-07,9.112983870219138e-07,0.0,9.112983870219138e-07,9.112983870219138e-07
2009-06-26,0.07865149492560275,0.016180186104425332,0.0,0.008153299875485874,0.0,0.1957898201150263,0.15399204252385099,0.0,0.0,0.0,0.21156807694423785,0.0,0.0,0.0,0.0,0.0,0.008153299875485874,0.0,0.16360398488834854,0.0,0.0,0.0,0.0,0.0,0.0,0.019409547522152584,0.0,0.0,0.0,0.0,0.0,0.04816608240846135,0.0,0.04816608240846135,0.04816608240846135
2009-07-03,0.07865149492560275,0.012522780480294666,0.0,0.008153299875485874,0.0,0.19642789518435902,0.1543389828981012,0.0,0.0,0.0,0.20845875200147707,0.0,0.0,0.00397668305900296,0.0,0.0,0.008153299875485874,0.0,0.16141994429136153,0.0,0.0,0.0,0.0,0.0,0.0,0.0233986201834451,0.0,0.0,0.0,0.0,0.0,0.04816608240846135,0.0,0.04816608240846135,0.04816608240846135
2009-07-10,0.07865149492560275,0.012742370271601392,0.0,0.008153299875485874,0.0,0.18951282278080195,0.1582807266337112,0.0,0.0,0.0,0.20507423387111876,0.0,0.0,0.012425023206007598,0.0,0.0,0.008153299875485874,0.0,0.15766691990979967,0.0,0.0,0.0,0.0,0.0,0.0,0.024841561425001032,0.0,0.0,0.0,0.0,0.0,0.04816608240846135,0.0,0.04816608240846135,0.04816608240846135
2009-07-17,0.07865149492560264,0.0,0.0,0.014513423731173262,0.0023145946658283995,0.1832473714983908,0.16230043789273,0.0,0.0,0.0,0.20673258447526371,0.0,0.0,0.012555474334778135,0.0,0.0,0.008153299875485874,0.0,0.15766691990979967,0.0,0.0,0.005224317555962433,0.0,0.0,0.0,0.024141833909601063,0.0,0.0,0.0,0.0,0.0,0.04816608240846135,0.0,0.04816608240846135,0.04816608240846135
2009-07-24,0.07865149492560275,0.0,0.0,0.010100716479093186,0.0,0.19078462649705716,0.15934900664332272,0.0,0.0,0.0,0.2118652198024576,0.0,0.0,0.012292240192775625,0.0,0.0,0.008153299875485874,0.0,0.15766691990979967,0.0,0.0,0.000657488142314334,0.0,0.0,0.0,0.025980740306707176,0.0,0.0,0.0,0.0,0.0,0.04816608240846135,0.0,0.04816608240846135,0.04816608240846135
2009-07-31,0.030539495429926067,0.0,0.0,0.013184545741542712,0.0709644875270889,0.16615705010162238,0.13778162199477131,0.0,0.0,0.0,0.1824986557221222,0.0,0.0,0.08513357604430684,0.0,0.0,0.006727283087009466,0.0,0.06364227069737317,0.0,0.0,0.007730259872710827,0.006727283087009466,0.0,0.0,0.02286955279951258,0.0,0.0,0.0,0.0,0.06868130596500137,0.06868130596500137,0.0,0.0,0.06868130596500137
2009-08-07,0.030539495429926067,0.0,0.0,0.006727283087009466,0.06947490057941928,0.1710060915157993,0.13999234686454867,0.0,0.0,0.0,0.18682892120715638,0.0,0.0,0.07628719191533273,0.0,0.0,0.006727283087009466,0.0,0.07529964619657809,0.0,0.0,0.0,0.006727283087009466,0.0,0.0,0.024345639135207008,0.0,0.0,0.0,0.0,0.06868130596500137,0.06868130596500137,0.0,0.0,0.06868130596500137
2009-08-14,0.030539495429926178,0.0,0.0,0.006727283087009466,0.06868130596500137,0.1689933206892184,0.13362309636845193,0.0,0.0,0.0,0.19460882204522056,0.0,0.0,0.07601315019872981,0.0,0.0,0.006727283087009466,0.0,0.08493163166733243,0.0,0.0,0.0,0.006727283087009466,0.0,0.0,0.01638341048008691,0.0,0.0,0.0,0.0,0.06868130596500137,0.06868130596500137,0.0,0.0,0.06868130596500137
2009-08-21,0.030539495429926067,0.0,0.0,0.011516988830319182,0.06868130596500137,0.17159154289501463,0.14009275651856495,0.0,0.0,0.0,0.17444781043958674,0.0,0.0,0.08563674544208268,0.0,0.0,0.006727283087009466,0.0,0.06364227069737317,0.0,0.0,0.007580691859886624,0.006727283087009466,0.0,0.0,0.026771907853221574,0.0,0.0,0.0,0.0,0.06868130596500137,0.06868130596500137,0.0,0.0,0.06868130596500137
2009-08-28,0.045559992164619256,0.0,0.0,0.01922479065853062,0.043532545958885595,0.1764564864868401,0.16572719432758834,0.0,0.0,0.008167881587058298,0.18773799323748552,0.0,0.0,0.02007453922113606,0.0,0.0,0.008017935881039958,0.0,0.1564516499085313,0.0,0.0,0.013427479389095404,0.00731760625438817,0.0,0.0,0.026904131187944155,0.0,0.0,0.0,0.0,0.04046659124561905,0.04046659124561905,0.04046659124561905,0.0,0.0
2009-09-04,0.04555999216461937,0.0,0.0,0.016169778977190942,0.04785059765292923,0.1730450206268248,0.16359265204840606,0.0,0.0,0.002398381544904008,0.20780406905380794,0.0,0.0,0.016622727065913306,0.0,0.0,0.00731760625438817,0.0,0.1564516499085313,0.0,0.0,0.011312358814973517,0.00731760625438817,0.0,0.0,0.023157785896266055,0.0,0.0,0.0,0.0,0.04046659124561905,0.04046659124561905,0.04046659124561905,0.0,0.0
2009-09-11,0.04555999216461937,0.0,0.0,0.020377322358706703,0.04162045215437011,0.17682578018622927,0.17359825475886345,0.0,0.0,0.0038219498450981363,0.16457287368368673,0.0,0.0,0.022796465373812014,0.0,0.0,0.00731760625438817,0.0,0.1564516499085313,0.0,0.0,0.0165562231278175,0.017648885086491702,0.0,0.0,0.031452771360528396,0.0,0.0,0.0,0.0,0.04046659124561905,0.04046659124561905,0.04046659124561905,0.0,0.0
2009-09-18,0.04555999216461937,0.0,0.0,0.01573535355860415,0.048221272238136714,0.18572634591868284,0.16634371910946585,0.0,0.0,0.0027523840524312894,0.1894526304373348,0.0,0.0,0.01653334501482237,0.0,0.0,0.00731760625438817,0.0,0.1564516499085313,0.0,0.0,0.012345158465221405,0.00731760625438817,0.0,0.0,0.024843162886516487,0.0,0.0,0.0,0.0,0.04046659124561905,0.04046659124561905,0.04046659124561905,0.0,0.0
2009-09-25,1.1102230246251565e-16,0.0,0.0,0.0222569249097085,0.01183436482162766,0.21776867381548332,0.2122917830966244,0.0,0.0,0.0,0.25052310292354885,0.0,0.0,0.02186463167349105,0.0,0.0,0.009304739561492458,0.0,0.08912113847328473,0.0,0.0,0.014444413952026669,0.009614731215968252,0.0,0.0,0.14097549555674407,0.0,0.0,0.0,0.0,0.0,0.0,0.0,0.0,0.0
2009-10-02,0.0,0.0,0.0,0.023631732068093658,0.005202091137994038,0.2143050865446096,0.20260096750819118,0.0,0.0,0.0,0.25393106796267784,0.0,0.0,0.028148110805087584,0.0,0.0,0.010182153087657074,0.0,0.08912113847328473,0.0,0.0,0.015913710628060646,0.013354415082332514,0.0,0.0,0.1436095267020111,0.0,0.0,0.0,0.0,0.0,0.0,0.0,0.0,0.0
2009-10-09,0.0,0.0,0.0,0.02348596253692172,0.00562419542888976,0.22662543843911506,0.19489560774795234,0.0,0.0,0.0,0.25120766786399945,0.0,0.0,0.028771410145576923,0.0,0.0,0.009304739561492458,0.0,0.08912113847328473,0.0,0.0,0.01595367365098846,0.009304739561492458,0.0,0.0,0.14570542659028665,0.0,0.0,0.0,0.0,0.0,0.0,0.0,0.0,0.0
2009-10-16,0.0,0.0,0.0,0.0375324493026946,0.004162744780532097,0.2109258780347772,0.20834697672521513,0.0,0.0,0.010098877907949746,0.20162113847328472,0.0,0.0,0.030711090935083764,0.0,0.0,0.02006791923764193,0.0,0.08912113847328473,0.0,0.0,0.02632428112333457,0.009304739561492458,0.0,0.0,0.15178276544470906,0.0,0.0,0.0,0.0,0.0,0.0,0.0,0.0,0.0
2009-10-23,0.0,0.0,0.0,0.03892289245588491,0.0,0.2109258780347772,0.19686893601588074,0.0,0.0,0.013330952847370623,0.20162113847328472,0.0,0.0,0.028831421177159,0.0,0.0,0.010661054944849268,0.0,0.08912113847328473,0.0,0.0,0.03220855755442816,0.02175071430859664,0.0,0.0,0.15575731571448403,0.0,0.0,0.0,0.0,0.0,0.0,0.0,0.0,0.0
2009-10-30,0.0,0.0,0.0,0.13045173637089857,0.0,0.01838815887813776,0.23824193802185284,0.0,0.0,0.0053299554616506465,0.18258697571256363,0.0,0.0,0.011154012755090821,0.0,0.0,0.020021897837810533,0.0,0.0,0.0,0.0,0.1953486060632992,0.024225955631948286,0.0,0.0,0.17425076326674765,0.0,0.0,0.0,0.0,0.0,0.0,0.0,0.0,0.0
2009-11-06,0.0,0.0,0.0,0.13025642097519313,0.0,0.026595127408380898,0.2375213946854965,0.0,0.0,0.001858583512508177,0.18258697571256363,0.0,0.0,0.011833400281993211,0.0,0.0,0.01889817933119714,0.0,0.0,0.0,0.0,0.19505156280250147,0.021901974630525397,0.0,0.0,0.1734963806596404,0.0,0.0,0.0,0.0,0.0,0.0,0.0,0.0,0.0
2009-11-13,0.0,0.0,0.0,0.12854909584796442,0.0,0.023838108646441095,0.2353003153181903,0.0,0.0,0.005442912857690484,0.18258697571256363,0.0,0.0,0.014838150309982538,0.0,0.0,0.01896162660684875,0.0,0.0,0.0,0.0,0.19449702127774995,0.02129964028247263,0.0,0.0,0.17468615314009617,0.0,0.0,0.0,0.0,0.0,0.0,0.0,0.0,0.0
2009-11-20,0.0,0.0,0.0,0.12953768598146054,0.0,0.01838815887813776,0.2311789363503654,0.0,0.0,0.006523921381517877,0.18258697571256363,0.0,0.0,0.009754879466799257,0.0,0.0,0.020447218584326868,0.0,0.0,0.0,0.0,0.19589955803268805,0.027580082677883016,0.0,0.0,0.17810258293425757,0.0,0.0,0.0,0.0,0.0,0.0,0.0,0.0,0.0
2009-11-27,1.1102230246251565e-16,0.0,0.0,0.1710476892045804,0.0,0.018317315990395003,0.2006543979992404,0.0,0.0,0.0067370305239972525,0.07044350748378105,0.0,0.0,0.011827654041008408,0.0,0.0,0.019032631478038707,0.0,0.0,0.0,0.0,0.19466990191422262,0.058094822932056076,0.0,0.0,0.24917504843268,0.0,0.0,0.0,0.0,0.0,0.0,0.0,0.0,0.0
2009-12-04,0.0,0.0,0.0,0.1692007393639517,0.0,0.018317315990395003,0.21718874397772037,0.0,0.0,0.0018996366013206676,0.07044350748378105,0.0,0.0,0.011858358933919955,0.0,0.0,0.019872013611690536,0.0,0.0,0.0,0.0,0.19115897013110283,0.055959631948645505,0.0,0.0,0.24410108195747232,0.0,0.0,0.0,0.0,0.0,0.0,0.0,0.0,0.0
2009-12-11,1.1102230246251565e-16,0.0,0.0,0.1743761472649572,0.0,0.018317315990395003,0.20943286734823935,0.0,0.0,0.001409863223995842,0.07044350748378105,0.0,0.0,0.009572217873363001,0.0,0.0,0.018317315990395003,0.0,0.0,0.0,0.0,0.19421734191111528,0.056964287687060494,0.0,0.0,0.2469491352266977,0.0,0.0,0.0,0.0,0.0,0.0,0.0,0.0,0.0
2009-12-18,0.0,0.0,0.0,0.17011742625776272,0.0,0.02240449486298333,0.20374922915656274,0.0,0.0,0.0,0.07044350748378105,0.0,0.0,0.014987688040028962,0.0,0.0,0.01898346888661638,0.0,0.0,0.0,0.0,0.19343217797247664,0.05794270499786031,0.0,0.0,0.2479393023419278,0.0,0.0,0.0,0.0,0.0,0.0,0.0,0.0,0.0
2009-12-25,1.1102230246251565e-16,0.0,0.0,0.023705853751337765,0.0,0.17584858649021048,0.2308409969709677,0.0,0.0,0.0,0.07144992227772365,0.0,0.0,0.1190399004084684,0.0,0.0,0.021160311353102708,0.0,0.0,0.0,0.0,0.07767212621298027,0.10149594025595837,0.0,0.0,0.17878636227925063,0.0,0.0,0.0,0.0,0.0,0.0,0.0,0.0,0.0
2010-01-01,0.0,0.0,0.0,0.023566996123742218,0.0,0.18459823891792276,0.2308409969709677,0.0,0.0,0.0,0.07144992227772365,0.0,0.0,0.11887855029095915,0.0,0.0,0.019560196585941027,0.0,0.0,0.0,0.0,0.07480565576683683,0.09804585128485606,0.0,0.0,0.17825359178105063,0.0,0.0,0.0,0.0,0.0,0.0,0.0,0.0,0.0
2010-01-08,0.0,0.0,0.0,0.025745295928840582,0.0,0.18039651074699334,0.2308409969709677,0.0,0.0,0.0,0.07144992227772365,0.0,0.0,0.11404187682269196,0.0,0.0,0.02240065151344404,0.0,0.0,0.0,0.0,0.07954008306596817,0.10035534464453331,0.0,0.0,0.1752293180288372,0.0,0.0,0.0,0.0,0.0,0.0,0.0,0.0,0.0
2010-01-15,0.0,0.0,0.0,0.021127508086965896,0.0,0.17777409865301932,0.2308409969709677,0.0,0.0,0.0,0.07144992227772365,0.0,0.0,0.11926451593099478,0.0,0.0,0.019727295415409664,0.0,0.0,0.0,0.0,0.0768677999872425,0.10200254851708768,0.0,0.0,0.18094531416058882,0.0,0.0,0.0,0.0,0.0,0.0,0.0,0.0,0.0
2010-01-22,0.0,0.0,0.0,0.02132712727189571,0.0,0.1769703281383107,0.2308409969709677,0.0,0.0,0.0007431105813578849,0.07144992227772365,0.0,0.0,0.12032954162076653,0.0,0.0,0.023995716213283915,0.0,0.0,0.0,0.0,0.07144992227772365,0.10378220894026992,0.0,0.0,0.17911112570770035,0.0,0.0,0.0,0.0,0.0,0.0,0.0,0.0,0.0
2010-01-29,0.10223622653756448,0.0,0.0,0.05930287152538405,0.0,0.16847140432789856,0.09179423442472517,0.0,0.0,0.014669511902561662,0.0,0.0,0.0,0.0920970613163398,0.0,0.0,0.09287801703126677,0.0,0.0,0.0,0.0,0.004354245191677856,0.21888689613825008,0.0,0.0,0.15530953160433159,0.0,0.0,0.0,0.0,0.0,0.0,0.0,0.0,0.0
2010-02-05,0.10223622653756448,0.0,0.0,0.06001775825188884,0.0,0.16847140432789856,0.09179423442472517,0.0,0.0,0.008960071193764692,0.0,0.0,0.0,0.09330520383722274,0.0,0.0,0.09770827210070313,0.0,0.0,0.0,0.0,0.007252170203747345,0.21835671328155692,0.0,0.0,0.15189794584092814,0.0,0.0,0.0,0.0,0.0,0.0,0.0,0.0,0.0
2010-02-12,0.10223622653756448,0.0,0.0,0.06161988786080761,0.0,0.16847140432789856,0.09179423442472517,0.0,0.0,0.010585817207489428,0.0,0.0,0.0,0.08913469183080126,0.0,0.0,0.09623337294394155,0.0,0.0,0.0,0.0,0.007568999921313253,0.21950742702529885,0.0,0.0,0.15284793792015985,0.0,0.0,0.0,0.0,0.0,0.0,0.0,0.0,0.0
2010-02-19,0.10223622653756448,0.0,0.0,0.06723243017047098,0.0,0.16847140432789856,0.09179423442472517,0.0,0.0,0.01296060682156601,0.0,0.0,0.0,0.08240358881963995,0.0,0.0,0.09615151982872985,0.0,0.0,0.0,0.0,0.008922472501614575,0.21904429534618824,0.0,0.0,0.15078322122160218,0.0,0.0,0.0,0.0,0.0,0.0,0.0,0.0,0.0
2010-02-26,0.0,0.0,0.0,0.23439206648520258,0.009599905351194364,0.021153254975583798,0.09001540969375821,0.0,0.0,0.015187414179942765,0.0,0.0,0.0,0.012071345052428215,0.0,0.0,0.09943855212392272,0.0,0.0,0.0,0.0,0.09997137844713386,0.24389660935047341,0.0,0.0,0.17427406434036005,0.0,0.0,0.0,0.0,0.0,0.0,0.0,0.0,0.0
2010-03-05,0.0,0.0,0.0,0.23140581126935708,0.00349682256815222,0.021153254975583798,0.10756954069546451,0.0,0.0,0.013694158738850671,0.0,0.0,0.0,0.0081057608875654,0.0,0.0,0.10037691741753704,0.0,0.0,0.0,0.0,0.09855133442438073,0.24369198251366575,0.0,0.0,0.17195441650944276,0.0,0.0,0.0,0.0,0.0,0.0,0.0,0.0,0.0
2010-03-12,1.1102230246251565e-16,0.0,0.0,0.22950804348139814,0.0019979497612121967,0.021153254975583798,0.11227039979668096,0.0,0.0,0.013200520375117672,0.0,0.0,0.0,0.009139807371529805,0.0,0.0,0.10302630244982619,0.0,0.0,0.0,0.0,0.09793777637364087,0.243379320513897,0.0,0.0,0.16838662490111334,0.0,0.0,0.0,0.0,0.0,0.0,0.0,0.0,0.0
2010-03-19,0.0,0.0,0.0,0.22950804348139814,0.0,0.027490990835098268,0.09001540969375821,0.0,0.0,0.016273531741693013,0.0,0.0,0.0,0.014527449628181357,0.0,0.0,0.10401695355057311,0.0,0.0,0.0,0.0,0.09793777637364087,0.24764128828391863,0.0,0.0,0.17258855641173843,0.0,0.0,0.0,0.0,0.0,0.0,0.0,0.0,0.0
2010-03-26,0.0,0.0,0.0,0.06320890532043716,0.0,0.026727516673226075,0.18882679591556084,0.0,0.0,0.11214227660102388,0.07192138276891213,0.0,0.0,0.006723655597534022,0.0,0.0,0.20101942805657066,0.0,0.0,0.0,0.0,0.0,0.25009157878365373,0.0,0.0,0.0793384602830815,0.0,0.0,0.0,0.0,0.0,0.0,0.0,0.0,0.0
2010-04-02,0.0,0.0,0.0,0.06320890532043716,0.0,0.040095564291666934,0.19911056730721627,0.0,0.0,0.10868873031990421,0.07192138276891213,0.0,0.0,0.003884085540012662,0.0,0.0,0.19667297369424971,0.0,0.0,0.0,0.0,0.0,0.24622113117976185,0.0,0.0,0.07019665957783905,0.0,0.0,0.0,0.0,0.0,0.0,0.0,0.0,0.0
2010-04-09,0.0,0.0,0.0,0.06320890532043716,0.0,0.040266890592582524,0.18723171587015827,0.0,0.0,0.11228542167584607,0.07192138276891213,0.0,0.0,0.006610002938822838,0.0,0.0,0.19704254507129207,0.0,0.0,0.0,0.0,0.0,0.24960291616324312,0.0,0.0,0.07183021959870581,0.0,0.0,0.0,0.0,0.0,0.0,0.0,0.0,0.0
2010-04-16,0.0,0.0,0.0,0.06320890532043716,0.0,0.022471624916162197,0.18723171587015827,0.0,0.0,0.11119468761212874,0.07192138276891213,0.0,0.0,0.018976665552681644,0.0,0.0,0.20542180552229958,0.0,0.0,0.0,0.0,0.0,0.2466331282361393,0.0,0.0,0.07294008420108096,0.0,0.0,0.0,0.0,0.0,0.0,0.0,0.0,0.0
2010-04-23,0.0,0.0,0.0,0.06320890532043716,0.0,0.025892866738805004,0.18723171587015827,0.0,0.0,0.11045762580926012,0.07192138276891213,0.0,0.0,0.01935952698217852,0.0,0.0,0.20386269526021503,0.0,0.0,0.0,0.0,0.0,0.24604003643427977,0.0,0.0,0.072025244815754,0.0,0.0,0.0,0.0,0.0,0.0,0.0,0.0,0.0
2010-04-30,0.0,0.0,0.0,0.054496452484310995,0.0,0.12271609147469735,0.09447224973952485,0.0,0.0,0.11643431788634973,0.0722282936741651,0.0,0.0,0.02153489396822732,0.0,0.0,0.21262126940669182,0.0,0.0,0.0,0.0,0.0,0.2424329511019032,0.0,0.0,0.06306348026412967,0.0,0.0,0.0,0.0,0.0,0.0,0.0,0.0,0.0
2010-05-07,0.0,0.0,0.0,0.05699044937420068,0.0,0.12014917455721232,0.09447224973952485,0.0,0.0,0.11747162728401588,0.0722282936741651,0.0,0.0,0.014686169185283844,0.0,0.0,0.20502796299978973,0.0,0.0,0.0,0.0,0.0008039463693111578,0.2460791863200961,0.0,0.0,0.07209094049640037,0.0,0.0,0.0,0.0,0.0,0.0,0.0,0.0,0.0
2010-05-14,0.0,0.0,0.0,0.054496452484310995,0.0,0.12364849232429133,0.09447224973952485,0.0,0.0,0.1186650610652814,0.0722282936741651,0.0,0.0,0.016206689771016962,0.0,0.0,0.20245553970062993,0.0,0.0,0.0,0.0,0.0,0.24624875813146221,0.0,0.0,0.07157846310931722,0.0,0.0,0.0,0.0,0.0,0.0,0.0,0.0,0.0
2010-05-21,0.0,0.0,0.0,0.05691929596947687,0.0,0.12014917455721232,0.09592924723170827,0.0,0.0,0.11695263265248282,0.0722282936741651,0.0,0.0,0.020574721104532602,0.0,0.0,0.20580884889047232,0.0,0.0,0.0,0.0,0.0,0.2450696218202075,0.0,0.0,0.0663681640997422,0.0,0.0,0.0,0.0,0.0,0.0,0.0,0.0,0.0
2010-05-28,0.27403403810339777,0.0,0.0,0.0,0.0,0.03008386364947736,0.08419924977839394,0.0,0.0,0.07301465873179731,0.05703607872347336,0.0,0.0,0.07419457801055634,0.0,0.0,0.15601913098009906,0.0,0.027163171054920582,0.0,0.0,0.0,0.18796958271461728,0.0,0.0,0.03628564825326694,0.0,0.0,0.0,0.0,0.0,0.0,0.0,0.0,0.0
2010-06-04,0.2740340381033979,0.0,0.0,0.0,0.0,0.03514027259678273,0.08542172497090085,0.0,0.0,0.0713287835040434,0.05703607872347336,0.0,0.0,0.07386307223982876,0.0,0.0,0.15112689652090194,0.0,0.027163171054920582,0.0,0.0,0.0,0.18679070244328766,0.0,0.0,0.03809525984246289,0.0,0.0,0.0,0.0,0.0,0.0,0.0,0.0,0.0
2010-06-11,0.2740340381033979,0.0,0.0,0.0,0.0,0.05075322637065496,0.08419924977839394,0.0,0.0,0.06431038250761037,0.06789071265936306,0.0,0.0,0.06173630913771374,0.0,0.0,0.14250197801657435,0.0,0.043418401936967214,0.0,0.0,0.0,0.18184740120660656,0.0,0.0,0.029308300282717935,0.0,0.0,0.0,0.0,0.0,0.0,0.0,0.0,0.0
2010-06-18,0.27403403810339777,0.0,0.0,0.0,0.0,0.05192895161181427,0.08419924977839394,0.0,0.0,0.06773406813742147,0.05703607872347336,0.0,0.0,0.06649836632317777,0.0,0.0,0.14697959180527953,0.0,0.03823747629044146,0.0,0.0,0.0,0.18404387894388247,0.0,0.0,0.029308300282717935,0.0,0.0,0.0,0.0,0.0,0.0,0.0,0.0,0.0
2010-06-25,0.19999999999999996,0.0,0.0,0.0,0.0,0.19925135085820153,0.07859160276777907,0.0,0.0,0.07505564765540261,0.07668011711485628,0.0,0.0,0.0005277043664810971,0.0,0.0,0.08792860629334447,0.0,0.04332624844285247,0.0,0.0,0.0,0.18800033454579368,0.0,0.0,0.05063838795528881,0.0,0.0,0.0,0.0,0.0,0.0,0.0,0.0,0.0
2010-07-02,0.19999999999999996,0.0,0.0,0.0,0.0,0.19900619714913548,0.07871750616911957,0.0,0.0,0.07650156236191658,0.07744849515317297,0.0,0.0,0.003551033780868247,0.0,0.0,0.08792860629334447,0.0,0.038464760697965616,0.0,0.0,0.0,0.18774345043918828,0.0,0.0,0.05063838795528881,0.0,0.0,0.0,0.0,0.0,0.0,0.0,0.0,0.0
2010-07-09,0.19999999999999996,0.0,0.0,0.0,0.0,0.19775921208470984,0.07842201244759946,0.0,0.0,0.07282776976874097,0.08433568896932982,0.0,0.0,0.0030350215401837807,0.0,0.0,0.08792860629334447,0.0,0.03937317653858097,0.0,0.0,0.0,0.1856801244022219,0.0,0.0,0.05063838795528881,0.0,0.0,0.0,0.0,0.0,0.0,0.0,0.0,0.0
2010-07-16,0.20000000000000007,0.0,0.0,0.0,0.0,0.19528374725559966,0.07839138657058148,0.0,0.0,0.07205851834420209,0.08723059298958777,0.0,0.0,0.002140159861800645,0.0,0.0,0.08792860629334447,0.0,0.03919683839351033,0.0,0.0,0.0,0.18713176233608475,0.0,0.0,0.05063838795528881,0.0,0.0,0.0,0.0,0.0,0.0,0.0,0.0,0.0
2010-07-23,0.19999999999999996,0.0,0.0,0.0,0.0,0.1992734861698673,0.07853241810345098,0.0,0.0,0.07342059122575155,0.07992163666125165,0.0,0.0,0.0031100705821542436,0.0,0.0,0.08792860629334447,0.0,0.03970985570614273,0.0,0.0,0.0,0.18746494730274832,0.0,0.0,0.05063838795528881,0.0,0.0,0.0,0.0,0.0,0.0,0.0,0.0,0.0
2010-07-30,0.20000000000000007,0.0,0.0,0.0,0.0,0.1978276594888365,0.09095741757327354,0.0,0.0,0.06491425476865366,0.09904903107823138,0.0,0.0,0.00037101176141883177,0.0,0.0,0.015057370710079366,0.0,0.16226258214915656,0.0,0.0,0.0,0.12053090932392779,0.0,0.0,0.04902976314642238,0.0,0.0,0.0,0.0,0.0,0.0,0.0,0.0,0.0
2010-08-06,0.19999999999999996,0.0,0.0,0.0,0.0,0.19767873866542432,0.09095758467949278,0.0,0.0,0.06351743299262232,0.09978223430240737,0.0,0.0,0.0,0.0,0.0,0.015057370710079366,0.0,0.16481651557808466,0.0,0.0,0.0,0.11883990056951961,0.0,0.0,0.04935022250236954,0.0,0.0,0.0,0.0,0.0,0.0,0.0,0.0,0.0
2010-08-13,0.20000000000000007,0.0,0.0,0.0,0.0,0.19624248678320277,0.09389630089972578,0.0,0.0,0.06569850923992455,0.09130814554005594,0.0,0.0,0.0009587614858885352,0.0,0.0,0.015057370710079366,0.0,0.1608974620309211,0.0,0.0,0.0,0.1203260253086483,0.0,0.0,0.05561493800155362,0.0,0.0,0.0,0.0,0.0,0.0,0.0,0.0,0.0
2010-08-20,0.20000000000000007,0.005702902716821939,0.0,0.0,0.0,0.19296191345517863,0.09569425038477038,0.0,0.0,0.06351743299262232,0.09557838081696243,0.0,0.0,0.00028276846185665614,0.0,0.0,0.015057370710079366,0.0,0.16198051429421076,0.0,0.0,0.0,0.11842772874393455,0.0,0.0,0.05079673742356295,0.0,0.0,0.0,0.0,0.0,0.0,0.0,0.0,0.0
2010-08-27,0.19999999999999996,0.0,0.0,0.0,0.0,0.19415137583596673,0.16772684572882135,0.0,0.0,0.001873434611508072,0.09201065138881366,0.0,0.0,0.0017499878445165387,0.0,0.0,0.0,0.0,0.1626124301597484,0.0,0.0,0.0,0.11899827007442754,0.0,0.0,0.06087700435619774,0.0,0.0,0.0,0.0,0.0,0.0,0.0,0.0,0.0
2010-09-03,0.19999999999999996,0.0,0.0,0.0,0.0,0.18867578217704475,0.16389676427069655,0.0,0.0,0.0036043471300053354,0.10387804610653018,0.0,0.0,0.0015238893122930368,0.0,0.0,0.0,0.0,0.16073257895696283,0.0,0.0,0.0,0.11779827608274934,0.0,0.0,0.05989031596371802,0.0,0.0,0.0,0.0,0.0,0.0,0.0,0.0,0.0
2010-09-10,0.19999999999999996,0.0,0.0,0.006267387582861176,0.0,0.18732669287135048,0.1647158691517902,0.0,0.0,0.0,0.09468889098751662,0.0,0.0,0.0010485286341383078,0.0,0.0,0.0,0.0,0.1610159199159518,0.0,0.0,0.00487452483139304,0.11888330733378072,0.0,0.0,0.06117887869121772,0.0,0.0,0.0,0.0,0.0,0.0,0.0,0.0,0.0
2010-09-17,0.19999999999999996,0.008146700375407805,0.0,0.0,0.0,0.19476954492718193,0.1595963139733639,0.0,0.0,0.0,0.10276601342089396,0.0,0.0,0.0,0.0,0.0,0.0,0.0,0.16324860417027637,0.0,0.0,0.0,0.11692374298030384,0.0,0.0,0.05454908015257225,0.0,0.0,0.0,0.0,0.0,0.0,0.0,0.0,0.0
2010-09-24,0.044623261731698394,0.013087748203217073,0.0,0.017459271661228463,0.0,0.22391569019079013,0.17927446522796808,0.0,0.0,0.0,0.12272243259879273,0.0,0.0,0.0,0.0,0.0,0.017459271661228463,0.0,0.22754693691218497,0.0,0.0,0.0,0.13142701354537073,0.0,0.0,0.022483908267520943,0.0,0.0,0.0,0.0,0.0,0.0,0.0,0.0,0.0
2010-10-01,0.044623261731698394,0.010803350762303581,0.0,0.017459271661228463,0.0,0.22673039138586876,0.17667343404715274,0.0,0.0,0.0,0.12221291163753717,0.0,0.0,0.0,0.0,0.0,0.017459271661228463,0.0,0.23097093218424716,0.0,0.0,0.0,0.13241975774683154,0.0,0.0,0.020647417181903722,0.0,0.0,0.0,0.0,0.0,0.0,0.0,0.0,0.0
2010-10-08,0.044623261731698394,0.01330300160070454,0.0,0.017459271661228463,0.0,0.23438507025238633,0.1717325734462103,0.0,0.0,0.0,0.10571058781508211,0.0,0.0,0.0005003900438326273,0.0,0.0,0.017459271661228463,0.0,0.23249132914613801,0.0,0.0,0.0,0.13857737318329374,0.0,0.0,0.023757869458197023,0.0,0.0,0.0,0.0,0.0,0.0,0.0,0.0,0.0
2010-10-15,0.044623261731698394,0.011504055105067044,0.0,0.017459271661228463,0.0,0.22959074006013022,0.1775588208428197,0.0,0.0,0.0,0.11655966105761802,0.0,0.0,0.0,0.0,0.0,0.017459271661228463,0.0,0.22987810015373633,0.0,0.0,0.0,0.1359744164216758,0.0,0.0,0.01939240130479759,0.0,0.0,0.0,0.0,0.0,0.0,0.0,0.0,0.0
2010-10-22,0.044623261731698394,0.014631187932383508,0.0,0.017459271661228463,0.0,0.22993295717813766,0.17340697134669913,0.0,0.0,0.0,0.105237223018893,0.0,0.0,0.004095453895218189,0.0,0.0,0.017459271661228463,0.0,0.2279364334411566,0.0,0.0,0.0,0.138297612547999,0.0,0.0,0.026920355585357582,0.0,0.0,0.0,0.0,0.0,0.0,0.0,0.0,0.0
2010-10-29,0.0,0.07977875364851489,0.0,0.026570626443554044,0.0,0.24109827491424304,0.0992728451366354,0.0,0.0,0.0,0.09879529755685151,0.0,0.0,0.009276568456874284,0.0,0.0,0.026570626443554044,0.0,0.23320535582603533,0.0,0.0,0.0,0.1472154941129947,0.0,0.0,0.03821615746074262,0.0,0.0,0.0,0.0,0.0,0.0,0.0,0.0,0.0
2010-11-05,2.220446049250313e-16,0.06023809107529303,0.0,0.026570626443554044,0.0,0.24346261173772146,0.0992728451366354,0.0,0.0,0.004624838601147889,0.09284742502382418,0.0,0.0,0.012461551967210655,0.0,0.0,0.026570626443554044,0.0,0.2344900626854388,0.0,0.0,0.0025726398525250816,0.1478008675349579,0.0,0.0,0.04908781349813736,0.0,0.0,0.0,0.0,0.0,0.0,0.0,0.0,0.0
2010-11-12,1.1102230246251565e-16,0.08243548914347307,0.0,0.029331451444944794,0.0,0.2459175131955841,0.0992728451366354,0.0,0.0,0.009778322472908546,0.07270221869308136,0.0,0.0,0.009965125648713614,0.0,0.0,0.026570626443554044,0.0,0.2188035049983407,0.0,0.0,0.006365429184171055,0.14870474869747932,0.0,0.0,0.05015272494111386,0.0,0.0,0.0,0.0,0.0,0.0,0.0,0.0,0.0
2010-11-19,2.220446049250313e-16,0.07252950683609176,0.0,0.039270840188333975,0.0,0.24340317042454926,0.0992728451366354,0.0,0.0,0.006540853298022869,0.07270221869308136,0.0,0.0,0.01805448190300754,0.0,0.0,0.026570626443554044,0.0,0.20574394339675792,0.0,0.0,0.014324401444044713,0.14750584672054506,0.0,0.0,0.05408126551537597,0.0,0.0,0.0,0.0,0.0,0.0,0.0,0.0,0.0
2010-11-26,0.0411419163968455,0.07443751923800297,0.0,0.039295126511489385,0.0,0.21226128087378515,0.09526364765889882,0.0,0.0,0.011119556958041142,0.06988648352483051,0.0,0.0,0.02192686054450395,0.0,0.0,0.025377164134068306,0.0,0.08135711052184738,0.0,0.0,0.01714745063261906,0.21641848810083408,0.0,0.0,0.09436739490423372,0.0,0.0,0.0,0.0,0.0,0.0,0.0,0.0,0.0
2010-12-03,0.04114191639684561,0.07948589920880712,0.0,0.033292076289354884,0.0,0.21798865656482047,0.09526364765889882,0.0,0.0,0.005653766536374431,0.06988648352483051,0.0,0.0,0.027078305968502667,0.0,0.0,0.025377164134068306,0.0,0.08135711052184738,0.0,0.0,0.011401473567525248,0.21401827374767157,0.0,0.0,0.09805522588045301,0.0,0.0,0.0,0.0,0.0,0.0,0.0,0.0,0.0
2010-12-10,0.0411419163968455,0.08080085805905912,0.0,0.031563660581650846,0.0,0.21946988082792346,0.09526364765889882,0.0,0.0,0.010218687683321332,0.06988648352483051,0.0,0.0,0.020972035198392712,0.0,0.0,0.025377164134068306,0.0,0.08135711052184738,0.0,0.0,0.009684116001959023,0.21649302800007597,0.0,0.0,0.09777141141112698,0.0,0.0,0.0,0.0,0.0,0.0,0.0,0.0,0.0
2010-12-17,0.04114191639684539,0.07440447895216842,0.0,0.02835757262201014,0.0,0.2408808146536982,0.09526364765889882,0.0,0.0,0.011381774616914225,0.06988648352483051,0.0,0.0,0.025679469234771005,0.0,0.0,0.025377164134068306,0.0,0.08135711052184738,0.0,0.0,0.004945380447829352,0.2051932269246423,0.0,0.0,0.09613096031147579,0.0,0.0,0.0,0.0,0.0,0.0,0.0,0.0,0.0
2010-12-24,0.04114191639684539,0.0777329377692097,0.0,0.03288992493289134,0.0,0.2438545314798063,0.09526364765889882,0.0,0.0,0.012505449316570463,0.06988648352483051,0.0,0.0,0.019527054976186703,0.0,0.0,0.026654055852397177,0.0,0.08135711052184738,0.0,0.0,0.009616123663588877,0.19585485317918333,0.0,0.0,0.09371591072774392,0.0,0.0,0.0,0.0,0.0,0.0,0.0,0.0,0.0
2010-12-31,0.005871648532039586,0.08252639177268332,0.0,0.02968049917343824,0.0,0.26273946506521234,0.10303931839430795,0.0,0.0,0.02244574475321459,0.07335881922086972,0.0,0.0,0.030069505280884295,0.0,0.0,0.0343811585792145,0.0,0.10021670777617184,0.0,0.0,0.0,0.21555587474612803,0.0,0.0,0.040114866705835556,0.0,0.0,0.0,0.0,0.0,0.0,0.0,0.0,0.0
2011-01-07,0.005871648532039586,0.08507344077486959,0.0,0.02968049917343824,0.0,0.2501168905238004,0.10303931839430795,0.0,0.0,0.026541494242000033,0.07335881922086972,0.0,0.0,0.02910471737509994,0.0,0.0,0.035701963772472686,0.0,0.10021670777617184,0.0,0.0,0.0014722115364905841,0.2177107878207955,0.0,0.0,0.04211150085764395,0.0,0.0,0.0,0.0,0.0,0.0,0.0,0.0,0.0
2011-01-14,0.005871648532039586,0.0811536217565932,0.0,0.02968049917343824,0.0,0.2348693503231523,0.10303931839430795,0.0,0.0,0.040892682201063166,0.07335881922086972,0.0,0.0,0.037735354492279945,0.0,0.0,0.04580214780956971,0.0,0.10021670777617184,0.0,0.0,0.0,0.21141451174002718,0.0,0.0,0.03596533858048711,0.0,0.0,0.0,0.0,0.0,0.0,0.0,0.0,0.0
2011-01-21,0.005871648532039475,0.0930340511725864,0.0,0.02968049917343824,0.0,0.22884414641017878,0.10303931839430795,0.0,0.0,0.038989670245606144,0.07335881922086972,0.0,0.0,0.029563594777901808,0.0,0.0,0.05094066216156831,0.0,0.10021670777617184,0.0,0.0,0.0,0.2072141761991238,0.0,0.0,0.03924670593620745,0.0,0.0,0.0,0.0,0.0,0.0,0.0,0.0,0.0
2011-01-28,0.09385980193364407,0.07284209026998362,0.0,0.022508887566126432,0.0,0.22082797090496978,0.10757706219724653,0.0,0.0,0.06559247242119597,0.0850681746311201,0.0,0.0,0.02380389541835684,0.0,0.0,0.07933736460931866,0.0,0.0,0.0,0.0,0.0,0.1520787209743531,0.0,0.0,0.07650355907368497,0.0,0.0,0.0,0.0,0.0,0.0,0.0,0.0,0.0
2011-02-04,0.09385980193364407,0.07384625055966353,0.0,0.022508887566126432,0.0,0.2247818941056344,0.10757706219724653,0.0,0.0,0.06306982564035715,0.0850681746311201,0.0,0.0,0.02099629932931075,0.0,0.0,0.07240792901570506,0.0,0.0,0.0,0.0,0.0,0.15449764554110976,0.0,0.0,0.08138622948008228,0.0,0.0,0.0,0.0,0.0,0.0,0.0,0.0,0.0
2011-02-11,0.09385980193364396,0.06963926075289083,0.0,0.022508887566126432,0.0018926752397928092,0.20027046201187115,0.10757706219724653,0.0,0.0,0.07624570687898714,0.0850681746311201,0.0,0.0,0.038878522053266966,0.0,0.0,0.07079198554130238,0.0,0.0,0.0,0.0,0.0,0.15089526692495095,0.0,0.0,0.08237219426880071,0.0,0.0,0.0,0.0,0.0,0.0,0.0,0.0,0.0
2011-02-18,0.09385980193364396,0.06980710597429707,0.0,0.026757393751969734,0.0,0.188800929249586,0.10757706219724653,0.0,0.0,0.07406757229766159,0.0850681746311201,0.0,0.0,0.03648838714491106,0.0,0.0,0.07835816455733197,0.0,0.0,0.0,0.0,0.007095416851926188,0.15089526692495095,0.0,0.0,0.08122472448535484,0.0,0.0,0.0,0.0,0.0,0.0,0.0,0.0,0.0
2011-02-25,0.04103381651139615,0.08451735617605682,0.0,0.03239876899566328,0.0,0.12544913729725862,0.10327175605514431,0.0,0.0,0.0793260481126021,0.077123142109352,0.0,0.0,0.03593612797282794,0.0,0.0,0.1785728184817336,0.0,0.0,0.0,0.0,0.011264671278642086,0.15096628386128177,0.0,0.0,0.0801400731480413,0.0,0.0,0.0,0.0,0.0,0.0,0.0,0.0,0.0
2011-03-04,0.04103381651139615,0.0818351429295008,0.0,0.04156792023382672,0.0,0.12544913729725862,0.10327175605514431,0.0,0.0,0.07800830474543231,0.077123142109352,0.0,0.0,0.03220497904862112,0.0,0.0,0.17469862393870297,0.0,0.0,0.0,0.0,0.017850884010624714,0.15326876347505128,0.0,0.0,0.07368752964508904,0.0,0.0,0.0,0.0,0.0,0.0,0.0,0.0,0.0
2011-03-11,0.04103381651139604,0.07865568745977028,0.0,0.04123415171732568,0.008240017896808604,0.12544913729725862,0.10327175605514431,0.0,0.0,0.0778018598105059,0.077123142109352,0.0,0.0,0.031171346671674694,0.0,0.0,0.1747865539153259,0.0,0.0,0.0,0.0,0.01744587061122416,0.1510662292269059,0.0,0.0,0.07272043071730781,0.0,0.0,0.0,0.0,0.0,0.0,0.0,0.0,0.0
2011-03-18,0.04103381651139615,0.08385545268167596,0.0,0.0322573102271761,0.0035346634247406046,0.12544913729725862,0.10327175605514431,0.0,0.0,0.07977858211908792,0.077123142109352,0.0,0.0,0.03184458742137658,0.0,0.0,0.17884006700100114,0.0,0.0,0.0,0.0,0.00855350413253208,0.16173755030195072,0.0,0.0,0.07272043071730781,0.0,0.0,0.0,0.0,0.0,0.0,0.0,0.0,0.0
2011-03-25,0.17709327663436913,0.04671121690614426,0.0,0.05249333518413291,0.02667543965730486,0.07844539254452002,0.1017795495086967,0.0,0.0,0.029322482662853144,0.07389289615582414,0.0,0.0,0.028318722250801093,0.0,0.0,0.18971343894629533,0.0,0.0,0.0,0.0,0.011336500418140534,0.15633109577804533,0.0,0.0,0.027886653352872562,0.0,0.0,0.0,0.0,0.0,0.0,0.0,0.0,0.0
2011-04-01,0.17709327663436913,0.04682314661228302,0.0,0.04966325036813303,0.023841517589272575,0.07844539254452002,0.1017795495086967,0.0,0.0,0.031281346664052155,0.07389289615582414,0.0,0.0,0.02661520283649001,0.0,0.0,0.19144360855501436,0.0,0.0,0.0,0.0,0.008017147768628014,0.1632170114098443,0.0,0.0,0.027886653352872562,0.0,0.0,0.0,0.0,0.0,0.0,0.0,0.0,0.0
2011-04-08,0.17709327663436913,0.05216217516312538,0.0,0.04971973104265685,0.01836172207008534,0.07844539254452002,0.1017795495086967,0.0,0.0,0.03113636317598693,0.07389289615582414,0.0,0.0,0.031409255734290854,0.0,0.0,0.1915051725333371,0.0,0.0,0.0,0.0,0.005835646244906427,0.16077216583932857,0.0,0.0,0.027886653352872562,0.0,0.0,0.0,0.0,0.0,0.0,0.0,0.0,0.0
2011-04-15,0.17709327663436913,0.051045974636630145,0.0,0.0462483754229579,0.01836172207008534,0.08984641993437048,0.1017795495086967,0.0,0.0,0.025840828682454346,0.07389289615582414,0.0,0.0,0.026997791777939654,0.0,0.0,0.18778869841199325,0.0,0.0,0.0,0.0,0.0011445400405931342,0.1720732733712132,0.0,0.0,0.027886653352872562,0.0,0.0,0.0,0.0,0.0,0.0,0.0,0.0,0.0
2011-04-22,0.17709327663436913,0.05197036167324688,0.0,0.0462483754229579,0.01836172207008534,0.10739708154263718,0.10458159598401888,0.0,0.0,0.031053247608529493,0.07389289615582414,0.0,0.0,0.006346548677471004,0.0,0.0,0.1849162930597208,0.0,0.0,0.0,0.0,0.0,0.1702519478182667,0.0,0.0,0.027886653352872562,0.0,0.0,0.0,0.0,0.0,0.0,0.0,0.0,0.0
2011-04-29,0.0009010531277030553,0.08557141175640984,0.0,0.0311235577272606,0.0,0.24088547583940048,0.16402192760206677,0.0,0.0,0.03184213330288249,0.08188187464677188,0.0,0.0,0.01700774200071528,0.0,0.0,0.09338737678165313,0.0,0.0,0.0,0.0,0.0,0.17021544010277573,0.0,0.0,0.08316200711236077,0.0,0.0,0.0,0.0,0.0,0.0,0.0,0.0,0.0
2011-05-06,0.0009010531277031664,0.07845698857163963,0.0,0.0311235577272606,0.0,0.2195546473779777,0.16402192760206677,0.0,0.0,0.041249288798846866,0.08188187464677188,0.0,0.0,0.020949071574896172,0.0,0.0,0.09628628124285893,0.0,0.0,0.0,0.0,0.0,0.16567461956516358,0.0,0.0,0.09990068976481481,0.0,0.0,0.0,0.0,0.0,0.0,0.0,0.0,0.0
2011-05-13,0.0009010531277029443,0.07791192583492024,0.0,0.03256617320032773,0.0,0.23447442865402665,0.16402192760206677,0.0,0.0,0.03908231817271298,0.08188187464677188,0.0,0.0,0.011459477254294862,0.0,0.0,0.08214005295529488,0.0,0.0,0.0,0.0,0.004259209492596068,0.16408938132889758,0.0,0.0,0.1072121777303873,0.0,0.0,0.0,0.0,0.0,0.0,0.0,0.0,0.0
2011-05-20,0.0009010531277031664,0.06809499942653333,0.0,0.04051098449932274,0.0,0.23604428042677086,0.16402192760206677,0.0,0.0,0.0360412199269914,0.08188187464677188,0.0,0.0,0.00451385750364801,0.0,0.0,0.08214005295529488,0.0,0.0,0.0,0.0,0.011885604088202406,0.16408938132889758,0.0,0.0,0.10987476446779708,0.0,0.0,0.0,0.0,0.0,0.0,0.0,0.0,0.0
2011-05-27,0.05296579426186443,0.12720682607457973,0.0,0.12132985785603231,0.0,0.04355855410098442,0.11140121865406985,0.0,0.0,0.032197973779960816,0.08396555951700146,0.0,0.0,0.022724695587323866,0.0,0.0,0.027435659137068386,0.0,0.027435659137068386,0.0,0.0,0.04877527510489371,0.16059690319416572,0.0,0.0,0.14040602359498688,0.0,0.0,0.0,0.0,0.0,0.0,0.0,0.0,0.0
2011-06-03,0.05296579426186465,0.12368990521339973,0.0,0.13101111571067914,0.0,0.037911748905999174,0.11140121865406985,0.0,0.0,0.02786850423691136,0.08396555951700146,0.0,0.0,0.01764139394344616,0.0,0.0,0.029040133372074617,0.0,0.027435659137068386,0.0,0.0,0.06274116741567251,0.1589519079900583,0.0,0.0,0.1353758916417548,0.0,0.0,0.0,0.0,0.0,0.0,0.0,0.0,0.0
2011-06-10,0.05296579426186443,0.12368990521339973,0.0,0.12658393390023376,0.0,0.027435659137068386,0.11140121865406985,0.0,0.0,0.030178720724442207,0.08396555951700146,0.0,0.0,0.026309929096950336,0.0,0.0,0.05315747196361534,0.0,0.027435659137068386,0.0,0.0,0.05370885404665139,0.16310079149777063,0.0,0.0,0.12006650284986403,0.0,0.0,0.0,0.0,0.0,0.0,0.0,0.0,0.0
2011-06-17,0.05296579426186443,0.12368990521339973,0.0,0.11471069416945508,0.0,0.03187960555059943,0.11140121865406985,0.0,0.0,0.03572073652753092,0.08396555951700146,0.0,0.0,0.028736171256659088,0.0,0.0,0.05201188474991243,0.0,0.027435659137068386,0.0,0.0,0.041120542897587674,0.18165153389539643,0.0,0.0,0.11471069416945508,0.0,0.0,0.0,0.0,0.0,0.0,0.0,0.0,0.0
2011-06-24,0.06178458158227196,0.03791115390932251,0.0,0.11844652412234377,0.0,0.04847762064357774,0.11417410128336195,0.0,0.0,0.031211371804337654,0.0830506902066766,0.0,0.0,0.02578396539954457,0.0,0.0,0.22059858720902661,0.0,0.03112341107668534,0.0,0.0,0.03791115390932251,0.1895268388535288,0.0,0.0,0.0,0.0,0.0,0.0,0.0,0.0,0.0,0.0,0.0,0.0
2011-07-01,0.06178458158227207,0.03791115390932251,0.0,0.11844652412234377,0.0,0.054936648598714805,0.11417410128336195,0.0,0.0,0.03264579465112542,0.0830506902066766,0.0,0.0,0.011246868203908415,0.0,0.0,0.2130402069072776,0.0,0.03112341107668534,0.0,0.0,0.03918092069141121,0.2024590987669004,0.0,0.0,0.0,0.0,0.0,0.0,0.0,0.0,0.0,0.0,0.0,0.0
2011-07-08,0.06178458158227196,0.03791115390932251,0.0,0.11953699355977626,0.0,0.06797416024325212,0.11417410128336195,0.0,0.0,0.019077340057385747,0.0830506902066766,0.0,0.0,0.017892275235951795,0.0,0.0,0.21393237733421566,0.0,0.03112341107668534,0.0,0.0,0.04318456115949985,0.19035835435160023,0.0,0.0,0.0,0.0,0.0,0.0,0.0,0.0,0.0,0.0,0.0,0.0
2011-07-15,0.06178458158227196,0.056005114111326734,0.0,0.11844652412234377,0.0,0.07378548931916082,0.11417410128336195,0.0,0.0,0.014412391891259245,0.0830506902066766,0.0,0.0,0.01053018761697284,0.0,0.0,0.20909097258059434,0.0,0.03112341107668534,0.0,0.0,0.03791115390932251,0.18968538230002388,0.0,0.0,0.0,0.0,0.0,0.0,0.0,0.0,0.0,0.0,0.0,0.0
2011-07-22,0.06178458158227196,0.039731142768407675,0.0,0.11844652412234377,0.0,0.07726562028317424,0.11417410128336195,0.0,0.0,0.018730687698387493,0.0830506902066766,0.0,0.0,0.006159989976551817,0.0,0.0,0.2125427508450623,0.0,0.03112341107668534,0.0,0.0,0.03791115390932251,0.19907934624775434,0.0,0.0,0.0,0.0,0.0,0.0,0.0,0.0,0.0,0.0,0.0,0.0
2011-07-29,0.04303462190333396,0.04653478670524261,0.0,0.02727541032895487,0.0,0.25798017438454546,0.10408847514353017,0.0,0.0,0.03454738312855255,0.0768130648145753,0.0,0.0,0.0,0.0,0.0,0.12154218406834275,0.0,0.02727541032895487,0.0,0.0,0.0,0.23363307886501264,0.0,0.0,0.02727541032895487,0.0,0.0,0.0,0.0,0.0,0.0,0.0,0.0,0.0
2011-08-05,0.04303462190333396,0.04653478670524261,0.0,0.02727541032895487,0.0,0.23886893459018185,0.10408847514353017,0.0,0.0,0.03676865595686307,0.0768130648145753,0.0,0.0,0.019320355711529062,0.0,0.0,0.13507917191911922,0.0,0.02727541032895487,0.0,0.0,0.0,0.21766570226876014,0.0,0.0,0.02727541032895487,0.0,0.0,0.0,0.0,0.0,0.0,0.0,0.0,0.0
2011-08-12,0.04303462190333396,0.04653478670524261,0.0,0.02727541032895487,0.0,0.24776753116238395,0.10408847514353017,0.0,0.0,0.025706403204585417,0.0768130648145753,0.0,0.0,0.02481932944990121,0.0,0.0,0.1301323107530866,0.0,0.02727541032895487,0.0,0.0,0.0,0.2192772458764962,0.0,0.0,0.02727541032895487,0.0,0.0,0.0,0.0,0.0,0.0,0.0,0.0,0.0
2011-08-19,0.04303462190333407,0.053092941507571836,0.0,0.02727541032895487,0.0,0.2431818702778397,0.10408847514353017,0.0,0.0,0.026578541025334818,0.0768130648145753,0.0,0.0,0.022708136848461413,0.0,0.0,0.12964834746931722,0.0,0.02727541032895487,0.0,0.0,0.0,0.21902777002317098,0.0,0.0,0.02727541032895487,0.0,0.0,0.0,0.0,0.0,0.0,0.0,0.0,0.0
2011-08-26,0.6549477564577826,0.0,0.0,0.0,0.0,0.11714876565037227,0.037364557761858215,0.0,0.0,0.009620621918394941,0.0,0.0,0.0,0.009646979359682764,0.0,0.0,0.06160020820586022,0.0,0.0414116499879195,0.0,0.0,0.0,0.06825946065812948,0.0,0.0,0.0,0.0,0.0,0.0,0.0,0.0,0.0,0.0,0.0,0.0
2011-09-02,0.6549477564577826,0.0,0.0,0.0,0.003997740415787487,0.11593324164582045,0.037364557761858215,0.0,0.0,0.006116383219673221,0.0,0.0,0.0,0.011293011764946155,0.0,0.0,0.057717978712953456,0.0,0.0414116499879195,0.0,0.0,0.0,0.06517394567723135,0.0,0.0,0.006043734356027544,0.0,0.0,0.0,0.0,0.0,0.0,0.0,0.0,0.0
2011-09-09,0.6549477564577827,0.006894815487628966,0.0,0.0,0.0,0.10800377115403723,0.03939377997852294,0.0,0.0,0.0,0.02308403866431049,0.0,0.0,0.003938140646179445,0.0,0.0,0.05608190126891396,0.0,0.05157389507371039,0.0,0.0,0.0,0.05608190126891396,0.0,0.0,0.0,0.0,0.0,0.0,0.0,0.0,0.0,0.0,0.0,0.0
2011-09-16,0.6549477564577826,0.00862073203951447,0.0,0.0,0.0,0.1077868165401428,0.037364557761858215,0.0,0.0,0.0,0.02260332793145461,0.0,0.0,0.003803866509163874,0.0,0.0,0.05608190126891396,0.0,0.05246048303713825,0.0,0.0,0.0,0.0563305584540312,0.0,0.0,0.0,0.0,0.0,0.0,0.0,0.0,0.0,0.0,0.0,0.0
2011-09-23,0.6549477564577826,0.009593335796995148,0.0,0.0,0.0,0.10593803672546312,0.04222553390109268,0.0,0.0,0.0,0.022188261218567103,0.0,0.0,0.00026847376771373636,0.0,0.0,0.05608190126891396,0.0,0.05150185334108144,0.0,0.0,0.0,0.05725484752239018,0.0,0.0,0.0,0.0,0.0,0.0,0.0,0.0,0.0,0.0,0.0,0.0
2011-09-30,0.6558890875025716,0.018129239438102334,0.0,0.0,0.0,0.10263539365038565,0.04442577869876267,0.0,0.0,0.0,0.06133372369264466,0.0,0.0,0.0020546612474534654,0.0,0.0,0.0,0.0,0.09694267034841095,0.0,0.0,0.0,0.018589445421668696,0.0,0.0,0.0,0.0,0.0,0.0,0.0,0.0,0.0,0.0,0.0,0.0
2011-10-07,0.6558890875025716,0.017150068985486683,0.0,0.0,0.0,0.10194813146586312,0.046789502134282936,0.0,0.0,0.0,0.0638009776244867,0.0,0.0,0.0007906649386917642,0.0,0.0,0.0,0.0,0.09611381615610165,0.0,0.0,0.0,0.017517751192515574,0.0,0.0,0.0,0.0,0.0,0.0,0.0,0.0,0.0,0.0,0.0,0.0
2011-10-14,0.6558890875025716,0.014862677246161743,0.0,0.0,0.0,0.10307662086141398,0.04522627380504531,0.0,0.0,0.0,0.06702458243266926,0.0,0.0,0.0007517146067653032,0.0,0.0,0.0,0.0,0.09589032916120266,0.0,0.0,0.0,0.01727871438417016,0.0,0.0,0.0,0.0,0.0,0.0,0.0,0.0,0.0,0.0,0.0,0.0
2011-10-21,0.6558890875025716,0.011053858662945431,0.0,0.0,0.0,0.10442639446411353,0.0422811368205488,0.0,0.0,0.0,0.06761113238192556,0.0,0.0,0.003793419432186281,0.0,0.0,0.0,0.0,0.09739784508597696,0.0,0.0,0.0,0.017547125649731866,0.0,0.0,0.0,0.0,0.0,0.0,0.0,0.0,0.0,0.0,0.0,0.0
2011-10-28,0.6559867815277324,0.007536682128733197,0.0,0.0,0.0,0.09057820108457017,0.06193441384548432,0.0,0.0,0.0,0.0872147346609663,0.0,0.0,0.0024683199015673317,0.0,0.0,0.0,0.0,0.09428086685094633,0.0,0.0,0.0,0.0,0.0,0.0,0.0,0.0,0.0,0.0,0.0,0.0,0.0,0.0,0.0,0.0
2011-11-04,0.6559867815277324,0.007536682128733197,0.0,0.0,0.0,0.09235905214106607,0.060792124949106296,0.0,0.0,0.0,0.08723275085475306,0.0,0.0,0.0019686986521241746,0.0,0.0,0.0,0.0,0.09412390974648484,0.0,0.0,0.0,0.0,0.0,0.0,0.0,0.0,0.0,0.0,0.0,0.0,0.0,0.0,0.0,0.0
2011-11-11,0.6559867815277324,0.007536682128733197,0.0,0.0,0.0,0.09312438124093438,0.058418788120859474,0.0,0.0,0.0,0.08622907441678758,0.0,0.0,0.0023296317970743705,0.0,0.0,0.0,0.0,0.09637466076787864,0.0,0.0,0.0,0.0,0.0,0.0,0.0,0.0,0.0,0.0,0.0,0.0,0.0,0.0,0.0,0.0
2011-11-18,0.6559867815277324,0.007536682128733197,0.0,0.0,0.0,0.09325964869952186,0.05990753328941938,0.0,0.0,0.0,0.07858925905169463,0.0,0.0,0.007838396856541384,0.0,0.0,0.0,0.0,0.09688169844635718,0.0,0.0,0.0,0.0,0.0,0.0,0.0,0.0,0.0,0.0,0.0,0.0,0.0,0.0,0.0,0.0
2011-11-25,0.2442104350381098,0.0,0.0,0.0,0.0,0.23217734118992778,0.06511340396515963,0.0,0.0,0.0,0.13139691820493804,0.0,0.0,0.04911793932849917,0.0,0.0,0.0038439021402762925,0.0,0.2417545277199403,0.0,0.0,0.0,0.03238553241314902,0.0,0.0,0.0,0.0,0.0,0.0,0.0,0.0,0.0,0.0,0.0,0.0
2011-12-02,0.2442104350381098,0.0,0.0,0.0,0.0,0.23560207513577427,0.0648993449660524,0.0,0.0,0.0,0.1302142695846512,0.0,0.0,0.0494482614050328,0.0,0.0,0.0021250678154260353,0.0,0.23810021714505636,0.0,0.0,0.0,0.03540032890989715,0.0,0.0,0.0,0.0,0.0,0.0,0.0,0.0,0.0,0.0,0.0,0.0
2011-12-09,0.2442104350381098,0.0,0.0,0.0,0.0,0.22917550511066762,0.06884316776273992,0.0,0.0,0.0,0.14207937239208873,0.0,0.0,0.04254627462252711,0.0,0.0,0.0005965516681722348,0.0,0.23555168742377852,0.0,0.0,0.0,0.03699700598191605,0.0,0.0,0.0,0.0,0.0,0.0,0.0,0.0,0.0,0.0,0.0,0.0
2011-12-16,0.2442104350381098,0.0,0.0,0.0,0.0,0.23559680783599576,0.065160079601293,0.0,0.0,0.0,0.12409520705888033,0.0,0.0,0.046457716618171746,0.0,0.0,0.0042320780921980845,0.0,0.24564816554701302,0.0,0.0,0.0,0.03459951020833824,0.0,0.0,0.0,0.0,0.0,0.0,0.0,0.0,0.0,0.0,0.0,0.0
2011-12-23,0.2442104350381098,0.0,0.0,0.0,0.0,0.23140978678855834,0.06488719149960376,0.0,0.0,0.0,0.14971632306529073,0.0,0.0,0.03898291497714249,0.0,0.0,0.0,0.0,0.23840781621814588,0.0,0.0,0.0,0.03238553241314902,0.0,0.0,0.0,0.0,0.0,0.0,0.0,0.0,0.0,0.0,0.0,0.0
2011-12-30,0.15499999999999992,0.0,0.0,0.0,0.0,0.18078874456925284,0.15737768294770715,0.0,0.0,0.0,0.2074449549028146,0.0,0.0,0.0,0.0,0.0,0.03626178734815175,0.0,0.226865042883922,0.0,0.0,0.0,0.03626178734815175,0.0,0.0,0.0,0.0,0.0,0.0,0.0,0.0,0.0,0.0,0.0,0.0
2012-01-06,0.15499999999999992,0.0,0.0,0.0,0.0,0.1809681520454238,0.16191114645663574,0.0,0.0,0.0,0.19593178694354826,0.0,0.0,0.007343750780733212,0.0,0.0,0.03626178734815175,0.0,0.2263215890773556,0.0,0.0,0.0,0.03626178734815175,0.0,0.0,0.0,0.0,0.0,0.0,0.0,0.0,0.0,0.0,0.0,0.0
2012-01-13,0.15499999999999992,0.0,0.0,0.0,0.0,0.179456921822084,0.16120948107803423,0.0,0.0,0.0,0.2053232336026585,0.0,0.0,0.0,0.0,0.0,0.03626178734815175,0.0,0.2207500238085212,0.0,0.0,0.0,0.041998552340550395,0.0,0.0,0.0,0.0,0.0,0.0,0.0,0.0,0.0,0.0,0.0,0.0
2012-01-20,0.15499999999999992,0.0,0.0,0.0,0.0,0.1710010142744914,0.17268240099296475,0.0,0.0,0.0,0.20605182813157433,0.0,0.0,0.0,0.0,0.0,0.03626178734815175,0.0,0.2174525810587866,0.0,0.0,0.0,0.041550388194031285,0.0,0.0,0.0,0.0,0.0,0.0,0.0,0.0,0.0,0.0,0.0,0.0
2012-01-27,0.006753929872078457,0.0,0.0,0.0,0.0,0.19500027838442202,0.16079031341745528,0.0,0.0,0.0,0.17616147874984905,0.0,0.0,0.0,0.0,0.0,0.02372485467147688,0.0,0.20940539131985067,0.0,0.0,0.0,0.06228324743085585,0.0,0.0,0.0,0.0,0.0,0.0,0.0,0.04147012653850296,0.04147012653850296,0.04147012653850296,0.04147012653850296,0.0
2012-02-03,0.006753929872078457,0.0,0.0,0.0,0.0,0.18805314837858098,0.16754075664173546,0.0,0.0,0.0,0.18019466882022367,0.0,0.0,0.0,0.0,0.0,0.02372485467147688,0.0,0.2094234510088427,0.0,0.0,0.0,0.05842868445305004,0.0,0.0,0.0,0.0,0.0,0.0,0.0,0.04147012653850296,0.04147012653850296,0.04147012653850296,0.04147012653850296,0.0
2012-02-10,0.006753929872078457,0.0,0.0,0.0,0.0,0.19635450685974976,0.15519274100629082,0.0,0.0,0.0,0.1618712776109874,0.0,0.0,0.00318199162863963,0.0,0.0,0.02488494783590853,0.0,0.22012021710401242,0.0,0.0,0.0,0.06575988192832116,0.0,0.0,0.0,0.0,0.0,0.0,0.0,0.04147012653850296,0.04147012653850296,0.04147012653850296,0.04147012653850296,0.0
2012-02-17,0.006753929872078457,0.0,0.0,0.0,0.0,0.1910177390964123,0.15594116981807193,0.0,0.0,0.0,0.18099337831229756,0.0,0.0,0.0,0.0,0.0,0.02372485467147688,0.0,0.21207049896382413,0.0,0.0,0.0,0.06361792311182696,0.0,0.0,0.0,0.0,0.0,0.0,0.0,0.04147012653850296,0.04147012653850296,0.04147012653850296,0.04147012653850296,0.0
2012-02-24,0.04558844693003017,0.0,0.0,0.014122731569811198,0.0,0.14422162213988815,0.12139100914970186,0.0,0.0,0.005206878502934342,0.13009889057007695,0.0,0.0,0.026042714277334924,0.0,0.0,0.03113257997808879,0.0,0.180859342612195,0.0,0.0,0.0,0.09781485564027102,0.0,0.0,0.014122731569811198,0.0,0.0,0.0,0.0,0.0,0.06313273235328544,0.06313273235328544,0.06313273235328544,0.0
2012-03-02,0.04558844693003017,0.0,0.0,0.014122731569811198,0.0,0.15596110453939832,0.12811925147836611,0.0,0.0,0.011483944816730696,0.13009889057007695,0.0,0.0,0.019358508106004594,0.0,0.0,0.02082358661730054,0.0,0.17244847743190905,0.0,0.0,0.0,0.09847412931070476,0.0,0.0,0.014122731569811198,0.0,0.0,0.0,0.0,0.0,0.06313273235328544,0.06313273235328544,0.06313273235328544,0.0
2012-03-09,0.04558844693003039,0.0,0.0,0.014122731569811198,0.0,0.14488998083641264,0.11981375359409754,0.0,0.0,0.014324970056621398,0.14724389584268416,0.0,0.0,0.02219192166880358,0.0,0.0,0.02502446774179143,0.0,0.16548139814249596,0.0,0.0,0.0,0.0977975049875843,0.0,0.0,0.014122731569811198,0.0,0.0,0.0,0.0,0.0,0.06313273235328544,0.06313273235328544,0.06313273235328544,0.0
2012-03-16,0.04558844693003017,0.0,0.0,0.014122731569811198,0.0,0.1511114776046928,0.11981375359409754,0.0,0.0,0.011926861778549538,0.13278532206684263,0.0,0.0,0.027102658651403017,0.0,0.0,0.028898836515519676,0.0,0.1677689551551964,0.0,0.0,0.0,0.09736002750418946,0.0,0.0,0.014122731569811198,0.0,0.0,0.0,0.0,0.0,0.06313273235328544,0.06313273235328544,0.06313273235328544,0.0
2012-03-23,0.04558844693003028,0.0,0.0,0.014122731569811198,0.0,0.15801824031710154,0.11981375359409754,0.0,0.0,0.01788290586177353,0.13009889057007695,0.0,0.0,0.02925933656552341,0.0,0.0,0.033268714410948454,0.0,0.1521897182759799,0.0,0.0,0.0,0.09623633327498969,0.0,0.0,0.014122731569811198,0.0,0.0,0.0,0.0,0.0,0.06313273235328544,0.06313273235328544,0.06313273235328544,0.0
2012-03-30,0.02403890675756215,0.0,0.0,0.01915907428185844,0.0,0.1337168974038042,0.08572070071576753,0.0,0.0,0.013872467334581869,0.1519380502322792,0.0,0.0,0.1002112600813942,0.0,0.0,0.03265738887790601,0.0,0.17278119520772264,0.0,0.0,0.0,0.12784398279182252,0.0,0.0,0.022051186750031457,0.0,0.0,0.0,0.0,0.0,0.03866962985508993,0.03866962985508993,0.03866962985508993,0.0
2012-04-06,0.02403890675756226,0.0,0.0,0.01915907428185844,0.0,0.12370816913511476,0.08572070071576753,0.0,0.0,0.0,0.1519380502322792,0.0,0.0,0.09830545528984504,0.0,0.0,0.0433220641866526,0.0,0.17914396370998084,0.0,0.0,0.0,0.12203551546028449,0.0,0.0,0.03661921066538516,0.0,0.0,0.0,0.0,0.0,0.03866962985508993,0.03866962985508993,0.03866962985508993,0.0
2012-04-13,0.02403890675756226,0.0,0.0,0.01915907428185844,0.0,0.1166266189442296,0.08572070071576753,0.0,0.0,0.008655112789300675,0.16861358174930663,0.0,0.0,0.08456673105975783,0.0,0.0,0.03493472842127664,0.0,0.18994666650706102,0.0,0.0,0.0,0.13074356344679447,0.0,0.0,0.02098542576181521,0.0,0.0,0.0,0.0,0.0,0.03866962985508993,0.03866962985508993,0.03866962985508993,0.0
2012-04-20,0.02403890675756215,0.0,0.0,0.01915907428185844,0.0,0.0967951363471441,0.09228433590807927,0.0,0.0,0.011585178999597425,0.1519380502322792,0.0,0.0,0.10204507813689298,0.0,0.0,0.050016526486803076,0.0,0.17267081782307112,0.0,0.0,0.0,0.14429893117958403,0.0,0.0,0.01915907428185844,0.0,0.0,0.0,0.0,0.0,0.03866962985508993,0.03866962985508993,0.03866962985508993,0.0
2012-04-27,0.08939445971756099,0.0,0.0,0.02170219186254711,0.023182522300302794,0.031292061317611086,0.13418311874500527,0.0,0.0,0.01175599096618154,0.14752638797504175,0.0,0.0,0.0946887500049973,0.0,0.0,0.05198789293874963,0.0,0.19427482103693136,0.0,0.0,0.0,0.1087620443716157,0.0,0.0,0.02170219186254711,0.0,0.0,0.0,0.0,0.023182522300302794,0.023182522300302794,0.023182522300302794,0.0,0.0
2012-05-04,0.0893944597175611,0.0,0.0,0.02170219186254711,0.023182522300302794,0.031292061317611086,0.13418311874500527,0.0,0.0,0.00716921297922045,0.16287200445248404,0.0,0.0,0.0922428891281111,0.0,0.0,0.05147206286013026,0.0,0.18649971476706725,0.0,0.0,0.0,0.10874000310650414,0.0,0.0,0.02170219186254711,0.0,0.0,0.0,0.0,0.023182522300302794,0.023182522300302794,0.023182522300302794,0.0,0.0
2012-05-11,0.0893944597175611,0.0,0.0,0.02170219186254711,0.023182522300302794,0.031292061317611086,0.1418181337213786,0.0,0.0,0.00603113603363213,0.14377298820006926,0.0,0.0,0.09957706568485905,0.0,0.0,0.0565723376172704,0.0,0.17879642381750363,0.0,0.0,0.0,0.11661092096380947,0.0,0.0,0.02170219186254711,0.0,0.0,0.0,0.0,0.023182522300302794,0.023182522300302794,0.023182522300302794,0.0,0.0
2012-05-18,0.08939445971756088,0.0,0.0,0.02170219186254711,0.023182522300302794,0.031292061317611086,0.14686447040291237,0.0,0.0,0.0,0.16261847415896752,0.0,0.0,0.08604561898239788,0.0,0.0,0.04251804283584822,0.0,0.19484786389502898,0.0,0.0,0.0,0.11028453576336754,0.0,0.0,0.02170219186254711,0.0,0.0,0.0,0.0,0.023182522300302794,0.023182522300302794,0.023182522300302794,0.0,0.0
2012-05-25,0.24797086806280522,0.0,0.0,0.0,0.0,0.0,0.09347493102408842,0.0,0.0,0.009501230210488114,0.12457425210020444,0.0,0.0,0.09197075057033552,0.0,0.0,0.09510041014326828,0.0,0.1649627866611591,0.0,0.0,0.0,0.13771121327730845,0.0,0.0,0.0,0.0,0.0,0.0,0.0,0.011577852650114141,0.011577852650114141,0.011577852650114141,0.0,0.0
2012-06-01,0.24797086806280522,0.0,0.0,0.0,0.0,0.0,0.09598610859024743,0.0,0.0,0.009952027034143818,0.12768587203620543,0.0,0.0,0.09050228359433153,0.0,0.0,0.09991856207828019,0.0,0.15853340513779318,0.0,0.0,0.0,0.13471731551585073,0.0,0.0,0.0,0.0,0.0,0.0,0.0,0.011577852650114141,0.011577852650114141,0.011577852650114141,0.0,0.0
2012-06-08,0.24797086806280522,0.0,0.0,0.0,0.0,0.0,0.09485982585542549,0.0,0.0,0.004366144765334991,0.133715233779038,0.0,0.0,0.0841779205682489,0.0,0.0,0.09413940180136675,0.0,0.16750296010607577,0.0,0.0,0.0,0.1385340871113625,0.0,0.0,0.0,0.0,0.0,0.0,0.0,0.011577852650114141,0.011577852650114141,0.011577852650114141,0.0,0.0
2012-06-15,0.24797086806280522,0.0,0.0,0.0,0.0,0.0,0.0972418384228671,0.0,0.0,0.004098598338813621,0.13319353869686143,0.0,0.0,0.08522755567064155,0.0,0.0,0.09112218262174063,0.0,0.17066826858643502,0.0,0.0,0.0,0.135743591649493,0.0,0.0,0.0,0.0,0.0,0.0,0.0,0.011577852650114141,0.011577852650114141,0.011577852650114141,0.0,0.0
2012-06-22,0.24797086806280533,0.0,0.0,0.0,0.0,0.0,0.10018741186367203,0.0,0.0,0.0,0.15849396535634647,0.0,0.0,0.07241470082307316,0.0,0.0,0.0802577615431882,0.0,0.18070579337823806,0.0,0.0,0.0,0.1252359410223344,0.0,0.0,0.0,0.0,0.0,0.0,0.0,0.011577852650114141,0.011577852650114141,0.011577852650114141,0.0,0.0
2012-06-29,0.044614691846696974,0.0,0.0,0.0,0.0,0.0,0.1869063008076371,0.0,0.0,0.0,0.19857883909445773,0.0,0.0,0.02157666910086153,0.0,0.0,0.045685044931557964,0.0,0.2362933440241753,0.0,0.0,0.0,0.24194617203861923,0.0,0.0,0.0,0.0,0.0,0.0,0.0,0.008132979385331354,0.008132979385331354,0.008132979385331354,0.0,0.0
2012-07-06,0.044614691846696974,0.0,0.0,0.0,0.0,0.0042207249422545985,0.17889399434545616,0.0,0.0,0.0,0.23328141087758295,0.0,0.0,0.012861922187290332,0.0,0.0,0.033627043205210976,0.0,0.2330954197240253,0.0,0.0,0.0,0.23500585471548852,0.0,0.0,0.0,0.0,0.0,0.0,0.0,0.008132979385331354,0.008132979385331354,0.008132979385331354,0.0,0.0
2012-07-13,0.044614691846697085,0.0,0.0,0.0,0.0,0.0,0.19244515419558866,0.0,0.0,0.0,0.21010136328292936,0.0,0.0,0.014770923454927313,0.0,0.0,0.04060787086164961,0.0,0.23377817060471046,0.0,0.0,0.0,0.23928288759750344,0.0,0.0,0.0,0.0,0.0,0.0,0.0,0.008132979385331354,0.008132979385331354,0.008132979385331354,0.0,0.0
2012-07-20,0.044614691846697196,0.0,0.0,0.0,0.0,0.0,0.19326456969095662,0.0,0.0,0.0,0.2059735995042322,0.0,0.0,0.01387067042804142,0.0,0.0,0.043248809407731625,0.0,0.23657639412532222,0.0,0.0,0.0,0.23805232684102473,0.0,0.0,0.0,0.0,0.0,0.0,0.0,0.008132979385331354,0.008132979385331354,0.008132979385331354,0.0,0.0
2012-07-27,0.0,0.0,0.0,0.0,0.0,0.0,0.24668801028615078,0.0,0.0,0.0,0.2193906987794758,0.0,0.0,0.10216054765542454,0.0,0.0,0.044662789335191334,0.0,0.25616151916241375,0.0,0.0,0.0,0.1309364347813437,0.0,0.0,0.0,0.0,0.0,0.0,0.0,0.0,0.0,0.0,0.0,0.0
2012-08-03,1.1102230246251565e-16,0.0,0.0,0.0,0.0,0.0,0.2509755249474954,0.0,0.0,0.0,0.21594737649225348,0.0,0.0,0.09906308125582679,0.0,0.0,0.050095161923808876,0.0,0.25324230550049875,0.0,0.0,0.0,0.13067654988011654,0.0,0.0,0.0,0.0,0.0,0.0,0.0,0.0,0.0,0.0,0.0,0.0
2012-08-10,2.220446049250313e-16,0.0,0.0,0.0,0.0,0.0,0.24277314936444427,0.0,0.0,0.008642228464656189,0.1932410242073755,0.0,0.0,0.10364046589155566,0.0,0.0,0.058982116880208865,0.0,0.2550281670308347,0.0,0.0,0.0,0.1376928481609247,0.0,0.0,0.0,0.0,0.0,0.0,0.0,0.0,0.0,0.0,0.0,0.0
2012-08-17,1.1102230246251565e-16,0.0,0.0,0.0,0.0,0.0,0.24635750627395636,0.0,0.0,0.007082953735732444,0.1974314524091314,0.0,0.0,0.09824136924498499,0.0,0.0,0.05924235894379462,0.0,0.2538011625818909,0.0,0.0,0.0,0.13784319681050913,0.0,0.0,0.0,0.0,0.0,0.0,0.0,0.0,0.0,0.0,0.0,0.0
2012-08-24,0.0,0.0,0.0,0.0,0.0,0.0,0.23751033383408987,0.0,0.0,0.008127259310119516,0.1936284362349759,0.0,0.0,0.11266630295528518,0.0,0.0,0.06668972449967889,0.0,0.23945404391439934,0.0,0.0,0.0,0.1419238992514512,0.0,0.0,0.0,0.0,0.0,0.0,0.0,0.0,0.0,0.0,0.0,0.0
2012-08-31,0.0,0.0,0.0,0.02495812957140247,0.0,0.02495812957140247,0.19071873673803685,0.0,0.0,0.0064396774240038715,0.16340081884284868,0.0,0.0,0.025565587577715123,0.0,0.0,0.07776114470227843,0.0,0.22101195350097952,0.0,0.0,0.0,0.24022769249993012,0.0,0.0,0.02495812957140247,0.0,0.0,0.0,0.0,0.0,0.0,0.0,0.0,0.0
2012-09-07,0.0,0.0,0.0,0.02495812957140247,0.0,0.02495812957140247,0.1947473128364427,0.0,0.0,0.0078550605217655,0.16332174265087362,0.0,0.0,0.027013089841041487,0.0,0.0,0.07697149826925005,0.0,0.21538868095005118,0.0,0.0,0.0,0.23982822621636807,0.0,0.0,0.02495812957140247,0.0,0.0,0.0,0.0,0.0,0.0,0.0,0.0,0.0
2012-09-14,0.0,0.0,0.0,0.02495812957140247,0.0,0.02495812957140247,0.1904165112304961,0.0,0.0,0.007711152197723283,0.15854323434801776,0.0,0.0,0.032437159072729475,0.0,0.0,0.08160532048606839,0.0,0.2169601633138865,0.0,0.0,0.0,0.23745207063687107,0.0,0.0,0.02495812957140247,0.0,0.0,0.0,0.0,0.0,0.0,0.0,0.0,0.0
2012-09-21,0.0,0.0,0.0,0.025805006214382937,0.0,0.02495812957140247,0.19423497941665135,0.0,0.0,0.009485911184965638,0.15568303650812593,0.0,0.0,0.03283888831243221,0.0,0.0,0.08192297816146465,0.0,0.21100609409083054,0.0,0.0,0.0025672542737365813,0.23653959269460523,0.0,0.0,0.02495812957140247,0.0,0.0,0.0,0.0,0.0,0.0,0.0,0.0,0.0
2012-09-28,3.3306690738754696e-16,0.0,0.0,0.029484916771888157,0.0,0.026852867359560002,0.21910560635772242,0.0,0.0,0.009932578480209635,0.1524770820066888,0.0,0.0,0.03407244463943078,0.0,0.0,0.1729887377756333,0.0,0.08842310660886882,0.0,0.0,0.0008869858100148274,0.238922806830423,0.0,0.0,0.026852867359560002,0.0,0.0,0.0,0.0,0.0,0.0,0.0,0.0,0.0
2012-10-05,2.220446049250313e-16,0.0,0.0,0.026852867359560002,0.0,0.026852867359560002,0.21506118069237642,0.0,0.0,0.01717288454596166,0.1524770820066888,0.0,0.0,0.03382045404080573,0.0,0.0,0.17268455712735742,0.0,0.08929549974870371,0.0,0.0,0.0,0.23892973975942602,0.0,0.0,0.026852867359560002,0.0,0.0,0.0,0.0,0.0,0.0,0.0,0.0,0.0
2012-10-12,2.220446049250313e-16,0.0,0.0,0.02975742768973508,0.0,0.026852867359560002,0.20900289641478442,0.0,0.0,0.01872308858623948,0.1524770820066888,0.0,0.0,0.03578340644101342,0.0,0.0,0.16947839157737932,0.0,0.08842310660886882,0.0,0.0,0.000981635824533258,0.24166723013163716,0.0,0.0,0.026852867359560002,0.0,0.0,0.0,0.0,0.0,0.0,0.0,0.0,0.0
2012-10-19,2.220446049250313e-16,0.0,0.0,0.03603647341284694,0.0,0.026852867359560002,0.2113089468059713,0.0,0.0,0.017599338079940106,0.1524770820066888,0.0,0.0,0.026793739902403992,0.0,0.0,0.16786646192318916,0.0,0.08842310660886882,0.0,0.0,0.007240396380240716,0.23854872016072998,0.0,0.0,0.026852867359560002,0.0,0.0,0.0,0.0,0.0,0.0,0.0,0.0,0.0
2012-10-26,0.08923295637495787,0.0,0.0,0.030948714075513573,0.0,0.0433831502946228,0.18447167573499942,0.0,0.0,0.0883073167302906,0.12941066118955233,0.0,0.0,0.0406494365546595,0.0,0.0,0.14222255639558876,0.0,0.0276921415750471,0.0,0.0,0.0010996585198419322,0.1948895909798791,0.0,0.0,0.0276921415750471,0.0,0.0,0.0,0.0,0.0,0.0,0.0,0.0,0.0
2012-11-02,0.08923295637495765,0.0,0.0,0.0276921415750471,0.0,0.03545776635261441,0.19026346948690884,0.0,0.0,0.07734090961915846,0.16668678286325897,0.0,0.0,0.029032068628418707,0.0,0.0,0.14022576392936284,0.0,0.0319043238602264,0.0,0.0,0.0,0.18447167573499942,0.0,0.0,0.0276921415750471,0.0,0.0,0.0,0.0,0.0,0.0,0.0,0.0,0.0
2012-11-09,0.08923295637495765,0.0,0.0,0.0329047091089865,0.0,0.03969649064357899,0.18665127694478803,0.0,0.0,0.08087759884935276,0.15211961017295156,0.0,0.0,0.03251698564747612,0.0,0.0,0.1429761559132845,0.0,0.0276921415750471,0.0,0.0,0.0031682574595301516,0.18447167573499942,0.0,0.0,0.0276921415750471,0.0,0.0,0.0,0.0,0.0,0.0,0.0,0.0,0.0
2012-11-16,0.08923295637495765,0.0,0.0,0.0276921415750471,0.0,0.03350283853200891,0.20086716361345106,0.0,0.0,0.07066411535480703,0.18456707933443534,0.0,0.0,0.013072978380333933,0.0,0.0,0.13758455561465074,0.0,0.028320655288408884,0.0,0.0,0.0,0.18680337435685215,0.0,0.0,0.0276921415750471,0.0,0.0,0.0,0.0,0.0,0.0,0.0,0.0,0.0
2012-11-23,0.08923295637495787,0.0,0.0,0.03832439317458447,0.0,0.0276921415750471,0.20513760030415115,0.0,0.0,0.06749426369220651,0.17292356379717966,0.0,0.0,0.0031940055968928565,0.0,0.0,0.13377973158284467,0.0,0.0276921415750471,0.0,0.0,0.011934428741914745,0.19490263201012684,0.0,0.0,0.0276921415750471,0.0,0.0,0.0,0.0,0.0,0.0,0.0,0.0,0.0
2012-11-30,0.08438281600759334,0.0,0.0,0.07156846354283294,0.0,0.03386889775350313,0.1785312780163489,0.0,0.0,0.006214695209018918,0.15816937537622633,0.0,0.0,0.009341532116869772,0.0,0.0,0.19357694274029896,0.0,0.03386889775350313,0.0,0.0,0.07752382888506865,0.11849075651920676,0.0,0.0,0.034462516079529174,0.0,0.0,0.0,0.0,0.0,0.0,0.0,0.0,0.0
2012-12-07,0.08438281600759323,0.0,0.0,0.07336430303614766,0.0,0.03386889775350313,0.17915637260021974,0.0,0.0,0.004215728726561036,0.15188372945309048,0.0,0.0,0.0033110878884322994,0.0,0.0,0.194850354143952,0.0,0.03386889775350313,0.0,0.0,0.0769748321563359,0.13025408272715822,0.0,0.0,0.03386889775350313,0.0,0.0,0.0,0.0,0.0,0.0,0.0,0.0,0.0
2012-12-14,0.08438281600759323,0.0,0.0,0.06919523432590116,0.0,0.037569732812806546,0.18631349543795117,0.0,0.0,0.0,0.1636318607603257,0.0,0.0,0.0,0.0,0.0,0.1819764207306497,0.0,0.04639111564361338,0.0,0.0,0.07294636890059811,0.12372405762705785,0.0,0.0,0.03386889775350313,0.0,0.0,0.0,0.0,0.0,0.0,0.0,0.0,0.0
2012-12-21,0.08438281600759323,0.0,0.0,0.06381803781599792,0.0,0.0420564597742769,0.18529583764820426,0.0,0.0,0.0,0.17493618144740206,0.0,0.0,0.0,0.0,0.0,0.1807418011469242,0.0,0.05087881851341669,0.0,0.0,0.06732719176491837,0.1166939581277632,0.0,0.0,0.03386889775350313,0.0,0.0,0.0,0.0,0.0,0.0,0.0,0.0,0.0
2012-12-28,0.08605030920337842,0.0,0.0,0.14641220846448627,0.0,0.012173679716160063,0.17787323847722444,0.0,0.0,0.0,0.1637305669101928,0.0,0.0,0.0,0.0,0.0,0.07272510029570614,0.0,0.048443877411443306,0.0,0.0,0.13058777233537394,0.11912717940447906,0.0,0.0,0.04287606778155553,0.0,0.0,0.0,0.0,0.0,0.0,0.0,0.0,0.0
2013-01-04,0.08605030920337842,0.0,0.0,0.15053379283779977,0.0,0.0,0.18478430254079709,0.0,0.0,0.0,0.1566556069461439,0.0,0.0,0.004415748282002289,0.0,0.0,0.07644862279243358,0.0,0.0458985150426158,0.0,0.0,0.134636206864673,0.11912717940447906,0.0,0.0,0.041449716085677116,0.0,0.0,0.0,0.0,0.0,0.0,0.0,0.0,0.0
2013-01-11,0.08605030920337842,0.0,0.0,0.15207727694249956,0.0,0.0,0.18407980581864108,0.0,0.0,0.0,0.15247985057606264,0.0,0.0,0.0,0.0,0.0,0.06902297268899382,0.0,0.04580654040799469,0.0,0.0,0.13557642085391086,0.12264203208545064,0.0,0.0,0.05226479142306824,0.0,0.0,0.0,0.0,0.0,0.0,0.0,0.0,0.0
2013-01-18,0.08605030920337842,0.0,0.0,0.15519307940333288,0.0,0.0,0.18790756079427534,0.0,0.0,0.001916806729786152,0.1324594103623137,0.0,0.0,0.0,0.0,0.0,0.07426417123397776,0.0,0.04075271412806075,0.0,0.0,0.14062182822867791,0.11912717940447906,0.0,0.0,0.061706940511718,0.0,0.0,0.0,0.0,0.0,0.0,0.0,0.0,0.0
2013-01-25,2.220446049250313e-16,0.0,0.0,0.2275925844906727,0.010956629522710098,0.043584704588413556,0.1966562430632715,0.0,0.0,0.014065636554671634,0.13793695966808653,0.0,0.0,0.0,0.0,0.0,0.07839334239743491,0.0,0.0,0.0,0.0,0.15481238843816006,0.07667395159379892,0.0,0.0,0.05932755968277996,0.0,0.0,0.0,0.0,0.0,0.0,0.0,0.0,0.0
2013-02-01,2.220446049250313e-16,0.0,0.0,0.2210642673381928,0.009985491005294157,0.043584704588413556,0.20312330903500198,0.0,0.0,0.006643679027808427,0.15686990154160382,0.0,0.0,0.0,0.0,0.0,0.07454104999380706,0.0,0.0,0.0,0.0,0.14826956732583024,0.07779692626195336,0.0,0.0,0.05812110388209445,0.0,0.0,0.0,0.0,0.0,0.0,0.0,0.0,0.0
2013-02-08,2.220446049250313e-16,0.0,0.0,0.23475364800022686,0.01095650054197026,0.043584704588413556,0.17757210989505928,0.0,0.0,0.020654066888224798,0.13153955104646425,0.0,0.0,0.0,0.0,0.0,0.08238218751319198,0.0,0.0,0.0,0.0,0.15917274142007584,0.07283187005564466,0.0,0.0,0.06655262005072833,0.0,0.0,0.0,0.0,0.0,0.0,0.0,0.0,0.0
2013-02-15,2.220446049250313e-16,0.0,0.0,0.23355909947887077,0.008525508660584623,0.043584704588413556,0.1821746612221491,0.0,0.0,0.018510424584217883,0.13153955104646425,0.0,0.0,0.0,0.0,0.0,0.08409847539407839,0.0,0.0,0.0,0.0,0.15807580457102727,0.07797290623979877,0.0,0.0,0.061958864214395185,0.0,0.0,0.0,0.0,0.0,0.0,0.0,0.0,0.0
2013-02-22,0.07570351433811395,0.0,0.0,0.19456894795369678,0.0,0.0,0.19851135568594575,0.0,0.0,0.02136705088673336,0.05573423800309523,0.0,0.0,0.0,0.0,0.0,0.09326150306118677,0.0,0.0,0.0,0.0,0.1406997876649481,0.09110478378166777,0.0,0.0,0.12904881862461232,0.0,0.0,0.0,0.0,0.0,0.0,0.0,0.0,0.0
2013-03-01,0.07570351433811395,0.0,0.0,0.1959446390865669,0.0010716843130023298,0.0,0.1960094791313784,0.0,0.0,0.022169789358610564,0.05573423800309523,0.0,0.0,0.0,0.0,0.0,0.09141134343330856,0.0,0.0,0.0,0.0,0.14184779788794033,0.09591967408592494,0.0,0.0,0.12418784036205885,0.0,0.0,0.0,0.0,0.0,0.0,0.0,0.0,0.0
2013-03-08,0.07570351433811373,0.0,0.0,0.19675692664191619,0.0010639277103109857,0.0,0.1960094791313784,0.0,0.0,0.02438864094827995,0.05573423800309523,0.0,0.0,0.0,0.0,0.0,0.09366307593639198,0.0,0.0,0.0,0.0,0.1425005974540042,0.09145106265957331,0.0,0.0,0.12272853717693591,0.0,0.0,0.0,0.0,0.0,0.0,0.0,0.0,0.0
2013-03-15,0.07570351433811395,0.0,0.0,0.1907358454366419,0.010325691066257537,0.0,0.1960094791313784,0.0,0.0,0.026233557174335686,0.05573423800309523,0.0,0.0,0.0,0.0,0.0,0.09822562768423397,0.0,0.0,0.0,0.0,0.14173246452211807,0.08914222620788867,0.0,0.0,0.11615735643593665,0.0,0.0,0.0,0.0,0.0,0.0,0.0,0.0,0.0
2013-03-22,0.07570351433811373,0.0,0.0,0.18846871444096286,0.0014005078783986139,0.0,0.1960094791313784,0.0,0.0,0.0349141682141809,0.05573423800309523,0.0,0.0,0.0,0.0,0.0,0.10120835249557468,0.0,0.0,0.0,0.0,0.1347674785114107,0.09693167044950804,0.0,0.0,0.11486187653737676,0.0,0.0,0.0,0.0,0.0,0.0,0.0,0.0,0.0
2013-03-29,0.039108220723009346,0.0,0.0,0.23159626480195952,0.010263007569114533,0.0,0.18003684763026692,0.0,0.0,0.021585705889985693,0.11038767153109415,0.0,0.0,0.0,0.0,0.0,0.08529635707629381,0.0,0.0,0.0,0.0,0.04968509096442654,0.19920217744510646,0.0,0.0,0.07283865636874304,0.0,0.0,0.0,0.0,0.0,0.0,0.0,0.0,0.0
2013-04-05,0.039108220723009346,0.0,0.0,0.23078270836902492,0.013299177868087061,0.0,0.18305802331685447,0.0,0.0,0.021670642996175576,0.11038767153109415,0.0,0.0,0.0,0.0,0.0,0.08823577425747163,0.0,0.0,0.0,0.0,0.04906213895558882,0.1947464658835213,0.0,0.0,0.06964917609917277,0.0,0.0,0.0,0.0,0.0,0.0,0.0,0.0,0.0
2013-04-12,0.039108220723009235,0.0,0.0,0.234099290262097,0.017429009211252487,0.0,0.18003684763026692,0.0,0.0,0.021002493662988727,0.11038767153109415,0.0,0.0,0.0,0.0,0.0,0.08554687795240343,0.0,0.0,0.0,0.0,0.05216680494457469,0.18952457433242503,0.0,0.0,0.0706982097498883,0.0,0.0,0.0,0.0,0.0,0.0,0.0,0.0,0.0
2013-04-19,0.039108220723009346,0.0,0.0,0.22876392570846207,0.021676401121954177,0.0,0.18275700387255706,0.0,0.0,0.02478197174056382,0.11038767153109415,0.0,0.0,0.0,0.0,0.0,0.08678677768726316,0.0,0.0,0.0,0.0,0.04666834716367779,0.18942050435224572,0.0,0.0,0.06964917609917277,0.0,0.0,0.0,0.0,0.0,0.0,0.0,0.0,0.0
2013-04-26,0.08036875101192897,0.0,0.0,0.21102947471150368,0.03520658851482477,0.0,0.16214952099727822,0.0,0.0,0.04894084697656292,0.10411611725480806,0.0,0.0,0.0008408892570829123,0.0,0.0,0.07798128207035362,0.0,0.030428629455628693,0.0,0.0,0.14755298843926903,0.07095628185513045,0.0,0.0,0.030428629455628693,0.0,0.0,0.0,0.0,0.0,0.0,0.0,0.0,0.0
2013-05-03,0.08036875101192886,0.0,0.0,0.20840257825142208,0.036537653593632986,0.0,0.16214952099727822,0.0,0.0,0.04998705974495495,0.10411611725480806,0.0,0.0,0.000901484095690774,0.0,0.0,0.08389541777448171,0.0,0.030428629455628693,0.0,0.0,0.141082893106443,0.07170126525810189,0.0,0.0,0.030428629455628693,0.0,0.0,0.0,0.0,0.0,0.0,0.0,0.0,0.0
2013-05-10,0.08036875101192886,0.0,0.0,0.20507140822325218,0.03545924181815829,0.0,0.1647119713503464,0.0,0.0,0.04404955735956703,0.10411611725480806,0.0,0.0,0.0,0.0,0.0,0.07804534153576581,0.0,0.030428629455628693,0.0,0.0,0.14170316684345388,0.08561718569146204,0.0,0.0,0.030428629455628693,0.0,0.0,0.0,0.0,0.0,0.0,0.0,0.0,0.0
2013-05-17,0.08036875101192897,0.0,0.0,0.20639611601560706,0.031446223416548326,0.0,0.16214952099727822,0.0,0.0,0.04201994308506818,0.10411611725480806,0.0,0.0,0.0022520050633835064,0.0,0.0,0.07725334543669096,0.0,0.030428629455628693,0.0,0.0,0.1446617246012756,0.0884789942061538,0.0,0.0,0.030428629455628693,0.0,0.0,0.0,0.0,0.0,0.0,0.0,0.0,0.0
2013-05-24,0.08036875101192886,0.0,0.0,0.2106564805669539,0.022999177108378448,0.0,0.17491748409699243,0.0,0.0,0.03679457469554,0.10411611725480806,0.0,0.0,0.0,0.0,0.0,0.07603104086242618,0.0,0.030428629455628693,0.0,0.0,0.14729850760791915,0.0859606078837955,0.0,0.0,0.030428629455628693,0.0,0.0,0.0,0.0,0.0,0.0,0.0,0.0,0.0
2013-05-31,0.04211984042846173,0.0,0.0,0.126174445428064,0.060640234757618025,0.0,0.13987951786998112,0.0,0.0,0.013566097014929902,0.13705548895303438,0.0,0.0,0.0011820851078075674,0.0,0.0,0.08843326122494463,0.0,0.0,0.0,0.0,0.16124803864524515,0.1952870813316206,0.0,0.0,0.03441390923829291,0.0,0.0,0.0,0.0,0.0,0.0,0.0,0.0,0.0
2013-06-07,0.04211984042846173,0.0,0.0,0.1319526290389306,0.056520859322893205,0.0,0.13987951786998112,0.0,0.0,0.013487581762886261,0.13705548895303438,0.0,0.0,0.001039683426245696,0.0,0.0,0.08628466507206181,0.0,0.0,0.0,0.0,0.16227577470868346,0.1949700501785288,0.0,0.0,0.03441390923829291,0.0,0.0,0.0,0.0,0.0,0.0,0.0,0.0,0.0
2013-06-14,0.04211984042846173,0.0,0.0,0.12404707952785618,0.057513293970102006,0.0,0.13987951786998112,0.0,0.0,0.014119479411762486,0.13705548895303438,0.0,0.0,0.003213240118190901,0.0,0.0,0.08675984446720886,0.0,0.0,0.0,0.0,0.15882502716365876,0.2020532788514507,0.0,0.0,0.03441390923829291,0.0,0.0,0.0,0.0,0.0,0.0,0.0,0.0,0.0
2013-06-21,0.04211984042846173,0.0,0.0,0.11487069404518016,0.06085373690914017,0.0,0.13987951786998112,0.0,0.0,0.01905705159289235,0.13705548895303438,0.0,0.0,0.007663265470817852,0.0,0.0,0.09196639379265484,0.0,0.0,0.0,0.0,0.1496320997920238,0.2024880019075207,0.0,0.0,0.03441390923829291,0.0,0.0,0.0,0.0,0.0,0.0,0.0,0.0,0.0
2013-06-28,0.20281048605036944,0.0,0.0,0.2246216984766427,0.052155140834901415,0.0,0.11464292849793628,0.0,0.0,0.020436510624292057,0.08439948079296089,0.0,0.0,0.005896834684907172,0.0,0.0,0.12516161498140316,0.0,0.0,0.0,0.0,0.12534274394039824,0.04453256111618871,0.0,0.0,0.0,0.0,0.0,0.0,0.0,0.0,0.0,0.0,0.0,0.0
2013-07-05,0.20281048605036944,0.0,0.0,0.22216570217472878,0.03997164568718737,0.0,0.11464292849793628,0.0,0.0,0.028901520461953805,0.08439948079296089,0.0,0.0,0.0162527206240248,0.0,0.0,0.13416152646726942,0.0,0.0,0.0,0.0,0.1252569106027805,0.031437078640788776,0.0,0.0,0.0,0.0,0.0,0.0,0.0,0.0,0.0,0.0,0.0,0.0
2013-07-12,0.20281048605036933,0.0,0.0,0.22446430143756904,0.042349601757860816,0.0,0.11464292849793628,0.0,0.0,0.027184573701927967,0.08439948079296089,0.0,0.0,0.013443161247471136,0.0,0.0,0.13413529656336717,0.0,0.0,0.0,0.0,0.12511606936178404,0.03145410058875329,0.0,0.0,0.0,0.0,0.0,0.0,0.0,0.0,0.0,0.0,0.0,0.0
2013-07-19,0.20281048605036933,0.0,0.0,0.22447940855421147,0.04252408370137119,0.0,0.11464292849793628,0.0,0.0,0.032209844785996686,0.08439948079296089,0.0,0.0,0.013461183337027331,0.0,0.0,0.13446554158032328,0.0,0.0,0.0,0.0,0.12048381334727912,0.030523229352524404,0.0,0.0,0.0,0.0,0.0,0.0,0.0,0.0,0.0,0.0,0.0,0.0
2013-07-26,0.02660286231921072,0.0,0.0,0.15248851238091324,0.022508031726520463,0.0,0.2188910204553719,0.0,0.0,0.043791043458952975,0.07391976384170237,0.0,0.0,0.017021587976303394,0.0,0.0,0.256607441841153,0.0,0.0,0.0,0.0,0.14958708012507885,0.03858265587479302,0.0,0.0,0.0,0.0,0.0,0.0,0.0,0.0,0.0,0.0,0.0,0.0
2013-08-02,0.02660286231921083,0.0,0.0,0.1521401797912036,0.023304000597336942,0.0,0.2188910204553719,0.0,0.0,0.04206047316567338,0.07391976384170237,0.0,0.0,0.01902679982940727,0.0,0.0,0.25501879960979984,0.0,0.0,0.0,0.0,0.14937733858226493,0.039658761808028964,0.0,0.0,0.0,0.0,0.0,0.0,0.0,0.0,0.0,0.0,0.0,0.0
2013-08-09,0.02660286231921072,0.0,0.0,0.14497125661366955,0.027776203334387763,0.0,0.2188910204553719,0.0,0.0,0.04625172517512471,0.07391976384170237,0.0,0.0,0.01786814731100594,0.0,0.0,0.25840583431435615,0.0,0.0,0.0,0.0,0.14673053076037781,0.03858265587479302,0.0,0.0,0.0,0.0,0.0,0.0,0.0,0.0,0.0,0.0,0.0,0.0
2013-08-16,0.02660286231921094,0.0,0.0,0.14653279971327998,0.02650443182846382,0.0,0.2188910204553719,0.0,0.0,0.04211536597760228,0.07391976384170237,0.0,0.0,0.022830312931574184,0.0,0.0,0.25426756748013524,0.0,0.0,0.0,0.0,0.14975321957786636,0.03858265587479302,0.0,0.0,0.0,0.0,0.0,0.0,0.0,0.0,0.0,0.0,0.0,0.0
2013-08-23,0.02660286231921072,0.0,0.0,0.15349393148512414,0.026841550504048538,0.0,0.2188910204553719,0.0,0.0,0.046200856813584976,0.07391976384170237,0.0,0.0,0.011705751508324914,0.0,0.0,0.253582562275119,0.0,0.0,0.0,0.0,0.15017904492272033,0.03858265587479302,0.0,0.0,0.0,0.0,0.0,0.0,0.0,0.0,0.0,0.0,0.0,0.0
2013-08-30,0.16067014502488597,0.0,0.0,0.08133384212094671,0.08644797502337535,0.0,0.1717337755934787,0.0,0.0,0.11001053393603821,0.05361209385181014,0.0,0.0,0.014332740252059656,0.0,0.0,0.23613049569739075,0.0,0.0,0.0,0.0,0.057351642027112945,0.028376756472901492,0.0,0.0,0.0,0.0,0.0,0.0,0.0,0.0,0.0,0.0,0.0,0.0
2013-09-06,0.16067014502488608,0.0,0.0,0.08550785691274379,0.09189853241402786,0.0,0.1717337755934787,0.0,0.0,0.10347372097886506,0.05361209385181014,0.0,0.0,0.013784160554512145,0.0,0.0,0.22922985017848252,0.0,0.0,0.0,0.0,0.06171310801829224,0.028376756472901492,0.0,0.0,0.0,0.0,0.0,0.0,0.0,0.0,0.0,0.0,0.0,0.0
2013-09-13,0.16067014502488597,0.0,0.0,0.08520874335857076,0.09177199870824396,0.0,0.1717337755934787,0.0,0.0,0.10527369588410966,0.05361209385181014,0.0,0.0,0.01625989885666542,0.0,0.0,0.22559659403903903,0.0,0.0,0.0,0.0,0.06149629821029484,0.028376756472901492,0.0,0.0,0.0,0.0,0.0,0.0,0.0,0.0,0.0,0.0,0.0,0.0
2013-09-20,0.16067014502488597,0.0,0.0,0.08711578940312228,0.08965361093908862,0.0,0.1717337755934787,0.0,0.0,0.10239901448265933,0.05361209385181014,0.0,0.0,0.020846202725319618,0.0,0.0,0.22213533654254242,0.0,0.0,0.0,0.0,0.06345727496419136,0.028376756472901492,0.0,0.0,0.0,0.0,0.0,0.0,0.0,0.0,0.0,0.0,0.0,0.0
2013-09-27,0.16136965622113708,0.0,0.0,0.15430567431938785,0.006933320425300012,0.0,0.11097351849009235,0.0,0.0,0.10942350712265461,0.047555521653123795,0.0,0.0,0.024908072050444256,0.0,0.0,0.21188071205085182,0.0,0.0,0.0,0.0,0.13643023895022033,0.0,0.0,0.0,0.03621977871678797,0.0,0.0,0.0,0.0,0.0,0.0,0.0,0.0,0.0
2013-10-04,0.16136965622113697,0.0,0.0,0.14651699508975302,0.0008575767607748199,0.0,0.11097351849009235,0.0,0.0,0.11347968198982206,0.047555521653123795,0.0,0.0,0.03456129083198731,0.0,0.0,0.2153606169268896,0.0,0.0,0.0,0.0,0.1331053633196321,0.0,0.0,0.0,0.03621977871678797,0.0,0.0,0.0,0.0,0.0,0.0,0.0,0.0,0.0
2013-10-11,0.16136965622113697,0.0,0.0,0.14775350603236606,0.0036843211996691293,0.0,0.11097351849009235,0.0,0.0,0.11033730328613026,0.047555521653123795,0.0,0.0,0.03009380605814549,0.0,0.0,0.2117637426095698,0.0,0.0,0.0,0.0,0.1402488457329782,0.0,0.0,0.0,0.03621977871678797,0.0,0.0,0.0,0.0,0.0,0.0,0.0,0.0,0.0
2013-10-18,0.16136965622113697,0.0,0.0,0.14992172570248458,0.0036780120490334067,0.0,0.11097351849009235,0.0,0.0,0.11659875366275864,0.047555521653123795,0.0,0.0,0.027977686710563394,0.0,0.0,0.2094030613338577,0.0,0.0,0.0,0.0,0.13630228546016118,0.0,0.0,0.0,0.03621977871678797,0.0,0.0,0.0,0.0,0.0,0.0,0.0,0.0,0.0
2013-10-25,0.12748842269685845,0.0,0.0,0.12751778819321724,0.006318160205307578,0.0,0.08011964914741074,0.0,0.0,0.11138750940315881,0.0,0.0,0.0,0.1105886642533239,0.0,0.0,0.2024729886670349,0.0,0.0,0.0,0.0,0.1392953007417325,0.0632595557662522,0.0,0.0,0.03155196092570368,0.0,0.0,0.0,0.0,0.0,0.0,0.0,0.0,0.0
2013-11-01,0.12748842269685856,0.0,0.0,0.12771417786342718,0.01570162154634343,0.0,0.08011964914741074,0.0,0.0,0.10556166182298293,0.0,0.0,0.0,0.10860182961653647,0.0,0.0,0.20081559782482233,0.0,0.0,0.0,0.0,0.13918552278966256,0.0632595557662522,0.0,0.0,0.03155196092570368,0.0,0.0,0.0,0.0,0.0,0.0,0.0,0.0,0.0
2013-11-08,0.12748842269685845,0.0,0.0,0.12446315070456668,0.011136155627864954,0.0,0.08011964914741074,0.0,0.0,0.10766515143250975,0.0,0.0,0.0,0.11011731931396049,0.0,0.0,0.2043045692565153,0.0,0.0,0.0,0.0,0.13989406512835773,0.0632595557662522,0.0,0.0,0.03155196092570368,0.0,0.0,0.0,0.0,0.0,0.0,0.0,0.0,0.0
2013-11-15,0.12748842269685845,0.0,0.0,0.12572587818688774,0.01416646328227861,0.0,0.08011964914741074,0.0,0.0,0.10686107169790071,0.0,0.0,0.0,0.10863657378273475,0.0,0.0,0.2013111289391601,0.0,0.0,0.0,0.0,0.14087929557481296,0.0632595557662522,0.0,0.0,0.03155196092570368,0.0,0.0,0.0,0.0,0.0,0.0,0.0,0.0,0.0
2013-11-22,0.12748842269685845,0.0,0.0,0.12801217119332384,0.008638011360806058,0.0,0.08011964914741074,0.0,0.0,0.10686923623849125,0.0,0.0,0.0,0.10873714667938823,0.0,0.0,0.20389510907011033,0.0,0.0,0.0,0.0,0.1414287369216552,0.0632595557662522,0.0,0.0,0.03155196092570368,0.0,0.0,0.0,0.0,0.0,0.0,0.0,0.0,0.0
2013-11-29,0.12955138266444188,0.0,0.0,0.1320702208823563,0.007141218139467952,0.0,0.0835063781102383,0.0,0.0,0.11359658627486943,0.0,0.0,0.0,0.1115927712802928,0.0,0.0,0.211709641205497,0.0,0.0,0.0,0.0,0.14252379420674188,0.03007953763355261,0.0,0.0,0.03822846960254183,0.0,0.0,0.0,0.0,0.0,0.0,0.0,0.0,0.0
2013-12-06,0.12955138266444188,0.0,0.0,0.1332003903752881,0.009964515817370359,0.0,0.0835063781102383,0.0,0.0,0.10407592241184868,0.0,0.0,0.0,0.1140581209308674,0.0,0.0,0.21383013922560112,0.0,0.0,0.0,0.0,0.1435051432282497,0.03007953763355261,0.0,0.0,0.03822846960254183,0.0,0.0,0.0,0.0,0.0,0.0,0.0,0.0,0.0
2013-12-13,0.12955138266444188,0.0,0.0,0.12286314932355274,0.0050520127951550866,0.0,0.0835063781102383,0.0,0.0,0.11147246345492562,0.0,0.0,0.0,0.11854119371188865,0.0,0.0,0.22433406353426388,0.0,0.0,0.0,0.0,0.13637134916943935,0.03007953763355261,0.0,0.0,0.03822846960254183,0.0,0.0,0.0,0.0,0.0,0.0,0.0,0.0,0.0
2013-12-20,0.12955138266444188,0.0,0.0,0.1200845642351814,0.01234743475126995,0.0,0.0835063781102383,0.0,0.0,0.10840514773693041,0.0,0.0,0.0,0.12088616959077148,0.0,0.0,0.2259769141306785,0.0,0.0,0.0,0.0,0.13093400154439358,0.03007953763355261,0.0,0.0,0.03822846960254183,0.0,0.0,0.0,0.0,0.0,0.0,0.0,0.0,0.0
2013-12-27,0.136260935412289,0.0,0.0,0.08801134173521738,0.0030621949973585953,0.0,0.20064547582009415,0.0,0.0,0.1125364351309121,0.04419419919062362,0.0,0.0,0.12279500865940295,0.0,0.0,0.23564359420752293,0.0,0.0,0.0,0.0,0.056850814846579355,0.0,0.0,0.0,0.0,0.0,0.0,0.0,0.0,0.0,0.0,0.0,0.0,0.0
2014-01-03,0.1362609354122888,0.0,0.0,0.08734207736648009,0.002997435867132551,0.0,0.20064547582009415,0.0,0.0,0.11181991351456508,0.04419419919062362,0.0,0.0,0.12711553229483652,0.0,0.0,0.23368330652951338,0.0,0.0,0.0,0.0,0.0559411240044657,0.0,0.0,0.0,0.0,0.0,0.0,0.0,0.0,0.0,0.0,0.0,0.0,0.0
2014-01-10,0.136260935412289,0.0,0.0,0.08697523045352007,0.0027713855733369304,0.0,0.20064547582009415,0.0,0.0,0.1102116318806933,0.04419419919062362,0.0,0.0,0.12722532315005927,0.0,0.0,0.23615089067944556,0.0,0.0,0.0,0.0,0.055564927839938154,0.0,0.0,0.0,0.0,0.0,0.0,0.0,0.0,0.0,0.0,0.0,0.0,0.0
2014-01-17,0.136260935412289,0.0,0.0,0.08470197082225563,0.0028408171649841577,0.0,0.20404157858912972,0.0,0.0,0.11130368066392807,0.04419419919062362,0.0,0.0,0.1298680888901668,0.0,0.0,0.23350210909998403,0.0,0.0,0.0,0.0,0.05328662016663902,0.0,0.0,0.0,0.0,0.0,0.0,0.0,0.0,0.0,0.0,0.0,0.0,0.0
2014-01-24,0.136260935412289,0.0,0.0,0.08697012477899249,0.0031490605656828304,0.0,0.20436401454796008,0.0,0.0,0.11117868658501459,0.04419419919062362,0.0,0.0,0.13003962748755846,0.0,0.0,0.22837017813377022,0.0,0.0,0.0,0.0,0.05547317329810873,0.0,0.0,0.0,0.0,0.0,0.0,0.0,0.0,0.0,0.0,0.0,0.0,0.0
2014-01-31,0.3094286913245179,0.0,0.0,0.08508959398590271,0.002981825741222958,0.0,0.16102232232410202,0.0,0.0,0.07046809395504768,0.04352699171855633,0.0,0.0,0.13062916930891272,0.0,0.0,0.18394289983514706,0.0,0.0,0.0,0.0,0.012910411806590577,0.0,0.0,0.0,0.0,0.0,0.0,0.0,0.0,0.0,0.0,0.0,0.0,0.0
2014-02-07,0.3094286913245179,0.0,0.0,0.08777720096858779,0.003225392720885412,0.0,0.1613726042404728,0.0,0.0,0.07922136192715983,0.04352699171855633,0.0,0.0,0.11592351691355925,0.0,0.0,0.18608700966209873,0.0,0.0,0.0,0.0,0.013437230524161924,0.0,0.0,0.0,0.0,0.0,0.0,0.0,0.0,0.0,0.0,0.0,0.0,0.0
2014-02-14,0.3094286913245179,0.0,0.0,0.08707482365051956,0.007187225890954277,0.0,0.16166162851590254,0.0,0.0,0.07339493530315859,0.04352699171855633,0.0,0.0,0.11999185783600136,0.0,0.0,0.18518826498031332,0.0,0.0,0.0,0.0,0.01254558078007607,0.0,0.0,0.0,0.0,0.0,0.0,0.0,0.0,0.0,0.0,0.0,0.0,0.0
2014-02-21,0.309428691324518,0.0,0.0,0.08929272577527383,0.0071448674724050535,0.0,0.16178201939969938,0.0,0.0,0.07338099035398826,0.04352699171855633,0.0,0.0,0.12335868243710645,0.0,0.0,0.18182278220062253,0.0,0.0,0.0,0.0,0.010262249317830192,0.0,0.0,0.0,0.0,0.0,0.0,0.0,0.0,0.0,0.0,0.0,0.0,0.0
2014-02-28,0.31812012595650474,0.0,0.0,0.06317748143048146,0.006468358561350137,0.024246143391724807,0.14011420772545624,0.0,0.0,0.032606487662393886,0.0778523946821901,0.0,0.0,0.08175890186566812,0.0,0.0,0.15669798061032358,0.0,0.024246143391724807,0.0,0.0,0.05046563133045726,0.024246143391724807,0.0,0.0,0.0,0.0,0.0,0.0,0.0,0.0,0.0,0.0,0.0,0.0
2014-03-07,0.31812012595650496,0.0,0.0,0.06242992147303257,0.0,0.024246143391724807,0.1482411647940864,0.0,0.0,0.03280297073221782,0.0778523946821901,0.0,0.0,0.08141631596640399,0.0,0.0,0.15592060274515432,0.0,0.024246143391724807,0.0,0.0,0.04945214426894863,0.02527207259801172,0.0,0.0,0.0,0.0,0.0,0.0,0.0,0.0,0.0,0.0,0.0,0.0
2014-03-14,0.31812012595650485,0.0,0.0,0.06790755168937657,0.0,0.024246143391724807,0.1476364437340094,0.0,0.0,0.01986776412709288,0.08096502052938132,0.0,0.0,0.07725844394561462,0.0,0.0,0.15724181829187298,0.0,0.024246143391724807,0.0,0.0,0.05516774926889324,0.027342795673804536,0.0,0.0,0.0,0.0,0.0,0.0,0.0,0.0,0.0,0.0,0.0,0.0
2014-03-21,0.31812012595650474,0.0,0.0,0.07051322787796047,0.0,0.024246143391724807,0.1296267715688878,0.0,0.0,0.02524021205537697,0.0778523946821901,0.0,0.0,0.08754378324909497,0.0,0.0,0.15743348422802272,0.0,0.024246143391724807,0.0,0.0,0.05494420633336447,0.030233507265148066,0.0,0.0,0.0,0.0,0.0,0.0,0.0,0.0,0.0,0.0,0.0,0.0
2014-03-28,0.2844033766914831,0.0035193087327919917,0.0,0.06817872610209622,0.0,0.023156629222150782,0.14095826068031403,0.0,0.0,0.02517297164535787,0.08921911018610837,0.0,0.0,0.13227452672265913,0.0,0.0,0.16688530553311667,0.0,0.023156629222150782,0.0,0.0,0.014391035523702614,0.02868411973806845,0.0,0.0,0.0,0.0,0.0,0.0,0.0,0.0,0.0,0.0,0.0,0.0
2014-04-04,0.2844033766914832,0.010629999797576162,0.0,0.06845828195986003,0.0,0.023156629222150782,0.14095826068031403,0.0,0.0,0.02329975364940423,0.08921911018610837,0.0,0.0,0.1282383958000808,0.0,0.0,0.16730256905817623,0.0,0.023156629222150782,0.0,0.0,0.014619013288438907,0.026557980444256557,0.0,0.0,0.0,0.0,0.0,0.0,0.0,0.0,0.0,0.0,0.0,0.0
2014-04-11,0.2844033766914831,0.026466873477339028,0.0,0.06227249440530229,0.0,0.023156629222150782,0.14095826068031403,0.0,0.0,0.02723005074017641,0.08921911018610837,0.0,0.0,0.12525733226548863,0.0,0.0,0.16642327837535775,0.0,0.023156629222150782,0.0,0.0,0.008299335511978026,0.023156629222150782,0.0,0.0,0.0,0.0,0.0,0.0,0.0,0.0,0.0,0.0,0.0,0.0
2014-04-18,0.2844033766914831,0.038723263180056346,0.0,0.05747427163921361,0.0,0.02597679411724888,0.14095826068031403,0.0,0.0,0.024478805726620572,0.08921911018610837,0.0,0.0,0.126103044017066,0.0,0.0,0.1651867847500787,0.0,0.023156629222150782,0.0,0.0,0.001163030567508858,0.023156629222150782,0.0,0.0,0.0,0.0,0.0,0.0,0.0,0.0,0.0,0.0,0.0,0.0
2014-04-25,0.09199919432418024,0.1400030577466314,0.0,0.05068217039942641,0.0,0.0,0.15880756875316623,0.0,0.0,0.02508070157351557,0.06441220467444046,0.0,0.0,0.11411403742624875,0.0,0.0,0.17767566331001264,0.0,0.02047506546956687,0.0,0.0,0.003071411376180746,0.02047506546956687,0.0,0.03757626466916561,0.02047506546956687,0.03757626466916561,0.0,0.0,0.0,0.03757626466916561,0.0,0.0,0.0,0.0
2014-05-02,0.09199919432418024,0.15091201923605338,0.0,0.05085185678569324,0.0,0.0,0.15880756875316623,0.0,0.0,0.010829703620849979,0.06441220467444046,0.0,0.0,0.10473105145128563,0.0,0.0,0.18589521746616558,0.0,0.02047506546956687,0.0,0.0,0.007407193271967746,0.02047506546956687,0.0,0.03757626466916561,0.02047506546956687,0.03757626466916561,0.0,0.0,0.0,0.03757626466916561,0.0,0.0,0.0,0.0
2014-05-09,0.09199919432418024,0.1507860005636938,0.0,0.05534736430630083,0.0,0.0,0.15880756875316623,0.0,0.0,0.012937521941491266,0.06441220467444046,0.0,0.0,0.09010998352031048,0.0,0.0,0.18941230478376778,0.0,0.02047506546956687,0.0,0.0,0.012033866716451406,0.02047506546956687,0.0,0.03757626466916561,0.02047506546956687,0.03757626466916561,0.0,0.0,0.0,0.03757626466916561,0.0,0.0,0.0,0.0
2014-05-16,0.09199919432418024,0.15645057471628465,0.0,0.05942914859641839,0.0,0.0,0.15880756875316623,0.0,0.0,0.003468534671786429,0.06441220467444046,0.0,0.0,0.08634169139413415,0.0,0.0,0.1883835349365305,0.0,0.02047506546956687,0.0,0.0,0.016553557516861446,0.02047506546956687,0.0,0.03757626466916561,0.02047506546956687,0.03757626466916561,0.0,0.0,0.0,0.03757626466916561,0.0,0.0,0.0,0.0
2014-05-23,0.09199919432418024,0.1538300635833299,0.0,0.05635860064312641,0.0,0.0,0.15880756875316623,0.0,0.0,0.0010741258585448246,0.06441220467444046,0.0,0.0,0.08634169139413415,0.0,0.0,0.18662633256314246,0.0,0.02047506546956687,0.0,0.0,0.013303971091036104,0.033567322168268576,0.0,0.03757626466916561,0.02047506546956687,0.03757626466916561,0.0,0.0,0.0,0.03757626466916561,0.0,0.0,0.0,0.0
2014-05-30,0.10956208268125955,0.12079498459512951,0.0,0.05542069846475575,0.0,0.0,0.1445298044551291,0.0,0.0,0.0,0.09461419922340095,0.0,0.0,0.002682144732112287,0.0,0.0,0.10497253736421387,0.0,0.08193108873991613,0.0,0.0,0.00718193631343137,0.04497923454202151,0.05255313604570232,0.0,0.023118744705820624,0.05255313604570232,0.05255313604570232,0.0,0.0,0.0,0.0,0.05255313604570232,0.0,0.0
2014-06-06,0.10956208268125955,0.11539562006034829,0.0,0.0630815515749624,0.0,0.0,0.1445298044551291,0.0,0.0,0.0,0.09461419922340095,0.0,0.0,0.0034666853289739064,0.0,0.0,0.09644761163210776,0.0,0.08169576403576065,0.0,0.0,0.01210360089161551,0.0457717912278119,0.05255313604570232,0.0,0.023118744705820624,0.05255313604570232,0.05255313604570232,0.0,0.0,0.0,0.0,0.05255313604570232,0.0,0.0
2014-06-13,0.10956208268125955,0.10897460355847469,0.0,0.060460712596413,0.0,0.0,0.1445298044551291,0.0,0.0,0.0,0.10099563102897187,0.0,0.0,0.0006769085713298701,0.0,0.0,0.0948333276456196,0.0,0.08456738226436518,0.0,0.0,0.008181858623022693,0.05388639968678445,0.05255313604570232,0.0,0.023118744705820624,0.05255313604570232,0.05255313604570232,0.0,0.0,0.0,0.0,0.05255313604570232,0.0,0.0
2014-06-20,0.10956208268125955,0.09933766866008867,0.0,0.06439274340526883,0.0,0.0,0.1445298044551291,0.0,0.0,0.0,0.09461419922340095,0.0,0.0,0.0007555114727181997,0.0,0.0,0.094166983678038,0.0,0.08093885212305509,0.0,0.0,0.013268711864592185,0.05658811201234881,0.05255313604570232,0.0,0.03163278624129127,0.05255313604570232,0.05255313604570232,0.0,0.0,0.0,0.0,0.05255313604570232,0.0,0.0
2014-06-27,1.1102230246251565e-16,0.09722160323066986,0.0,0.08348090731709802,0.0,0.03575386387328966,0.07300280408514022,0.0,0.0,0.0,0.12890153909375798,0.0,0.0,0.013682870491130492,0.0,0.0,0.07800122179980545,0.0,0.16465540296704764,0.0,0.0,0.017698763048434103,0.2194066026086308,0.0,0.0,0.08819442148499565,0.0,0.0,0.0,0.0,0.0,0.0,0.0,0.0,0.0
2014-07-04,2.220446049250313e-16,0.09537312864271037,0.0,0.0829978766715403,0.0,0.03575386387328966,0.07300280408514022,0.0,0.0,0.0,0.12890153909375798,0.0,0.0,0.02956606618584085,0.0,0.0,0.09191135894086852,0.0,0.17195575487827447,0.0,0.0,0.012177380476688758,0.20885832928585407,0.0,0.0,0.06950189786603463,0.0,0.0,0.0,0.0,0.0,0.0,0.0,0.0,0.0
2014-07-11,1.1102230246251565e-16,0.09165259888190742,0.0,0.08385459310987328,0.0,0.03575386387328966,0.07300280408514022,0.0,0.0,0.0,0.12890153909375798,0.0,0.0,0.030354472312976777,0.0,0.0,0.09027436702693113,0.0,0.16465540296704764,0.0,0.0,0.013332700250451461,0.2145786741551696,0.0,0.0,0.0736389842434547,0.0,0.0,0.0,0.0,0.0,0.0,0.0,0.0,0.0
2014-07-18,1.1102230246251565e-16,0.09165259888190742,0.0,0.08260663047651279,0.0,0.03575386387328966,0.07300280408514022,0.0,0.0,0.0,0.12890153909375798,0.0,0.0,0.045870685157739614,0.0,0.0,0.0986455757148989,0.0,0.16465540296704764,0.0,0.0,0.011850261816836164,0.19055841319778832,0.0,0.0,0.07650222473508114,0.0,0.0,0.0,0.0,0.0,0.0,0.0,0.0,0.0
2014-07-25,0.10546398295483972,0.07909798721612969,0.0,0.1552203393754665,0.0,0.030249239481255966,0.06808315115965118,0.0,0.0,0.0,0.037833911678395206,0.0,0.0,0.03687451727390177,0.0,0.0,0.09130275323634504,0.0,0.14718113837578087,0.0,0.0,0.008687589849106635,0.16910690429161387,0.0,0.0,0.07089848510751354,0.0,0.0,0.0,0.0,0.0,0.0,0.0,0.0,0.0
2014-08-01,0.10546398295483972,0.07909798721612969,0.0,0.14799742178966271,0.0,0.030249239481255966,0.06808315115965118,0.0,0.0,0.0,0.037833911678395206,0.0,0.0,0.04029727800082098,0.0,0.0,0.08964770907324893,0.0,0.14718113837578087,0.0,0.0,0.008813519763662672,0.16533545035942837,0.0,0.0,0.07999921014712369,0.0,0.0,0.0,0.0,0.0,0.0,0.0,0.0,0.0
2014-08-08,0.10546398295483983,0.07909798721612969,0.0,0.1517921615961784,0.0,0.030249239481255966,0.06808315115965118,0.0,0.0,0.008890669470854094,0.037833911678395206,0.0,0.0,0.03458617539547153,0.0,0.0,0.09104931540595296,0.0,0.14718113837578087,0.0,0.0,0.009837832353941235,0.15423900687716371,0.0,0.0,0.08169542803438541,0.0,0.0,0.0,0.0,0.0,0.0,0.0,0.0,0.0
2014-08-15,0.10546398295483972,0.07909798721612969,0.0,0.14433528559173486,0.0,0.030249239481255966,0.06808315115965118,0.0,0.0,0.0,0.037833911678395206,0.0,0.0,0.03510158602341166,0.0,0.0,0.0871246743643501,0.0,0.1483322336512255,0.0,0.0,0.0,0.17467391486787492,0.0,0.0,0.08970403301113115,0.0,0.0,0.0,0.0,0.0,0.0,0.0,0.0,0.0
2014-08-22,0.10546398295483972,0.07909798721612969,0.0,0.14433528559173486,0.0,0.030249239481255966,0.06808315115965118,0.0,0.0,0.0,0.037833911678395206,0.0,0.0,0.032759787287867874,0.0,0.0,0.0878540549786228,0.0,0.1482657717380931,0.0,0.0,0.0,0.18688377160321423,0.0,0.0,0.07917305631019536,0.0,0.0,0.0,0.0,0.0,0.0,0.0,0.0,0.0
2014-08-29,0.0,0.0,0.0,0.03538700102283326,0.0005955115158787998,0.0,0.07000929074090381,0.0,0.0,0.0,0.1448073048636987,0.0,0.0,0.02860842189013477,0.0,0.0,0.08501127623014476,0.0,0.18876887598064845,0.0,0.0,0.0,0.24690550108511417,0.0,0.0,0.19990681667064328,0.0,0.0,0.0,0.0,0.0,0.0,0.0,0.0,0.0
2014-09-05,0.0,0.0,0.0,0.03538700102283326,0.0036991330424151134,0.0,0.07000929074090381,0.0,0.0,0.0,0.1448073048636987,0.0,0.0,0.022999145319915353,0.0,0.0,0.08333472149510576,0.0,0.18766419778441693,0.0,0.0,0.0008276671345572731,0.24901709037933378,0.0,0.0,0.20225444821682004,0.0,0.0,0.0,0.0,0.0,0.0,0.0,0.0,0.0
2014-09-12,0.0,0.0,0.0,0.03538700102283326,0.0,0.0,0.07000929074090381,0.0,0.0,0.0,0.1588905292016046,0.0,0.0,0.023750019641693924,0.0,0.0,0.07982977869016958,0.0,0.20038647329449055,0.0,0.0,0.0,0.23813106015638535,0.0,0.0,0.19361584725191888,0.0,0.0,0.0,0.0,0.0,0.0,0.0,0.0,0.0
2014-09-19,1.1102230246251565e-16,0.0,0.0,0.03538700102283326,0.0006674919890727822,0.0,0.07000929074090381,0.0,0.0,0.0,0.1448073048636987,0.0,0.0,0.029268763967600586,0.0,0.0,0.08321498126975488,0.0,0.19907946513809144,0.0,0.0,0.0,0.2409567278798385,0.0,0.0,0.19660897312820608,0.0,0.0,0.0,0.0,0.0,0.0,0.0,0.0,0.0
2014-09-26,0.0,0.0,0.0,0.032362838280642854,0.0,0.0,0.07451856448134889,0.0,0.0,0.0,0.13566287642979885,0.0,0.0,0.03279770146269243,0.0,0.0,0.09971505682495913,0.0,0.2369586908418357,0.0,0.0,0.0,0.24273870956804106,0.0,0.0,0.14524556211068107,0.0,0.0,0.0,0.0,0.0,0.0,0.0,0.0,0.0
2014-10-03,0.0,0.0,0.0,0.032362838280642854,0.0,0.0,0.07451856448134889,0.0,0.0,0.0,0.13566287642979885,0.0,0.0,0.03309840126473587,0.0,0.0,0.09961263958835129,0.0,0.23686758643265632,0.0,0.0,0.0,0.2431963011234336,0.0,0.0,0.14468079239903228,0.0,0.0,0.0,0.0,0.0,0.0,0.0,0.0,0.0
2014-10-10,0.0,0.0,0.0,0.032362838280642854,0.0,0.0,0.07451856448134889,0.0,0.0,0.0,0.13566287642979885,0.0,0.0,0.03368719757461098,0.0,0.0,0.10325232538330814,0.0,0.22827113954667516,0.0,0.0,0.0,0.24560975309156163,0.0,0.0,0.14663530521205345,0.0,0.0,0.0,0.0,0.0,0.0,0.0,0.0,0.0
2014-10-17,0.0,0.0,0.0,0.032362838280642854,0.0,0.0,0.07451856448134889,0.0,0.0,0.0,0.13566287642979885,0.0,0.0,0.04453953268370373,0.0,0.0,0.12451180771829895,0.0,0.21868933755538583,0.0,0.0,0.0,0.22528016080123858,0.0,0.0,0.1444348820495823,0.0,0.0,0.0,0.0,0.0,0.0,0.0,0.0,0.0
2014-10-24,0.0,0.0,0.0,0.032362838280642854,0.0,0.0,0.07451856448134889,0.0,0.0,0.0,0.13566287642979885,0.0,0.0,0.0466511413610004,0.0,0.0,0.12862680745096436,0.0,0.22415810388808927,0.0,0.0,0.0,0.21868933755538583,0.0,0.0,0.13933033055276953,0.0,0.0,0.0,0.0,0.0,0.0,0.0,0.0,0.0
2014-10-31,0.16631254391917505,0.0,0.0,0.0,0.0,0.0,0.07952508884685039,0.0,0.0,0.0,0.07181884494765473,0.0,0.0,0.04121039379782112,0.0,0.0,0.15461675181860532,0.0,0.17647335968876873,0.0,0.0,0.0,0.17055633253830074,0.0,0.0,0.09067506021088295,0.02440581211597049,0.0,0.0,0.0,0.02440581211597049,0.0,0.0,0.0,0.0
2014-11-07,0.16631254391917505,0.0,0.0,0.0,0.0,0.0,0.07952508884685039,0.0,0.0,0.0,0.07560916819686248,0.0,0.0,0.037345953797159825,0.0,0.0,0.14803064182103048,0.0,0.18800923460107055,0.0,0.0,0.0,0.17444185672885953,0.0,0.0,0.0819138878570507,0.02440581211597049,0.0,0.0,0.0,0.02440581211597049,0.0,0.0,0.0,0.0
2014-11-14,0.16631254391917505,0.0008309280461239471,0.0,0.0,0.0,0.0,0.07952508884685039,0.0,0.0,0.0,0.08861493600796452,0.0,0.0,0.019815239706216254,0.0,0.0,0.13175003896294324,0.0,0.19989030804362465,0.0,0.0,0.0,0.18601379254340433,0.0,0.0,0.07843549969175664,0.02440581211597049,0.0,0.0,0.0,0.02440581211597049,0.0,0.0,0.0,0.0
2014-11-21,0.16631254391917505,0.0,0.0,0.0,0.0,0.0,0.07952508884685039,0.0,0.0,0.0,0.10109975906325946,0.0,0.0,0.01610032317789077,0.0,0.0,0.1242052640536773,0.0,0.19815229438779208,0.0,0.0,0.0,0.18965653839859417,0.0,0.0,0.07613656392081981,0.02440581211597049,0.0,0.0,0.0,0.02440581211597049,0.0,0.0,0.0,0.0
2014-11-28,0.02162586972391012,0.0,0.0,0.0,0.0,0.0,0.1447088916045754,0.0,0.0,0.0,0.1290459563013293,0.0,0.0,0.023922193046213465,0.0,0.0,0.11295905497388604,0.0,0.2415228810157996,0.0,0.0,0.0,0.2549597999233158,0.0,0.0,0.04258201987229844,0.0,0.0,0.0,0.0,0.0,0.014336666769335937,0.014336666769335937,0.0,0.0
2014-12-05,0.02162586972391012,0.0,0.0,0.0,0.005136412986572319,0.0,0.1447088916045754,0.0,0.0,0.0,0.11646353850161288,0.0,0.0,0.027193077622322613,0.0,0.0,0.11948407550415241,0.0,0.2306331597635154,0.0,0.0,0.0,0.2587216678756575,0.0,0.0,0.04735997287900953,0.0,0.0,0.0,0.0,0.0,0.014336666769335937,0.014336666769335937,0.0,0.0
2014-12-12,0.02162586972391023,0.0,0.0,0.0,0.0,0.0,0.1447088916045754,0.0,0.0,0.0,0.12455860276424348,0.0,0.0,0.026107054855876836,0.0,0.0,0.1135715059909867,0.0,0.2401099632565904,0.0,0.0,0.0,0.25806275839284676,0.0,0.0,0.04258201987229844,0.0,0.0,0.0,0.0,0.0,0.014336666769335937,0.014336666769335937,0.0,0.0
2014-12-19,0.02162586972391012,0.0,0.0,0.0,0.0,0.0,0.1447088916045754,0.0,0.0,0.0,0.11646353850161288,0.0,0.0,0.029662449387994325,0.0,0.0,0.11746808711032752,0.0,0.23873780432828606,0.0,0.0,0.0,0.25926825149445376,0.0,0.0,0.04339177431016812,0.0,0.0,0.0,0.0,0.0,0.014336666769335937,0.014336666769335937,0.0,0.0
2014-12-26,0.21727322853183528,0.0,0.0,0.0,0.0,0.0,0.08758517402626001,0.0,0.0,0.0,0.08758517402626001,0.0,0.0,0.023640328980458633,0.0,0.0,0.11963418750430399,0.0,0.210870536508455,0.0,0.0,0.0,0.22684482907152168,0.0,0.0,0.011833383137510794,0.0,0.0,0.0,0.0,0.0,0.007366579106697321,0.007366579106697321,0.0,0.0
2015-01-02,0.21727322853183517,0.0,0.0,0.0,0.0,0.0,0.08758517402626001,0.0,0.0,0.0,0.09428021777757814,0.0,0.0,0.022100189100312535,0.0,0.0,0.11877034699355385,0.0,0.2122039400596554,0.0,0.0,0.0,0.22568716619071288,0.0,0.0,0.007366579106697321,0.0,0.0,0.0,0.0,0.0,0.007366579106697321,0.007366579106697321,0.0,0.0
2015-01-09,0.21727322853183517,0.0,0.0,0.0,0.0,0.0,0.08758517402626001,0.0,0.0,0.0022676268185393457,0.08758517402626001,0.0,0.0,0.025641395238872298,0.0,0.0,0.12087899873203126,0.0,0.20877448589050163,0.0,0.0,0.0,0.2278941794156083,0.0,0.0,0.007366579106697321,0.0,0.0,0.0,0.0,0.0,0.007366579106697321,0.007366579106697321,0.0,0.0
2015-01-16,0.21727322853183528,0.0,0.0,0.0,0.0,0.0,0.08758517402626001,0.0,0.0,0.003501009622944059,0.08758517402626001,0.0,0.0,0.023315968500054646,0.0,0.0,0.11634022100559502,0.0,0.21698688687497306,0.0,0.0,0.0,0.22531260009198603,0.0,0.0,0.007366579106697321,0.0,0.0,0.0,0.0,0.0,0.007366579106697321,0.007366579106697321,0.0,0.0
2015-01-23,0.21727322853183517,0.0,0.0,0.0,0.0,0.0,0.08758517402626001,0.0,0.0,0.003894280187067787,0.08758517402626001,0.0,0.0,0.024869323642867865,0.0,0.0,0.12099288704155461,0.0,0.20914267129488423,0.0,0.0,0.0,0.22655752392917833,0.0,0.0,0.007366579106697321,0.0,0.0,0.0,0.0,0.0,0.007366579106697321,0.007366579106697321,0.0,0.0
2015-01-30,0.057551534808826466,0.0,0.0,0.0,0.0,0.032182257699931174,0.05260797039610244,0.0,0.0,0.005347311015788592,0.09577162150272239,0.0,0.04316365110661996,0.029909870989631916,0.0,0.0,0.12774754824771195,0.0,0.21801382698655586,0.0,0.0,0.0,0.26096319267920565,0.025580404855634523,0.0,0.0,0.0,0.0,0.0,0.0,0.0,0.025580404855634523,0.025580404855634523,0.0,0.0
2015-02-06,0.057551534808826466,0.0,0.0,0.0,0.0,0.032182257699931174,0.05260797039610244,0.0,0.0,0.004741656061623712,0.09577162150272239,0.0,0.04316365110661996,0.02354944827361711,0.0,0.0,0.12134105471230001,0.0,0.22748294080321912,0.0,0.0,0.0,0.26486665006813404,0.025580404855634523,0.0,0.0,0.0,0.0,0.0,0.0,0.0,0.025580404855634523,0.025580404855634523,0.0,0.0
2015-02-13,0.05755153480882669,0.0,0.0,0.0,0.0,0.032182257699931174,0.05260797039610244,0.0,0.0,0.004218279631261063,0.09813887024012408,0.0,0.04316365110661996,0.01889937706255869,0.0,0.0,0.11995542343489664,0.0,0.23199798522990578,0.0,0.0,0.0,0.2645434358228701,0.025580404855634523,0.0,0.0,0.0,0.0,0.0,0.0,0.0,0.025580404855634523,0.025580404855634523,0.0,0.0
2015-02-20,0.05755153480882658,0.0,0.0,0.0,0.0,0.032182257699931174,0.05260797039610244,0.0,0.0,0.002400283538734085,0.1069305384685831,0.0,0.04316365110661996,0.01630237023818849,0.0,0.0,0.12126308626925086,0.0,0.2284664405498758,0.0,0.0,0.0,0.26239065235698406,0.025580404855634523,0.0,0.0,0.0,0.0,0.0,0.0,0.0,0.025580404855634523,0.025580404855634523,0.0,0.0
2015-02-27,0.09934400921960562,0.0,0.0,0.024145804483830725,0.0,0.0,0.07344522863001685,0.0,0.0,0.0007435841121769367,0.1004339600764399,0.0,0.0,0.015097037173433341,0.0,0.0,0.1441674945817058,0.0,0.2060358600245957,0.0,0.0,0.0,0.24124437198013385,0.03178088323935369,0.0,0.0,0.0,0.0,0.0,0.0,0.0,0.03178088323935369,0.03178088323935369,0.0,0.0
2015-03-06,0.09934400921960584,0.0,0.0,0.024145804483830725,0.0,0.0018540969873912347,0.07344522863001685,0.0,0.0,0.0,0.11891603187925234,0.0,0.0,0.012116423167216676,0.0,0.0,0.13677331071600815,0.0,0.2019222573482276,0.0,0.0,0.0,0.2361401878503895,0.03178088323935369,0.0,0.0,0.0,0.0,0.0,0.0,0.0,0.03178088323935369,0.03178088323935369,0.0,0.0
2015-03-13,0.09934400921960562,0.0,0.0,0.024145804483830725,0.0,0.0,0.07344522863001685,0.0,0.0,0.0022661407414162494,0.10018157146621437,0.0,0.0,0.015074546745154103,0.0,0.0,0.1409010803833238,0.0,0.20508411538592544,0.0,0.0,0.0,0.24421485322645156,0.03178088323935369,0.0,0.0,0.0,0.0,0.0,0.0,0.0,0.03178088323935369,0.03178088323935369,0.0,0.0
2015-03-20,0.09934400921960584,0.0,0.0,0.024145804483830725,0.0007803661616342537,0.0,0.07344522863001685,0.0,0.0,0.0027038482539811963,0.09013829861369346,0.0,0.0,0.024404259755277873,0.0,0.0,0.14653494846543347,0.0,0.19758529529142851,0.0,0.0,0.0,0.24557529140703674,0.03178088323935369,0.0,0.0,0.0,0.0,0.0,0.0,0.0,0.03178088323935369,0.03178088323935369,0.0,0.0
2015-03-27,0.09036113768567988,0.0,0.0,0.024016163670214762,0.00806715559759277,0.0,0.07614512151537228,0.0,0.0,0.0025588984578486717,0.10093444500666876,0.0,0.0,0.02240760246131964,0.0,0.0,0.11052863253772233,0.0,0.2116649330302655,0.0,0.0,0.0,0.24626613046377,0.0,0.0,0.06822025129885596,0.0,0.0,0.0,0.0,0.0,0.019414764137344737,0.019414764137344737,0.0,0.0
2015-04-03,0.09036113768567988,0.0,0.0,0.024016163670214762,0.006086767225252033,0.0,0.07614512151537228,0.0,0.0,0.009889299492661758,0.10093444500666876,0.0,0.0,0.021832362438617064,0.0,0.0,0.10894667580885466,0.0,0.21590304329415122,0.0,0.0,0.0,0.2388352042889822,0.0,0.0,0.06822025129885596,0.0,0.0,0.0,0.0,0.0,0.019414764137344737,0.019414764137344737,0.0,0.0
2015-04-10,0.09036113768567988,0.0,0.0,0.024016163670214762,0.013617072033111955,0.0,0.07614512151537228,0.0,0.0,0.01044136666976255,0.10093444500666876,0.0,0.0,0.025246377364071516,0.0,0.0,0.11085003218484829,0.0,0.20814304233468642,0.0,0.0,0.0,0.2331954619620382,0.0,0.0,0.06822025129885596,0.0,0.0,0.0,0.0,0.0,0.019414764137344737,0.019414764137344737,0.0,0.0
2015-04-17,0.09036113768567988,0.0,0.0,0.024914731349992555,0.01920455112889245,0.0,0.07614512151537228,0.0,0.0,0.01912955425862716,0.10093444500666876,0.0,0.0,0.020289326596635866,0.0,0.0,0.10661854213526298,0.0,0.20455868902133645,0.0,0.0,0.0,0.23079412172798625,0.0,0.0,0.06822025129885596,0.0,0.0,0.0,0.0,0.0,0.019414764137344737,0.019414764137344737,0.0,0.0
2015-04-24,0.0814055280824234,0.0,0.0,0.0211993389386026,0.01253983486820656,0.0,0.06613716705087376,0.0,0.0,0.018775397828925258,0.09402991114569559,0.0,0.0,0.06674015823973423,0.0,0.0,0.10264926200284386,0.0,0.19304368334347766,0.0,0.0,0.0007952151360076763,0.23379413024361667,0.0,0.0,0.018859749473354264,0.0,0.0,0.0,0.0,0.0,0.03001020788207949,0.0,0.03001020788207949,0.03001020788207949
2015-05-01,0.0814055280824234,0.0,0.0,0.01961934299040101,0.021288089325223674,0.0,0.06613716705087376,0.0,0.0,0.01710057188153633,0.09402991114569559,0.0,0.0,0.06451011801199033,0.0,0.0,0.1007524310221967,0.0,0.19924152516712346,0.0,0.0,0.0,0.227024942202943,0.0,0.0,0.018859749473354264,0.0,0.0,0.0,0.0,0.0,0.03001020788207949,0.0,0.03001020788207949,0.03001020788207949
2015-05-08,0.0814055280824233,0.0,0.0,0.018859749473354264,0.012870205509128936,0.0,0.06613716705087376,0.0,0.0,0.024428641598234067,0.09402991114569559,0.0,0.0,0.06374256597483641,0.0,0.0,0.09940421381994279,0.0,0.19603902953805713,0.0,0.0,0.0,0.23419261468786096,0.0,0.0,0.018859749473354264,0.0,0.0,0.0,0.0,0.0,0.03001020788207949,0.0,0.03001020788207949,0.03001020788207949
2015-05-15,0.0814055280824233,0.0,0.0,0.018859749473354264,0.022068899964484037,0.0,0.06613716705087376,0.0,0.0,0.01826149006422651,0.09402991114569559,0.0,0.0,0.06547652842998622,0.0,0.0,0.10057127837293359,0.0,0.1965769460104147,0.0,0.0,0.0,0.22421471098972223,0.0,0.0,0.02236716676964724,0.0,0.0,0.0,0.0,0.0,0.03001020788207949,0.0,0.03001020788207949,0.03001020788207949
2015-05-22,0.0814055280824233,0.0,0.0,0.018859749473354264,0.023929746630528704,0.0,0.06613716705087376,0.0,0.0,0.016441081103835443,0.10062172731590462,0.0,0.0,0.058949957818967905,0.0,0.0,0.09975291356912933,0.0,0.20053275036549534,0.0,0.0,0.0,0.22447900546989447,0.0,0.0,0.018859749473354264,0.0,0.0,0.0,0.0,0.0,0.03001020788207949,0.0,0.03001020788207949,0.03001020788207949
2015-05-29,0.09165423894015601,0.0,0.0,0.02229866414467854,0.07903482998999564,0.0,0.08300406428394805,0.0,0.0,0.08914974177715641,0.06070540013926951,0.0,0.0,0.018286777280715198,0.0,0.0,0.08865264648008464,0.0,0.1849373600551573,0.0,0.0,0.0,0.22055144849168012,0.0,0.0,0.025877771003731877,0.0,0.0,0.0,0.0,0.0,0.017923528706713363,0.0,0.0,0.017923528706713363
2015-06-05,0.0916542389401559,0.0,0.0,0.02229866414467854,0.08150901234552262,0.0,0.08300406428394805,0.0,0.0,0.08555494725423103,0.06070540013926951,0.0,0.0,0.02008531518664418,0.0,0.0,0.09672832722645536,0.0,0.17220369079281397,0.0,0.0,0.004152481423038058,0.21557687404959097,0.0,0.0,0.03067992680022502,0.0,0.0,0.0,0.0,0.0,0.017923528706713363,0.0,0.0,0.017923528706713363
2015-06-12,0.09165423894015612,0.0,0.0,0.024901555588042027,0.08177616724724425,0.0,0.08300406428394805,0.0,0.0,0.08323544811342817,0.06070540013926951,0.0,0.0,0.01886148196711312,0.0,0.0,0.09485215804090602,0.0,0.17804024037684293,0.0,0.0,0.004389597737186581,0.21641020549407036,0.0,0.0,0.026322384658366223,0.0,0.0,0.0,0.0,0.0,0.017923528706713363,0.0,0.0,0.017923528706713363
2015-06-19,0.09165423894015601,0.0,0.0,0.03429613200304212,0.07890059967067097,0.0,0.08300406428394805,0.0,0.0,0.07279874166105904,0.06070540013926951,0.0,0.0,0.018410180502668398,0.0,0.0,0.09101506264939596,0.0,0.1703715582475597,0.0,0.0,0.013786771874109597,0.21697328084505024,0.0,0.0,0.03223691176964372,0.0,0.0,0.0,0.0,0.0,0.017923528706713363,0.0,0.0,0.017923528706713363
2015-06-26,0.22283343874514838,0.0,0.0,0.041616462331862863,0.0787926478846145,0.0,0.09616684531712325,0.0,0.0,0.010944949819574418,0.06006861952440667,0.0,0.0,0.062235531941641754,0.0,0.0,0.1346414073329815,0.0,0.10148251607815856,0.0,0.0,0.060439358818305325,0.11067264849617289,0.0,0.0,0.010915441291995556,0.0,0.0,0.0,0.0,0.0,0.00919013241801434,0.0,0.0,0.0
2015-07-03,0.2228334387451485,0.0,0.0,0.03858158590491524,0.07883894883022616,0.0,0.09616684531712325,0.0,0.0,0.016112652706069888,0.06006861952440667,0.0,0.0,0.06542989081125244,0.0,0.0,0.13723580377879535,0.0,0.10148251607815856,0.0,0.0,0.05750728231976516,0.11600336942510775,0.0,0.0,0.0005489141410168039,0.0,0.0,0.0,0.0,0.0,0.00919013241801434,0.0,0.0,0.0
2015-07-10,0.22283343874514838,0.0,0.0,0.04186280722106295,0.07990901386516894,0.0,0.09616684531712325,0.0,0.0,0.017498128440511778,0.06006861952440667,0.0,0.0,0.0628038055416543,0.0,0.0,0.1350033735718079,0.0,0.10148251607815856,0.0,0.0,0.06250867078077005,0.11067264849617289,0.0,0.0,0.0,0.0,0.0,0.0,0.0,0.0,0.00919013241801434,0.0,0.0,0.0
2015-07-17,0.22283343874514838,0.0,0.0,0.045851360503655555,0.07690798422528716,0.0,0.09616684531712325,0.0,0.0,0.018813199099133156,0.06006861952440667,0.0,0.0,0.05831825357327779,0.0,0.0,0.13495671227552258,0.0,0.10148251607815856,0.0,0.0,0.06473828974409966,0.11067264849617289,0.0,0.0,0.0,0.0,0.0,0.0,0.0,0.0,0.00919013241801434,0.0,0.0,0.0
2015-07-24,0.22283343874514838,0.0,0.0,0.040556689712240454,0.07535479224587835,0.0,0.09616684531712325,0.0,0.0,0.023072365099785472,0.06006861952440667,0.0,0.0,0.06326820907324217,0.0,0.0,0.1377512404071865,0.0,0.10148251607815856,0.0,0.0,0.059582502882642954,0.11067264849617289,0.0,0.0,0.0,0.0,0.0,0.0,0.0,0.0,0.00919013241801434,0.0,0.0,0.0
2015-07-31,0.22881753345218458,0.0,0.0,0.0915427217147661,0.07097846612447326,0.0,0.09475623960641982,0.0,0.0,0.06944834359065337,0.05225920156278087,0.0,0.0,0.014466033215344024,0.0,0.0,0.23239528559660416,0.0,0.08968771991176697,0.0,0.0,0.0072981475886560974,0.0374285183489861,0.005460894643682349,0.0,0.0,0.0,0.0,0.0,0.0,0.0,0.0,0.0,0.0,0.005460894643682349
2015-08-07,0.22881753345218458,0.0,0.0,0.08879200781733011,0.07067427251785852,0.0,0.09475623960641982,0.0,0.0,0.07312980757411204,0.05225920156278087,0.0,0.0,0.015205963259129028,0.0,0.0,0.23048648748259665,0.0,0.08968771991176697,0.0,0.0,0.007840459179470636,0.0374285183489861,0.005460894643682349,0.0,0.0,0.0,0.0,0.0,0.0,0.0,0.0,0.0,0.0,0.005460894643682349
2015-08-14,0.22881753345218447,0.0,0.0,0.09033362913922194,0.0703004101215581,0.0,0.09475623960641982,0.0,0.0,0.07237269953685968,0.05225920156278087,0.0,0.0,0.01672605342110614,0.0,0.0,0.23043273016409416,0.0,0.08968771991176697,0.0,0.0,0.005963475447656986,0.0374285183489861,0.005460894643682349,0.0,0.0,0.0,0.0,0.0,0.0,0.0,0.0,0.0,0.0,0.005460894643682349
2015-08-21,0.22881753345218447,0.0,0.0,0.09093125249367787,0.06717221194785558,0.0,0.09475623960641982,0.0,0.0,0.06905646723040998,0.05225920156278087,0.0,0.0,0.02128329233294637,0.0,0.0,0.22886761879322148,0.0,0.08968771991176697,0.0,0.0,0.006320564304397662,0.03992610907697415,0.005460894643682349,0.0,0.0,0.0,0.0,0.0,0.0,0.0,0.0,0.0,0.0,0.005460894643682349
2015-08-28,0.6902352950799362,0.0,0.0,0.0,0.008418379460200071,0.0,0.0346064498816662,0.0,0.0,0.04316086625733103,0.023311863865787735,0.0,0.011294586015878467,0.010323399686437112,0.0,0.0,0.037554685638198075,0.0,0.11924127113876407,0.0,0.0,0.0,0.021853202975800994,0.0,0.0,0.0,0.0,0.0,0.0,0.0,0.0,0.0,0.0,0.0,0.0
2015-09-04,0.6902352950799362,0.0,0.0,0.0011261995327424379,0.00896066125550889,0.0,0.0346064498816662,0.0,0.0,0.04207037243560263,0.023311863865787735,0.0,0.011294586015878467,0.008341781734225753,0.0,0.0,0.03952079449610299,0.0,0.11592510399987538,0.0,0.0,0.0,0.024606891702673273,0.0,0.0,0.0,0.0,0.0,0.0,0.0,0.0,0.0,0.0,0.0,0.0
2015-09-11,0.6902352950799362,0.0,0.0,0.0012015905288665996,0.009224130638804241,0.0,0.0346064498816662,0.0,0.0,0.0346064498816662,0.023311863865787735,0.0,0.011294586015878467,0.007751182629169086,0.0,0.0,0.037141769118562096,0.0,0.12447075969448895,0.0,0.0,0.00039843594521436537,0.02575748671995981,0.0,0.0,0.0,0.0,0.0,0.0,0.0,0.0,0.0,0.0,0.0,0.0
2015-09-18,0.6902352950799362,0.0,0.0,0.0012324660220979985,0.00890365085859199,0.0,0.0346064498816662,0.0,0.0,0.0346064498816662,0.023311863865787735,0.0,0.011294586015878467,0.007590921465820103,0.0,0.0,0.0390917533307293,0.0,0.12109299240868576,0.0,0.0,0.0004080946954715984,0.027625476493668383,0.0,0.0,0.0,0.0,0.0,0.0,0.0,0.0,0.0,0.0,0.0,0.0
2015-09-25,0.7481955997673666,0.0,0.0,0.010460922968178016,0.0034520503524345008,0.0,0.02220916257824805,0.0,0.0,0.0,0.06153597483425345,0.0,0.0,0.000499057176530925,0.0,0.0,0.010460922968178016,0.0,0.07862090835556637,0.0,0.0,0.0,0.064565400999244,0.0,0.0,0.0,0.0,0.0,0.0,0.0,0.0,0.0,0.0,0.0,0.0
2015-10-02,0.7481955997673666,0.0,0.0,0.010460922968178016,0.008966524982144796,0.0,0.026824249106204325,0.0,0.0,0.0,0.05406616582652919,0.0,0.0,0.010009579087382028,0.0,0.0,0.010460922968178016,0.0,0.0747800090362253,0.0,0.0,0.0,0.056236026257791664,0.0,0.0,0.0,0.0,0.0,0.0,0.0,0.0,0.0,0.0,0.0,0.0
2015-10-09,0.7481955997673666,0.0,0.0,0.010460922968178016,0.000976571542763023,0.0,0.029850916095676323,0.0,0.0,0.00042420643371623144,0.06829695876815721,0.0,0.0,0.005791262641410631,0.0,0.0,0.010460922968178016,0.0,0.06930661255676222,0.0,0.0,0.0,0.056236026257791664,0.0,0.0,0.0,0.0,0.0,0.0,0.0,0.0,0.0,0.0,0.0,0.0
2015-10-16,0.7481955997673666,0.0,0.0,0.010460922968178016,0.005571782699199252,0.0,0.027805573489071547,0.0,0.0,0.005054704380006102,0.056603924946635825,0.0,0.0,0.014434805428664228,0.0,0.0,0.010460922968178016,0.0,0.06517573709490869,0.0,0.0,0.0,0.056236026257791664,0.0,0.0,0.0,0.0,0.0,0.0,0.0,0.0,0.0,0.0,0.0,0.0
2015-10-23,0.7481955997673666,0.0,0.0,0.010460922968178016,0.0,0.0,0.027659361139790607,0.0,0.0,0.0038868217111405314,0.06557132934233763,0.0,0.0,0.014150557118920874,0.0,0.0,0.011079526350917314,0.0,0.06275985534355669,0.0,0.0,0.0,0.056236026257791664,0.0,0.0,0.0,0.0,0.0,0.0,0.0,0.0,0.0,0.0,0.0,0.0
2015-10-30,0.23172526816099048,0.0,0.0,0.0,0.008242833676237595,0.0,0.09495746321641195,0.0,0.0,0.043750550582098945,0.15904380238302596,0.0,0.0,0.012428767498323275,0.0,0.0,0.11841438994061185,0.0,0.16413262504668996,0.0,0.0,0.0,0.16377762471130797,0.0,0.0011755582614340104,0.0,0.0,0.0,0.0,0.0,0.0,0.0011755582614340104,0.0,0.0,0.0011755582614340104
2015-11-06,0.23172526816099048,0.0,0.0,0.0,0.0,0.001263294387855608,0.08793822709136104,0.0,0.0,0.043750550582098945,0.15317210319875307,0.0,0.0,0.013420866595695899,0.0,0.0,0.11841438994061185,0.0,0.17649775126724915,0.0,0.0,0.0,0.17029087399108195,0.0,0.0011755582614340104,0.0,0.0,0.0,0.0,0.0,0.0,0.0011755582614340104,0.0,0.0,0.0011755582614340104
2015-11-13,0.23172526816099037,0.0,0.0,0.0,0.009047109089554186,0.0,0.08793822709136104,0.0,0.0,0.043750550582098945,0.1304297493719663,0.0,0.0,0.024686982133721506,0.0,0.0,0.11841438994061185,0.0,0.15955557968817902,0.0,0.0,0.0,0.1909254691572147,0.0,0.0011755582614340104,0.0,0.0,0.0,0.0,0.0,0.0,0.0011755582614340104,0.0,0.0,0.0011755582614340104
2015-11-20,0.2364275012067265,0.0,0.0,0.0,0.005427993747564224,0.0,0.08793822709136104,0.0,0.0,0.04257499232066493,0.13994603682380513,0.0,0.0,0.01402270012171598,0.0,0.0,0.11841438994061185,0.0,0.17138816964915232,0.0,0.0,0.0,0.18385998909839807,0.0,0.0,0.0,0.0,0.0,0.0,0.0,0.0,0.0,0.0,0.0,0.0
2015-11-27,0.2219344493373685,0.0,0.0,0.0,0.017617960943198833,0.042183819334232445,0.08965864473595109,0.0,0.0,0.0,0.11468066826218104,0.0,0.0,0.02137893802087504,0.0,0.0,0.1380844070447835,0.0,0.15969626159946776,0.0,0.0,0.0007132593223005976,0.19262507275503998,0.0,0.0,0.0,0.0,0.0,0.0,0.0,0.0,0.0007132593223005976,0.0,0.0,0.0007132593223005976
2015-12-04,0.2219344493373686,0.0,0.0,0.0,0.014762060039720065,0.042183819334232445,0.08965864473595109,0.0,0.0,0.0,0.09414098211185928,0.0,0.0,0.02988316326718423,0.0,0.0,0.14859274088482122,0.0,0.15306796127618855,0.0,0.0,0.0007132593223005976,0.20363640104577274,0.0,0.0,0.0,0.0,0.0,0.0,0.0,0.0,0.0007132593223005976,0.0,0.0,0.0007132593223005976
2015-12-11,0.2219344493373685,0.0,0.0,0.0,0.015146696947272211,0.042183819334232445,0.08965864473595109,0.0,0.0,0.007705653182542922,0.08965864473595109,0.0,0.0,0.030339536966550854,0.0,0.0,0.15346728797202935,0.0,0.1481392017956219,0.0,0.0,0.0007132593223005976,0.19962628702557783,0.0,0.0,0.0,0.0,0.0,0.0,0.0,0.0,0.0007132593223005976,0.0,0.0,0.0007132593223005976
2015-12-18,0.224787486626571,0.0,0.0,0.0,0.030162416056006308,0.042183819334232445,0.08965864473595109,0.0,0.0,0.0,0.08965864473595109,0.0,0.0,0.03638096764206478,0.0,0.0,0.15021020078913777,0.0,0.1481392017956219,0.0,0.0,0.0,0.18881861828446367,0.0,0.0,0.0,0.0,0.0,0.0,0.0,0.0,0.0,0.0,0.0,0.0
2015-12-25,0.6673444165559443,0.0,0.0,0.022648757402489773,0.020941634069848555,0.0,0.036281421564489255,0.0,0.0,0.0,0.036281421564489255,0.0,0.0,0.014087509975973321,0.0,0.0,0.04251014986871596,0.0,0.06523757077980977,0.0,0.0,0.0,0.09466711821823975,0.0,0.0,0.0,0.0,0.0,0.0,0.0,0.0,0.0,0.0,0.0,0.0
2016-01-01,0.6665237043247572,0.0,0.0,0.022853935460286558,0.016299654294053886,0.0,0.036281421564489255,0.0,0.0,0.001327666538170122,0.038477990480922576,0.0,0.0,0.012329747187510114,0.0,0.0,0.0421507509506464,0.0,0.06523757077980977,0.0,0.0,0.0002051780577967861,0.09810720230376052,0.0,0.0,0.0,0.0,0.0,0.0,0.0,0.0,0.0,0.0,0.0,0.0002051780577967861
2016-01-08,0.6673444165559443,0.0,0.0,0.024098450530767444,0.017816701664719548,0.0,0.036281421564489255,0.0,0.0,0.0,0.036281421564489255,0.0,0.0,0.013194049327962983,0.0,0.0,0.04382794932765371,0.0,0.06523757077980977,0.0,0.0,0.0024155425642305643,0.0935024761199331,0.0,0.0,0.0,0.0,0.0,0.0,0.0,0.0,0.0,0.0,0.0,0.0
2016-01-15,0.6673444165559443,0.0,0.0,0.022648757402489773,0.012399767110122056,0.0,0.036281421564489255,0.0,0.0,0.0,0.05157838943237303,0.0,0.0,0.009189925162230213,0.0,0.0,0.03338856508195047,0.0,0.0792824295081013,0.0,0.0,0.0,0.08788632818229955,0.0,0.0,0.0,0.0,0.0,0.0,0.0,0.0,0.0,0.0,0.0,0.0
2016-01-22,0.6673444165559443,0.0,0.0,0.022648757402489773,0.015594026709897357,0.0,0.036281421564489255,0.0,0.0,0.0,0.043410910058358024,0.0,0.0,0.012824483869477411,0.0,0.0,0.034128287061184606,0.0,0.07588964475981039,0.0,0.0,0.0,0.09187805201834882,0.0,0.0,0.0,0.0,0.0,0.0,0.0,0.0,0.0,0.0,0.0,0.0
2016-01-29,0.7044215719604655,0.0,0.0,0.00906178100768408,0.001769550217530278,0.0,0.029151849319803087,0.0,0.0,0.0,0.03821363032748717,0.0,0.0,0.015578030829403988,0.0,0.0,0.04148840298953367,0.0,0.11673996577906459,0.0,0.0,0.03821363032748717,0.005361587241540509,0.0,0.0,0.0,0.0,0.0,0.0,0.0,0.0,0.0,0.0,0.0,0.0
2016-02-05,0.7044215719604654,0.0,0.0,0.00906178100768408,0.004215106246700805,0.0,0.029151849319803087,0.0,0.0,0.0,0.03821363032748717,0.0,0.0,0.012219081291774481,0.0,0.0,0.03337593321960991,0.0,0.11673996577906459,0.0,0.0,0.03821363032748717,0.014387450519923253,0.0,0.0,0.0,0.0,0.0,0.0,0.0,0.0,0.0,0.0,0.0,0.0
2016-02-12,0.7044215719604654,0.0,0.0,0.00906178100768408,0.0,0.0020989766444019,0.029151849319803087,0.0,0.0,0.0,0.05668778028752135,0.0,0.0,0.0008739469904063345,0.0,0.0,0.027368309575734058,0.0,0.1284417383610521,0.0,0.0,0.03821363032748717,0.003680415525444484,0.0,0.0,0.0,0.0,0.0,0.0,0.0,0.0,0.0,0.0,0.0,0.0
2016-02-19,0.7044215719604655,0.0,0.0,0.00906178100768408,0.0,0.0012754262785239208,0.029151849319803087,0.0,0.0,0.0,0.05787317730780189,0.0,0.0,0.0001967840897809797,0.0,0.0,0.027368309575734058,0.0,0.12927277192494185,0.0,0.0,0.03821363032748717,0.0031646982077775053,0.0,0.0,0.0,0.0,0.0,0.0,0.0,0.0,0.0,0.0,0.0,0.0
2016-02-26,0.6998861390772259,0.009171598550939892,0.0,0.0,0.0,0.047465048524329895,0.039302551814006645,0.0,0.0,0.0,0.05547069175966087,0.0,0.0,0.0015463063922665698,0.0,0.0,0.0,0.0,0.10507665951615977,0.0,0.0,0.0,0.04208100436541048,0.0,0.0,0.0,0.0,0.0,0.0,0.0,0.0,0.0,0.0,0.0,0.0
2016-03-04,0.6998861390772259,0.009171598550939892,0.0,0.0,0.0,0.04944097180432797,0.039302551814006645,0.0,0.0,0.0,0.05371578702942181,0.0,0.0,0.0005797611560562756,0.0,0.0,0.0,0.0,0.10487006747620431,0.0,0.0,0.0,0.043033123091817234,0.0,0.0,0.0,0.0,0.0,0.0,0.0,0.0,0.0,0.0,0.0,0.0
2016-03-11,0.6998861390772259,0.009171598550939892,0.0,0.0,0.0,0.052801058257388324,0.039302551814006645,0.0,0.0,0.0,0.05038891456603768,0.0,0.0,0.0,0.0,0.0,0.0,0.0,0.10592876262540399,0.0,0.0,0.0,0.0425209751089976,0.0,0.0,0.0,0.0,0.0,0.0,0.0,0.0,0.0,0.0,0.0,0.0
2016-03-18,0.6995906826739986,0.009171598550939892,0.0,7.386410080684299e-05,0.0,0.05505387434074228,0.039302551814006645,0.0,0.0,0.0,0.050582719770745854,0.0,0.0,0.0,0.0,0.0,0.0,0.0,0.10478326957389933,0.0,0.0,7.386410080684299e-05,0.041219846872440125,0.0,0.0,0.0,0.0,0.0,0.0,0.0,0.0,7.386410080684299e-05,0.0,0.0,7.386410080684299e-05
2016-03-25,0.2184603794265989,0.05197170839480794,0.0,0.0,0.0,0.1977208088865495,0.10307603836029389,0.0,0.0,0.0,0.13753672970796482,0.0,0.0,0.0,0.0,0.0,0.038911532470174454,0.0,0.21061270951846703,0.0,0.0,0.0,0.04144045288262349,8.988011750669242e-05,0.0,0.0,0.0,0.0,0.0,0.0,0.0,8.988011750669242e-05,8.988011750669242e-05,0.0,0.0
2016-04-01,0.2184603794265989,0.05197170839480794,0.0,0.0,0.0,0.19677714238434316,0.10307603836029389,0.0,0.0,0.0,0.140426170680677,0.0,0.0,0.0,0.0,0.0,0.038911532470174454,0.0,0.20823004828886968,0.0,0.0,0.0,0.041877339641714986,8.988011750669242e-05,0.0,0.0,0.0,0.0,0.0,0.0,0.0,8.988011750669242e-05,8.988011750669242e-05,0.0,0.0
2016-04-08,0.2184603794265988,0.05197170839480794,0.0,0.0,0.0,0.1996570884897277,0.10307603836029389,0.0,0.0,0.0,0.13013546221609068,0.0,0.0,0.0,0.0,0.0,0.038911532470174454,0.0,0.20840933964535127,0.0,0.0,0.0,0.04910881064443516,8.988011750669242e-05,0.0,0.0,0.0,0.0,0.0,0.0,0.0,8.988011750669242e-05,8.988011750669242e-05,0.0,0.0
2016-04-15,0.2184603794265988,0.05197170839480794,0.0,0.0,0.0,0.19655590858059555,0.10307603836029389,0.0,0.0,0.0,0.13380023540172165,0.0,0.0,0.0016684738161471977,0.0,0.0,0.042710277889530066,0.0,0.20363149333268213,0.0,0.0,0.0,0.0478558444451027,8.988011750669242e-05,0.0,0.0,0.0,0.0,0.0,0.0,0.0,8.988011750669242e-05,8.988011750669242e-05,0.0,0.0
2016-04-22,0.2184603794265989,0.05197170839480794,0.0,0.0,0.0,0.1999315467095997,0.10307603836029389,0.0,0.0,0.0,0.12715471715602222,0.0,0.0,0.0,0.0,0.0,0.0430235882309778,0.0,0.2028033477641348,0.0,0.0,0.0,0.05330903360504474,8.988011750669242e-05,0.0,0.0,0.0,0.0,0.0,0.0,0.0,8.988011750669242e-05,8.988011750669242e-05,0.0,0.0
2016-04-29,0.0862242583063606,0.0,0.0,0.03068430188244027,0.0,0.19554016823486636,0.03068430188244027,0.0,0.0,0.0,0.15049334888810484,0.0,0.0,0.0,0.0,0.0,0.03191595706207963,0.0,0.20002626946705798,0.0,0.0,0.0,0.20698966952025746,0.012252474291317447,0.0,0.03068430188244027,0.0,0.0,0.0,0.0,0.0,0.012252474291317447,0.012252474291317447,0.0,0.0
2016-05-06,0.0862242583063606,0.0,0.0,0.03068430188244027,0.0,0.1937068184630807,0.03068430188244027,0.0,0.0,0.0,0.1504075924781918,0.0,0.0,0.0,0.0,0.0,0.03346008378421551,0.0,0.19974472199202203,0.0,0.0,0.0,0.2076461964548563,0.012252474291317447,0.0,0.03068430188244027,0.0,0.0,0.0,0.0,0.0,0.012252474291317447,0.012252474291317447,0.0,0.0
2016-05-13,0.0862242583063606,0.0,0.0,0.03068430188244027,0.0,0.1928081710663364,0.03068430188244027,0.0,0.0,0.0,0.1534194743542125,0.0,0.0,0.0010571374946491913,0.0,0.0,0.032676946490090314,0.0,0.19820172447212198,0.0,0.0,0.0,0.2068019592949559,0.012252474291317447,0.0,0.03068430188244027,0.0,0.0,0.0,0.0,0.0,0.012252474291317447,0.012252474291317447,0.0,0.0
2016-05-20,0.0862242583063606,0.0,0.0,0.03068430188244027,0.0,0.19150449917230472,0.03068430188244027,0.0,0.0,0.0,0.14582125749055808,0.0,0.0,0.0037088845493420926,0.0,0.0,0.03455582170748998,0.0,0.20143933238354822,0.0,0.0,0.0,0.2079356178691232,0.012252474291317447,0.0,0.03068430188244027,0.0,0.0,0.0,0.0,0.0,0.012252474291317447,0.012252474291317447,0.0,0.0
2016-05-27,0.11292930325944495,0.0,0.0,0.0,0.0,0.15825662206963595,0.03681076716410096,0.0,0.0,0.0,0.16840811099311864,0.0,0.03681076716410096,0.0,0.0,0.0,0.04002376601590341,0.0,0.18608921451100352,0.0,0.0,0.0,0.20777963305075584,0.0,0.0,0.0,0.0,0.0,0.0,0.01763060525731194,0.0,0.01763060525731194,0.01763060525731194,0.0,0.0
2016-06-03,0.11292930325944472,0.0009651094400977452,0.0,0.0,0.0,0.1600221627111247,0.038807159408913765,0.0,0.0,0.0,0.16750821994004486,0.0,0.03681076716410096,0.0,0.0,0.0,0.038818639735741206,0.0,0.18744757321148048,0.0,0.0,0.0,0.20379924935711555,0.0,0.0,0.0,0.0,0.0,0.0,0.01763060525731194,0.0,0.01763060525731194,0.01763060525731194,0.0,0.0
2016-06-10,0.11292930325944495,0.0,0.0,0.0,0.0,0.15916396690060405,0.03681076716410096,0.0,0.0,0.0,0.16626407927809236,0.0,0.03681076716410096,0.0,0.0,0.0,0.039063136693147836,0.0,0.1904988447763381,0.0,0.0,0.0,0.205567318992235,0.0,0.0,0.0,0.0,0.0,0.0,0.01763060525731194,0.0,0.01763060525731194,0.01763060525731194,0.0,0.0
2016-06-17,0.11292930325944495,0.0,0.0,0.0,0.0,0.15889765638841793,0.03800806320515767,0.0,0.0,0.0,0.16616190392809801,0.0,0.03681076716410096,0.0,0.0,0.0,0.038956334580267954,0.0,0.19010380445602387,0.0,0.0,0.0,0.20524035124655285,0.0,0.0,0.0,0.0,0.0,0.0,0.01763060525731194,0.0,0.01763060525731194,0.01763060525731194,0.0,0.0
2016-06-24,0.10934167190528576,0.0,0.0,0.0,0.0,0.16141253170409364,0.03358049986055576,0.0,0.0,0.0,0.17133139143790488,0.0,0.03243534886300422,0.0,0.0,0.0,0.03515000753722862,0.0,0.19406655143043575,0.0,0.0,0.0,0.19804005433569802,0.0,0.0,0.03243534886300422,0.0,0.0,0.0,0.010735531354263065,0.0,0.010735531354263065,0.010735531354263065,0.0,0.0
2016-07-01,0.10934167190528576,0.0,0.0,0.0,0.0,0.15684817470620352,0.033647035061087675,0.0,0.0,0.0,0.1692044606367812,0.0,0.03243534886300422,0.0,0.0,0.0,0.03600329939710632,0.0,0.19633220448438085,0.0,0.0,0.0,0.20154586202035707,0.0,0.0,0.03243534886300422,0.0,0.0,0.0,0.010735531354263065,0.0,0.010735531354263065,0.010735531354263065,0.0,0.0
2016-07-08,0.10934167190528576,0.002162834617523561,0.0,0.0,0.0,0.16084956575810289,0.03473412566226755,0.0,0.0,0.0,0.16512722946941513,0.0,0.03243534886300422,0.0,0.0,0.0,0.03572393524137806,0.0,0.19524000912269124,0.0,0.0,0.0,0.1997433364345382,0.0,0.0,0.03243534886300422,0.0,0.0,0.0,0.010735531354263065,0.0,0.010735531354263065,0.010735531354263065,0.0,0.0
2016-07-15,0.10934167190528576,0.008371849370498735,0.0,0.0,0.0,0.16113489756412575,0.03243534886300422,0.0,0.0,0.0020312422623781747,0.15983862435035007,0.0,0.03243534886300422,0.0,0.0,0.0,0.0364263044599798,0.0,0.19542319902909802,0.0,0.0,0.0,0.1979195704064819,0.0,0.0,0.03243534886300422,0.0,0.0,0.0,0.010735531354263065,0.0,0.010735531354263065,0.010735531354263065,0.0,0.0
2016-07-22,0.10934167190528576,0.007316285814054547,0.0,0.0,0.0,0.16166419127525009,0.03243534886300422,0.0,0.0,0.0,0.16354576825686895,0.0,0.036151409752866764,0.0,0.0,0.0,0.033357255782329884,0.0,0.19164741495791196,0.0,0.0,0.0,0.19989871046663446,0.0,0.0,0.03243534886300422,0.0,0.0,0.0,0.010735531354263065,0.0,0.010735531354263065,0.010735531354263065,0.0,0.0
2016-07-29,0.0,0.004454553577263961,0.0,0.029910224911507508,0.0,0.22208586619047632,0.031510562806108026,0.0,0.0,0.0,0.17430092157905488,0.0,0.031410812837984164,0.0,0.0,0.0,0.029910224911507508,0.0,0.22562648995597384,0.0,0.0,0.0,0.22088011831861637,0.0,0.0,0.029910224911507508,0.0,0.0,0.0,0.0,0.0,0.0,0.0,0.0,0.0
2016-08-05,0.0,0.0025741524587905257,0.0,0.0299102249115075,0.0,0.22244405058050198,0.0299102249115075,0.0,0.0,0.0,0.17483127410151517,0.0,0.034365836008954063,0.0,0.0,0.0,0.031149102554718266,0.0,0.22361798784927095,0.0,0.0,0.0,0.22128692171172643,0.0,0.0,0.0299102249115075,0.0,0.0,0.0,0.0,0.0,0.0,0.0,0.0,0.0
2016-08-12,0.0,0.0,0.0,0.029910224911507508,0.0,0.22525506392162237,0.031802441431920424,0.0,0.0,0.0,0.17327527257033007,0.0,0.029910224911507508,0.0,0.0,0.0,0.03256616764307743,0.0,0.22443438069167326,0.0,0.0,0.0,0.222935999006854,0.0,0.0,0.029910224911507508,0.0,0.0,0.0,0.0,0.0,0.0,0.0,0.0,0.0
2016-08-19,0.0,0.0,0.0,0.029910224911507508,0.0,0.22817359686125765,0.029910224911507508,0.0,0.0,0.012087796187208222,0.1508825408881454,0.0,0.029910224911507508,0.0,0.0,0.0,0.033835483929134054,0.0,0.21612892008026086,0.0,0.0,0.0,0.23205111146555435,0.0,0.0,0.03710987585391703,0.0,0.0,0.0,0.0,0.0,0.0,0.0,0.0,0.0
2016-08-26,0.0,0.0,0.0,0.01902325741120012,0.0,0.22553495280459165,0.01902325741120012,0.0,0.0,0.016259714914495633,0.1478348701390319,0.0,0.01902325741120012,0.0,0.0,0.0,0.03650728764435084,0.0,0.20465120006535983,0.0,0.0,0.0,0.2565073978245089,0.0,0.0,0.05563480437406093,0.0,0.0,0.0,0.0,0.0,0.0,0.0,0.0,0.0
2016-09-02,0.0,0.0,0.0,0.01902325741120012,0.0,0.2303351571532015,0.01902325741120012,0.0,0.0,0.00853815751687821,0.1609755294042649,0.0,0.01902325741120012,0.0,0.0,0.0,0.03504879652282594,0.0,0.22711113601649094,0.0,0.0,0.0,0.23653211902385787,0.0,0.0,0.04438933212888024,0.0,0.0,0.0,0.0,0.0,0.0,0.0,0.0,0.0
2016-09-09,0.0,0.0,0.0,0.01902325741120012,0.0,0.23296163053685523,0.01902325741120012,0.0,0.0,0.00918204498327431,0.1478348701390319,0.0,0.01902325741120012,0.006237457148916033,0.0,0.0,0.044494592852711554,0.0,0.20854235334775337,0.0,0.0,0.0,0.23893251553592051,0.0,0.0,0.05474476322193675,0.0,0.0,0.0,0.0,0.0,0.0,0.0,0.0,0.0
2016-09-16,0.0,0.0,0.0,0.01902325741120012,0.0,0.2303702400592996,0.01902325741120012,0.0,0.0,0.006845358851610129,0.1478348701390319,0.0,0.01902325741120012,0.0033454219532484926,0.0,0.0,0.03339454273755412,0.0,0.22057432712300848,0.0,0.0,0.0,0.23715469270415188,0.0,0.0,0.06341077419849508,0.0,0.0,0.0,0.0,0.0,0.0,0.0,0.0,0.0
2016-09-23,0.0,0.0,0.0,0.01902325741120012,0.0,0.22899231275308327,0.01902325741120012,0.0,0.0,0.024741556891597162,0.1478348701390319,0.0,0.01902325741120012,0.017003782407155235,0.0,0.0,0.03844976394138148,0.0,0.20301398989201505,0.0,0.0,0.0,0.21862719452040827,0.0,0.0,0.06426675722172728,0.0,0.0,0.0,0.0,0.0,0.0,0.0,0.0,0.0
2016-09-30,0.0,0.0,0.0,0.03857368377522477,0.0,0.14969400366977875,0.04246401781049166,0.0,0.0,0.02152676068301448,0.05399230721886465,0.0,0.03857368377522477,0.011803313225139247,0.0,0.0,0.04814000731541096,0.0,0.20837280057788282,0.0,0.0,0.0,0.21565561262161737,0.0,0.0,0.17120380932735055,0.0,0.0,0.0,0.0,0.0,0.0,0.0,0.0,0.0
2016-10-07,1.1102230246251565e-16,0.0,0.0,0.03857368377522477,0.0051604467936288605,0.15260866393126274,0.05731913604934305,0.0,0.0,0.02292147450324189,0.05399230721886465,0.0,0.03857368377522477,0.004940859411944223,0.0,0.0,0.043259900037906474,0.0,0.20329676197054453,0.0,0.0,0.0,0.21156429628083284,0.0,0.0,0.16778878625198118,0.0,0.0,0.0,0.0,0.0,0.0,0.0,0.0,0.0
2016-10-14,0.0,0.0,0.0,0.03857368377522477,0.011542137344067515,0.1518566997086302,0.04661342887759208,0.0,0.0,0.022726893989377592,0.05399230721886465,0.0,0.03857368377522477,0.008706031741564006,0.0,0.0,0.04612086133848176,0.0,0.20329676197054453,0.0,0.0,0.0016187411654579329,0.20329676197054453,0.0,0.0,0.17308200712442567,0.0,0.0,0.0,0.0,0.0,0.0,0.0,0.0,0.0
2016-10-21,0.0,0.0,0.0,0.03857368377522477,0.0,0.1531782703269193,0.05167791062991486,0.0,0.0,0.021395782566326207,0.05399230721886465,0.0,0.03857368377522477,0.021271220213186216,0.0,0.0,0.05064192519725083,0.0,0.20329676197054453,0.0,0.0,0.0,0.20329676197054453,0.0,0.0,0.16410169235599936,0.0,0.0,0.0,0.0,0.0,0.0,0.0,0.0,0.0
2016-10-28,0.07693486955192574,0.0,0.0,0.021010234405080777,0.01936938204997719,0.1965879394508177,0.15892765746260445,0.0,0.0,0.04336391107964583,0.11404298166060417,0.0,0.021010234405080777,0.029995988202604955,0.0,0.0,0.029064452716848252,0.0,0.16948564979356723,0.0,0.0,0.0,0.07059676117312642,0.0,0.0,0.04960993804811645,0.0,0.0,0.0,0.0,0.0,0.0,0.0,0.0,0.0
2016-11-04,0.07693486955192586,0.0,0.0,0.021010234405080777,0.025087578318837827,0.17380382216759976,0.17829399858513512,0.0,0.0,0.0423194729170319,0.11404298166060417,0.0,0.021010234405080777,0.029911959743847957,0.0,0.0,0.038204521394626934,0.0,0.16948564979356723,0.0,0.0,0.0,0.05726116979589059,0.0,0.0,0.052633507260771074,0.0,0.0,0.0,0.0,0.0,0.0,0.0,0.0,0.0
2016-11-11,0.07693486955192586,0.0,0.0,0.021010234405080777,0.02289462875337494,0.16948564979356723,0.17917872339992447,0.0,0.0,0.018428514095740468,0.1265289479134064,0.0,0.041419757259104996,0.029127068877837014,0.0,0.0,0.03461372807174165,0.0,0.16948564979356723,0.0,0.0,0.0042944968866743625,0.05544266813296305,0.0,0.0,0.05115506306509155,0.0,0.0,0.0,0.0,0.0,0.0,0.0,0.0,0.0
2016-11-18,0.07693486955192586,0.0,0.0,0.021010234405080777,0.025333515392668766,0.16948564979356723,0.18215457322398176,0.0,0.0,0.020106850937767977,0.11404298166060417,0.0,0.0434667842389011,0.032116982680664784,0.0,0.0,0.03599775656375552,0.0,0.16948564979356723,0.0,0.0,0.0,0.05544266813296305,0.0,0.0,0.05442148362455181,0.0,0.0,0.0,0.0,0.0,0.0,0.0,0.0,0.0
2016-11-25,0.10289169938995979,0.0,0.0,0.0,0.017563928758097525,0.1463703340048269,0.2325481198344276,0.0,0.0,0.011774316851998642,0.11229378532409344,0.0,0.06782816048354381,0.023638000670320517,0.0,0.0,0.06398551067054757,0.0,0.09655718123938709,0.0,0.0,0.0,0.0,0.0,0.0,0.12454896277279717,0.0,0.0,0.0,0.0,0.0,0.0,0.0,0.0,0.0
2016-12-02,0.10289169938995979,0.0,0.0,0.0,0.029759462201784357,0.15777178289773353,0.2311219418173521,0.0,0.0,0.0,0.10670539804113224,0.0,0.06972929906691254,0.020118305163304883,0.0,0.0,0.056118586788311,0.0,0.09655718123938709,0.0,0.0,0.0,0.0,0.0,0.0,0.1292263433941226,0.0,0.0,0.0,0.0,0.0,0.0,0.0,0.0,0.0
2016-12-09,0.10289169938995968,0.0,0.0,0.0,0.017057857988045943,0.16956239281573282,0.23359385950167852,0.0,0.0,0.0,0.1296592081052803,0.0,0.06526623738296818,0.005719424386034806,0.0,0.0,0.05115945984600126,0.0,0.09655718123938709,0.0,0.0,0.0,0.0,0.0,0.0,0.12853267934491142,0.0,0.0,0.0,0.0,0.0,0.0,0.0,0.0,0.0
2016-12-16,0.10289169938995968,0.0,0.0,0.0,0.025603042684215982,0.1463703340048269,0.20862899523326928,0.0,0.0,0.028350955142103496,0.10287788695577196,0.0,0.05115945984600126,0.033064769141277345,0.0,0.0,0.0865145332806486,0.0,0.09655718123938709,0.0,0.0,0.0,0.0,0.0,0.0,0.1179811430825384,0.0,0.0,0.0,0.0,0.0,0.0,0.0,0.0,0.0
2016-12-23,0.10289169938995968,0.0,0.0,0.0,0.02345749659636466,0.1463703340048269,0.22263889004589513,0.0,0.0,0.028917853232745754,0.10287788695577196,0.0,0.05776951269203531,0.031703927744169066,0.0,0.0,0.0814083602434931,0.0,0.09655718123938709,0.0,0.0,0.0,0.0,0.0,0.0,0.10540685785535135,0.0,0.0,0.0,0.0,0.0,0.0,0.0,0.0,0.0
2016-12-30,0.0,0.0,0.0,0.07303355013954786,0.003865378748353759,0.10381286549508342,0.26157010435597355,0.0,0.0,0.019669190102191782,0.10381286549508342,0.0,0.14675518136427296,0.020500068201931457,0.0,0.0,0.09505438981094785,0.0,0.0,0.0,0.0,0.0,0.0,0.0,0.0,0.17192640628661393,0.0,0.0,0.0,0.0,0.0,0.0,0.0,0.0,0.0
2017-01-06,0.0,0.0,0.0,0.07303355013954786,0.013397528200765951,0.10381286549508342,0.25926427529286517,0.0,0.0,0.01879456924735844,0.10381286549508342,0.0,0.1554994993245306,0.0062667402679435855,0.0,0.0,0.09589240857256542,0.0,0.0,0.0,0.0,0.0,0.0,0.0,0.0,0.1702256979642561,0.0,0.0,0.0,0.0,0.0,0.0,0.0,0.0,0.0
2017-01-13,0.0,0.0,0.0,0.07303355013954786,0.016676241081744952,0.10381286549508342,0.23972335707766934,0.0,0.0,0.02198266958454494,0.10381286549508342,0.0,0.15278704907569357,0.011043350276683765,0.0,0.0,0.10019657802638468,0.0,0.0,0.0,0.0,0.0024538118328106167,0.0,0.0,0.0,0.17447766191475345,0.0,0.0,0.0,0.0,0.0,0.0,0.0,0.0,0.0
2017-01-20,0.0,0.0,0.0,0.07303355013954786,0.009002852574902067,0.10381286549508342,0.2487021602106157,0.0,0.0,0.023666213323713246,0.10381286549508342,0.0,0.15495425938947321,0.017004134541041094,0.0,0.0,0.09666288708200596,0.0,0.0,0.0,0.0,0.0026584048104125466,0.0,0.0,0.0,0.1666898069381215,0.0,0.0,0.0,0.0,0.0,0.0,0.0,0.0,0.0
2017-01-27,3.3306690738754696e-16,0.0,0.0,0.04739736013892751,0.009290179058898639,0.0,0.16543188757745128,0.0,0.0,0.07769413286563674,0.05030143395446719,0.0,0.23029160614111419,0.019525657110797106,0.0,0.0,0.24176658689911612,0.0,0.0,0.0,0.0,0.0,0.04739736013892751,0.0,0.0,0.11090379611466343,0.0,0.0,0.0,0.0,0.0,0.0,0.0,0.0,0.0
2017-02-03,3.3306690738754696e-16,0.0,0.0,0.04739736013892751,0.004088004240797746,0.0,0.17627994866400606,0.0,0.0,0.07482485266074476,0.05030143395446719,0.0,0.23618443859954458,0.015131514712322358,0.0,0.0,0.2359153584024213,0.0,0.0,0.0,0.0,0.0,0.04897329251210478,0.0,0.0,0.11090379611466343,0.0,0.0,0.0,0.0,0.0,0.0,0.0,0.0,0.0
2017-02-10,2.220446049250313e-16,0.0,0.0,0.04739736013892751,0.008548072059256841,0.0,0.16432352736567774,0.0,0.0,0.07540884837823891,0.05030143395446719,0.0,0.23294177866813093,0.022020219523726323,0.0,0.0,0.23367377845586346,0.0,0.0,0.0,0.0,0.00518781601233187,0.04739736013892751,0.0,0.0,0.1127998053044515,0.0,0.0,0.0,0.0,0.0,0.0,0.0,0.0,0.0
2017-02-17,2.220446049250313e-16,0.0,0.0,0.04739736013892751,0.012475884244904489,0.0,0.1513133949005206,0.0,0.0,0.07483481704712719,0.05030143395446719,0.0,0.2372712410964293,0.025319835832375823,0.0,0.0,0.23288316838761522,0.0,0.0,0.0,0.0,0.0025234600904794065,0.04739736013892751,0.0,0.0,0.11828204416822552,0.0,0.0,0.0,0.0,0.0,0.0,0.0,0.0,0.0
2017-02-24,0.05262148709266046,0.0,0.0,0.04942708769608906,0.006451731324822166,0.0,0.13881774816948989,0.0,0.0,0.061284384675881355,0.04992454515390555,0.0,0.22292096656360466,0.02620960860501825,0.0,0.0,0.17036017339909335,0.0,0.0,0.0,0.0,0.052542990324267305,0.04942708769608906,0.0,0.0,0.12001218929907884,0.0,0.0,0.0,0.0,0.0,0.0,0.0,0.0,0.0
2017-03-03,0.05262148709266046,0.0,0.0,0.04942708769608906,0.006605785906745525,0.0,0.13881774816948989,0.0,0.0,0.06136647166821926,0.04992454515390555,0.0,0.2131330818867201,0.02629557198946214,0.0,0.0,0.16771561414595884,0.0,0.0,0.0,0.0,0.05260968339673397,0.04942708769608906,0.0,0.0,0.13205583519792616,0.0,0.0,0.0,0.0,0.0,0.0,0.0,0.0,0.0
2017-03-10,0.05262148709266046,0.0,0.0,0.04942708769608906,0.007779538466869032,0.0,0.13881774816948989,0.0,0.0,0.0587950507549152,0.04992454515390555,0.0,0.21203916789981558,0.028686073420147166,0.0,0.0,0.17204128502606097,0.0,0.0,0.0,0.0,0.052335948376487425,0.04942708769608906,0.0,0.0,0.1281049802474706,0.0,0.0,0.0,0.0,0.0,0.0,0.0,0.0,0.0
2017-03-17,0.05262148709266046,0.0,0.0,0.051564971227135055,0.007353265789403519,0.0,0.13881774816948989,0.0,0.0,0.053299877733118534,0.04992454515390555,0.0,0.20962867410642894,0.032433347011528016,0.0,0.0,0.16790809962303002,0.0,0.0,0.0,0.0,0.05666006128217032,0.04942708769608906,0.0,0.0,0.13036083511504065,0.0,0.0,0.0,0.0,0.0,0.0,0.0,0.0,0.0
2017-03-24,0.05262148709266046,0.0,0.0,0.056159533301566755,0.01054973957165397,0.0,0.13881774816948989,0.0,0.0,0.052521513605376324,0.04992454515390555,0.0,0.2015314587102613,0.027882313096241708,0.0,0.0,0.1710862088316222,0.0,0.0,0.0,0.0,0.059452633351120485,0.04942708769608906,0.0,0.0,0.1300257314200123,0.0,0.0,0.0,0.0,0.0,0.0,0.0,0.0,0.0
2017-03-31,0.051784549809926084,0.0,0.0,0.049302037291877536,0.05502568619884024,0.0,0.13282339920919217,0.0,0.0,0.07191306440121145,0.05042841815406456,0.0,0.15352452254896146,0.06595004392487618,0.0,0.0,0.15745876579969037,0.0,0.0,0.0,0.0,0.06260947430264414,0.0,0.0,0.0,0.1491800383587158,0.0,0.0,0.0,0.0,0.0,0.0,0.0,0.0,0.0
2017-04-07,0.051784549809926084,0.0,0.0,0.05459628456459114,0.05941447237477772,0.0,0.13282339920919217,0.0,0.0,0.06793677903541968,0.05042841815406456,0.0,0.15352452254896146,0.06745164915998757,0.0,0.0,0.1609033770067719,0.0,0.0,0.0,0.0,0.06813549164168645,0.0,0.0,0.0,0.13300105649462127,0.0,0.0,0.0,0.0,0.0,0.0,0.0,0.0,0.0
2017-04-14,0.051784549809926084,0.0,0.0,0.06097990747433512,0.04922161009460614,0.0,0.13282339920919217,0.0,0.0,0.061025466009680715,0.05042841815406456,0.0,0.15352452254896146,0.06344189901414121,0.0,0.0,0.17157802871552325,0.0,0.0,0.0,0.0,0.0752030910074448,0.0,0.0,0.0,0.12998910796212448,0.0,0.0,0.0,0.0,0.0,0.0,0.0,0.0,0.0
2017-04-21,0.051784549809926195,0.0,0.0,0.0700568381346518,0.043591230930589586,0.0,0.13282339920919217,0.0,0.0,0.06763564469376293,0.05042841815406456,0.0,0.15352452254896146,0.061099389568522317,0.0,0.0,0.16078290578925447,0.0,0.0,0.0,0.0,0.0730928490870228,0.0,0.0,0.0,0.1351802520740518,0.0,0.0,0.0,0.0,0.0,0.0,0.0,0.0,0.0
2017-04-28,0.050964982593727504,0.0,0.0,0.13881251758339044,0.04866316538136077,0.02866327313207526,0.14300793482592036,0.0,0.0,0.02002447116805316,0.0,0.0,0.05028523113168424,0.06613885366498518,0.0,0.0,0.16818144006591546,0.0,0.0,0.0,0.0,0.11811128622865402,0.02866327313207526,0.0,0.0,0.13848357109215842,0.0,0.0,0.0,0.0,0.0,0.0,0.0,0.0,0.0
2017-05-05,0.050964982593727504,0.0,0.0,0.13681167227487445,0.04298080417290792,0.02866327313207526,0.14300793482592036,0.0,0.0,0.031663569170468114,0.0,0.0,0.05028523113168424,0.06640260858714454,0.0,0.0,0.18700232143099066,0.0,0.0,0.0,0.0,0.11601534837120561,0.02866327313207526,0.0,0.0,0.1175389811769261,0.0,0.0,0.0,0.0,0.0,0.0,0.0,0.0,0.0
2017-05-12,0.05096498259372739,0.0,0.0,0.14016141307375213,0.038223736945295315,0.02866327313207526,0.14300793482592036,0.0,0.0,0.03921967026613137,0.0,0.0,0.05028523113168424,0.06407941206053096,0.0,0.0,0.1768602773774291,0.0,0.0,0.0,0.0,0.10923673252652533,0.02866327313207526,0.0,0.0,0.13063406293485327,0.0,0.0,0.0,0.0,0.0,0.0,0.0,0.0,0.0
2017-05-19,0.05096498259372739,0.0,0.0,0.14238724082832616,0.038223736945295315,0.02866327313207526,0.15054189875224164,0.0,0.0,0.010752486214349866,0.0,0.0,0.05028523113168424,0.060330954046947556,0.0,0.0,0.17061217963822023,0.0,0.0,0.0,0.0,0.13038786841130603,0.02866327313207526,0.0,0.0,0.13818687517375108,0.0,0.0,0.0,0.0,0.0,0.0,0.0,0.0,0.0
2017-05-26,0.04910966636950087,0.0,0.0,0.18773452526433487,0.0,0.036493053516242734,0.1288700464914409,0.0,0.0,0.014962983277332375,0.0555447431980726,0.0,0.0,0.08992052659239229,0.0,0.0,0.12431570838039555,0.0,0.0,0.0,0.0,0.13024689284531596,0.0025419398146793687,0.0,0.0,0.18025991425029247,0.0,0.0,0.0,0.0,0.0,0.0,0.0,0.0,0.0
2017-06-02,0.04910966636950087,0.0,0.0,0.19721508043141178,0.002595535754260935,0.036493053516242734,0.1288700464914409,0.0,0.0,0.010449494637998965,0.0555447431980726,0.0,0.0,0.08580098330900804,0.0,0.0,0.128085725902226,0.0,0.0,0.0,0.0,0.13298225209935413,0.0,0.0,0.0,0.17285341829048304,0.0,0.0,0.0,0.0,0.0,0.0,0.0,0.0,0.0
2017-06-09,0.04910966636950087,0.0,0.0,0.2021556511926816,0.009959035092972862,0.036493053516242734,0.1288700464914409,0.0,0.0,0.014345997087999008,0.0555447431980726,0.0,0.0,0.07929262637948646,0.0,0.0,0.13006766295564356,0.0,0.0,0.0,0.0,0.1349212501575877,0.0,0.0,0.0,0.15924026755837165,0.0,0.0,0.0,0.0,0.0,0.0,0.0,0.0,0.0
2017-06-16,0.04910966636950087,0.0,0.0,0.19829211349137996,0.002730204806394724,0.036493053516242734,0.1288700464914409,0.0,0.0,0.009949249368143244,0.0555447431980726,0.0,0.0,0.07867214874932438,0.0,0.0,0.13473950933648166,0.0,0.0,0.0,0.0,0.13078643436901174,0.0,0.0,0.0,0.1748128303040072,0.0,0.0,0.0,0.0,0.0,0.0,0.0,0.0,0.0
2017-06-23,0.04910966636950076,0.0,0.0,0.1991544574047163,0.015699059459111743,0.036493053516242734,0.1288700464914409,0.0,0.0,0.004766852614518146,0.0555447431980726,0.0,0.0,0.07579968886603958,0.0,0.0,0.12942129240687117,0.0,0.0,0.0,0.0,0.13552284065471892,0.0,0.0,0.0,0.16961829901876704,0.0,0.0,0.0,0.0,0.0,0.0,0.0,0.0,0.0
2017-06-30,1.1102230246251565e-16,0.0,0.0,0.245140325208831,0.003254963153733117,0.02024249775968718,0.07750488409374194,0.0,0.0,0.005718381881860965,0.05726238633405476,0.0,0.0,0.09699567187343722,0.0,0.0,0.12207922378802227,0.0,0.02024249775968718,0.0,0.0,0.1579179490853615,0.02024249775968718,0.0,0.0,0.17339872130189557,0.0,0.0,0.0,0.0,0.0,0.0,0.0,0.0,0.0
2017-07-07,0.0,0.0,0.0,0.24300259738635077,0.027625555579065767,0.02024249775968718,0.07750488409374194,0.0,0.0,0.0048827892877994425,0.05726238633405476,0.0,0.0,0.09257748654371464,0.0,0.0,0.11880601581561354,0.0,0.02024249775968718,0.0,0.0,0.15309454545651754,0.02024249775968718,0.0,0.0,0.16451624622408,0.0,0.0,0.0,0.0,0.0,0.0,0.0,0.0,0.0
2017-07-14,1.1102230246251565e-16,0.0,0.0,0.2425684560112627,0.013673317083324806,0.02024249775968718,0.07750488409374194,0.0,0.0,0.02187664529191946,0.05726238633405476,0.0,0.0,0.09469683419190475,0.0,0.0,0.11668272474546218,0.0,0.02024249775968718,0.0,0.0,0.15493470439143056,0.02024249775968718,0.0,0.0,0.1600725545778372,0.0,0.0,0.0,0.0,0.0,0.0,0.0,0.0,0.0
2017-07-21,0.0,0.0,0.0,0.24921763413297032,0.007790322372077429,0.02024249775968718,0.07750488409374194,0.0,0.0,0.012806675040615194,0.05726238633405476,0.0,0.0,0.09608800292374083,0.0,0.0,0.1316430647508328,0.0,0.02024249775968718,0.0,0.0,0.16203174951531749,0.02024249775968718,0.0,0.0,0.14492778755758765,0.0,0.0,0.0,0.0,0.0,0.0,0.0,0.0,0.0
2017-07-28,1.1102230246251565e-16,0.0,0.0,0.23411082148250417,0.06731982746853812,0.01996998391672108,0.07428141558649966,0.0,0.0,0.021241911523432338,0.05431143166977857,0.0,0.0,0.10242076436474347,0.0,0.0,0.13500183294122492,0.0,0.01996998391672108,0.0,0.0,0.14694891302604648,0.01996998391672108,0.0,0.0,0.10445313018706892,0.0,0.0,0.0,0.0,0.0,0.0,0.0,0.0,0.0
2017-08-04,0.0,0.0,0.0,0.24273606382100416,0.05874682032332094,0.01996998391672108,0.07428141558649966,0.0,0.0,0.02791537524136584,0.05431143166977857,0.0,0.0,0.08204743468040607,0.0,0.0,0.1293312249204583,0.0,0.01996998391672108,0.0,0.0,0.16614908336214748,0.01996998391672108,0.0,0.0,0.10457119864485567,0.0,0.0,0.0,0.0,0.0,0.0,0.0,0.0,0.0
2017-08-11,2.220446049250313e-16,0.0,0.0,0.22811068112624833,0.05963337800568045,0.01996998391672108,0.07428141558649966,0.0,0.0,0.038602743501696964,0.05431143166977857,0.0,0.0,0.09866675849996673,0.0,0.0,0.13401980938676805,0.0,0.01996998391672108,0.0,0.0,0.14944136344132103,0.01996998391672108,0.0,0.0,0.10302246703187684,0.0,0.0,0.0,0.0,0.0,0.0,0.0,0.0,0.0
2017-08-18,1.1102230246251565e-16,0.0,0.0,0.2328968243691979,0.05448142624238469,0.01996998391672108,0.07428141558649966,0.0,0.0,0.01391986440177811,0.05431143166977857,0.0,0.0,0.0979804123524205,0.0,0.0,0.12487788915244605,0.0,0.01996998391672108,0.0,0.0,0.15422600119870344,0.01996998391672108,0.0,0.0,0.13311478327662768,0.0,0.0,0.0,0.0,0.0,0.0,0.0,0.0,0.0
2017-08-25,0.08551270976598935,0.0,0.0,0.20785081496276012,0.007112355543484067,0.022957914719634286,0.07383539145908126,0.0,0.0,0.008503965771038626,0.050877476739446974,0.0,0.0,0.08183607027496564,0.0,0.0,0.15389365935347185,0.0,0.022957914719634286,0.0,0.0,0.1348817351677346,0.022957914719634286,0.0,0.0,0.12682207680312463,0.0,0.0,0.0,0.0,0.0,0.0,0.0,0.0,0.0
2017-09-01,0.08551270976598935,0.0,0.0,0.21102375993908082,0.01621479572016745,0.022957914719634286,0.07383539145908126,0.0,0.0,0.002423899434109106,0.050877476739446974,0.0,0.0,0.06925995199182977,0.0,0.0,0.15468827639338786,0.0,0.022957914719634286,0.0,0.0,0.13725365899702813,0.022957914719634286,0.0,0.0,0.1300363354009764,0.0,0.0,0.0,0.0,0.0,0.0,0.0,0.0,0.0
2017-09-08,0.08551270976598935,0.0,0.0,0.21067864046147053,0.017472042394363698,0.022957914719634286,0.07383539145908126,0.0,0.0,0.0026920910207479565,0.050877476739446974,0.0,0.0,0.06865775193713897,0.0,0.0,0.15705805521658292,0.0,0.022957914719634286,0.0,0.0,0.1303572833938743,0.022957914719634286,0.0,0.0,0.13398481345240112,0.0,0.0,0.0,0.0,0.0,0.0,0.0,0.0,0.0
2017-09-15,0.08551270976598935,0.0,0.0,0.2090826937467661,0.014371522039355173,0.025584856194463046,0.07383539145908126,0.0,0.0,0.0,0.050877476739446974,0.0,0.0,0.07181682492462194,0.0,0.0,0.15132101774937484,0.0,0.022957914719634286,0.0,0.0,0.1366383955992,0.022957914719634286,0.0,0.0,0.13504328234243276,0.0,0.0,0.0,0.0,0.0,0.0,0.0,0.0,0.0
2017-09-22,0.08551270976598935,0.0,0.0,0.21251989992052037,0.022892072871116588,0.027653860915282633,0.07383539145908126,0.0,0.0,0.0,0.050877476739446974,0.0,0.0,0.06837739369976734,0.0,0.0,0.14599282137464745,0.0,0.022957914719634286,0.0,0.0,0.1321975269904428,0.022957914719634286,0.0,0.0,0.13422501682443672,0.0,0.0,0.0,0.0,0.0,0.0,0.0,0.0,0.0
2017-09-29,0.0,0.0,0.0,0.23316740187227095,0.007261484462317611,0.027627471929090174,0.08556844755405982,0.0,0.0,0.0,0.05794097562496965,0.0,0.027627471929090174,0.07439379414684548,0.0,0.0,0.16671897404040406,0.0,0.027627471929090174,0.0,0.0,0.14255671765015393,0.027627471929090174,0.0,0.0,0.1218823169326178,0.0,0.0,0.0,0.0,0.0,0.0,0.0,0.0,0.0
2017-10-06,0.0,0.0,0.0,0.23004304656665842,0.004149158806643089,0.031866187858928016,0.08556844755405982,0.0,0.0,0.0,0.05794097562496965,0.0,0.027627471929090174,0.07776169240208712,0.0,0.0,0.16798076413644492,0.0,0.027627471929090174,0.0,0.0,0.13750251482841797,0.027627471929090174,0.0,0.0,0.12430479643452044,0.0,0.0,0.0,0.0,0.0,0.0,0.0,0.0,0.0
2017-10-13,0.0,0.0,0.0,0.23047018171635597,0.011165851832944333,0.03694500726934123,0.08556844755405982,0.0,0.0,0.0,0.05794097562496965,0.0,0.027627471929090174,0.073992861649118,0.0,0.0,0.15954983907927892,0.0,0.029318279387881736,0.0,0.0,0.13758404918707903,0.027627471929090174,0.0,0.0,0.12220956284079096,0.0,0.0,0.0,0.0,0.0,0.0,0.0,0.0,0.0
2017-10-20,0.0,0.0,0.0,0.22908226379973562,0.007895840080648359,0.027627471929090174,0.08556844755405982,0.0,0.0,0.0032964623815537946,0.05794097562496965,0.0,0.027627471929090174,0.07628061727914802,0.0,0.0,0.16852463972187187,0.0,0.027627471929090174,0.0,0.0,0.1380788406843344,0.027627471929090174,0.0,0.0,0.12282202515731777,0.0,0.0,0.0,0.0,0.0,0.0,0.0,0.0,0.0
2017-10-27,0.09086670070901637,0.0,0.0,0.15819778599410803,0.0054347800254330786,0.11983050418015176,0.08010036944916338,0.0,0.0,0.0031023794359194344,0.05083006946439655,0.0,0.02927029998476683,0.011148111651588787,0.0,0.0,0.11594282550714988,0.0,0.02927029998476683,0.0,0.0,0.11343553176315879,0.02927029998476683,0.0,0.0,0.16330004186561348,0.0,0.0,0.0,0.0,0.0,0.0,0.0,0.0,0.0
2017-11-03,0.09086670070901626,0.0,0.0,0.1578252892403619,0.0035774658209563586,0.11983050418015176,0.08010036944916338,0.0,0.0,0.014927874875257069,0.05083006946439655,0.0,0.02927029998476683,0.009470216765340206,0.0,0.0,0.11278476515402952,0.0,0.02927029998476683,0.0,0.0,0.11440769620286317,0.02927029998476683,0.0,0.0,0.15756814818416326,0.0,0.0,0.0,0.0,0.0,0.0,0.0,0.0,0.0
2017-11-10,0.09086670070901637,0.0,0.0,0.14803554721389725,0.0020249119504176885,0.11983050418015176,0.08010036944916338,0.0,0.0,0.018092294148040526,0.05083006946439655,0.0,0.02927029998476683,0.013558475357232187,0.0,0.0,0.12068147980471228,0.0,0.02927029998476683,0.0,0.0,0.10482359279796899,0.02927029998476683,0.0,0.0,0.16334515497070257,0.0,0.0,0.0,0.0,0.0,0.0,0.0,0.0,0.0
2017-11-17,0.09086670070901637,0.0,0.0,0.15934355241563866,0.007943534864084247,0.11983050418015176,0.08010036944916338,0.0,0.0,0.007897700628062611,0.05083006946439655,0.0,0.02927029998476683,0.012019013266825954,0.0,0.0,0.10633687144745421,0.0,0.02927029998476683,0.0,0.0,0.11520234116316416,0.030714472814336757,0.0,0.0,0.1603742696281717,0.0,0.0,0.0,0.0,0.0,0.0,0.0,0.0,0.0
2017-11-24,0.0892194421567688,0.0,0.0,0.19972378722906325,0.007022772241114889,0.031792365991004226,0.07815911936281174,0.0,0.0,0.012092559889908715,0.08511947661934324,0.0,0.031792365991004226,0.014357828160076464,0.0,0.0,0.11717788856403036,0.0,0.031792365991004226,0.0,0.0,0.10389930553527113,0.031792365991004226,0.0,0.0,0.16605835627759452,0.0,0.0,0.0,0.0,0.0,0.0,0.0,0.0,0.0
2017-12-01,0.0892194421567688,0.0,0.0,0.2014080441316104,0.02036193181191342,0.031792365991004226,0.07815911936281174,0.0,0.0,0.007228199070562971,0.08511947661934324,0.0,0.031792365991004226,0.01623884283722568,0.0,0.0,0.1131325867365842,0.0,0.031792365991004226,0.0,0.0,0.10328728278463278,0.031792365991004226,0.0,0.0,0.1586756105245299,0.0,0.0,0.0,0.0,0.0,0.0,0.0,0.0,0.0
2017-12-08,0.08921944215676869,0.0,0.0,0.20153816623229104,0.01974362143066397,0.031792365991004226,0.07815911936281174,0.0,0.0,0.005981374713810534,0.08511947661934324,0.0,0.031792365991004226,0.015921424603848447,0.0,0.0,0.11844943409443032,0.0,0.031792365991004226,0.0,0.0,0.10281469040620445,0.031792365991004226,0.0,0.0,0.1558837864158106,0.0,0.0,0.0,0.0,0.0,0.0,0.0,0.0,0.0
2017-12-15,0.08921944215676869,0.0,0.0,0.1965647235165756,0.020472602387891833,0.031792365991004226,0.07815911936281174,0.0,0.0,0.0,0.08511947661934324,0.0,0.04188517965813427,0.019085534523984937,0.0,0.0,0.11890933678895427,0.0,0.031792365991004226,0.0,0.0,0.09978704607534589,0.031792365991004226,0.0,0.0,0.1554204409371768,0.0,0.0,0.0,0.0,0.0,0.0,0.0,0.0,0.0
2017-12-22,0.08921944215676869,0.0,0.0,0.19646620079288207,0.022152923375180378,0.031792365991004226,0.07815911936281174,0.0,0.0,0.002520240836633948,0.08511947661934324,0.0,0.03909983359686313,0.01976049700805226,0.0,0.0,0.11658849632067034,0.0,0.031792365991004226,0.0,0.0,0.09960466849820776,0.031792365991004226,0.0,0.0,0.15593200345957367,0.0,0.0,0.0,0.0,0.0,0.0,0.0,0.0,0.0
2017-12-29,0.08947861288791481,0.0,0.0,0.19753442840900085,0.01910364569535147,0.07256874795610216,0.07692422746328559,0.0,0.0,0.0034354719381957254,0.043108268855730006,0.0,0.042218469776839046,0.018417399307096276,0.0,0.0,0.11739336891174862,0.0,0.033815958607555575,0.0,0.0,0.09674808535715537,0.033815958607555575,0.0,0.0,0.15543735622646884,0.0,0.0,0.0,0.0,0.0,0.0,0.0,0.0,0.0
2018-01-05,0.08947861288791492,0.0,0.0,0.18592327749352502,0.027960417043314142,0.07256874795610216,0.07692422746328559,0.0,0.0,0.0015722831455980443,0.043108268855730006,0.0,0.033815958607555575,0.026351293247779496,0.0,0.0,0.1337940788795531,0.0,0.033815958607555575,0.0,0.0,0.08810891991126743,0.033815958607555575,0.0,0.0,0.1527619972932634,0.0,0.0,0.0,0.0,0.0,0.0,0.0,0.0,0.0
2018-01-12,0.08947861288791481,0.0,0.0,0.1901725456800118,0.026549303104335936,0.07256874795610216,0.07692422746328559,0.0,0.0,0.0015062200641634044,0.043108268855730006,0.0,0.033815958607555575,0.027660666618600196,0.0,0.0,0.13034593688668195,0.0,0.033815958607555575,0.0,0.0,0.09053879469205744,0.033815958607555575,0.0,0.0,0.14969879996844992,0.0,0.0,0.0,0.0,0.0,0.0,0.0,0.0,0.0
2018-01-19,0.08947861288791492,0.0,0.0,0.18592327749352502,0.027700140793635263,0.07256874795610216,0.07692422746328559,0.0,0.0,0.0062387755369597035,0.043108268855730006,0.0,0.033815958607555575,0.028776934344144415,0.0,0.0,0.13388392171111352,0.0,0.033815958607555575,0.0,0.0,0.08410717677423621,0.033815958607555575,0.0,0.0,0.1498420403606865,0.0,0.0,0.0,0.0,0.0,0.0,0.0,0.0,0.0
2018-01-26,0.08826862873779173,0.0,0.0,0.12190699459349755,0.06559129374214798,0.045291640320605904,0.08643024152754478,0.0,0.0,0.003322754228825229,0.08175995504242162,0.0,0.045291640320605904,0.026452030164046455,0.0,0.0,0.1392800941883883,0.0,0.08175995504242162,0.0,0.0,0.09102482483104452,0.0,0.0,0.0,0.12361994726065839,0.0,0.0,0.0,0.0,0.0,0.0,0.0,0.0,0.0
2018-02-02,0.08826862873779173,0.0,0.0,0.12238497496920545,0.06536961348040522,0.045291640320605904,0.08643024152754478,0.0,0.0,0.0,0.08175995504242162,0.0,0.04967083890862224,0.02404504904299485,0.0,0.0,0.13296138056565293,0.0,0.08175995504242162,0.0,0.0,0.09141593056925792,0.0,0.0,0.0,0.13064179179307575,0.0,0.0,0.0,0.0,0.0,0.0,0.0,0.0,0.0
2018-02-09,0.08826862873779173,0.0,0.0,0.11772379621860257,0.06325329293082939,0.045291640320605904,0.08643024152754478,0.0,0.0,0.0,0.08175995504242162,0.0,0.045291640320605904,0.027416114067082782,0.0,0.0,0.13136106956113947,0.0,0.08175995504242162,0.0,0.0,0.08972832495787719,0.0,0.0,0.0,0.14171534127307706,0.0,0.0,0.0,0.0,0.0,0.0,0.0,0.0,0.0
2018-02-16,0.08826862873779184,0.0,0.0,0.11783603887934704,0.06972580411811397,0.045291640320605904,0.08643024152754478,0.0,0.0,0.005219028899567804,0.08175995504242162,0.0,0.045291640320605904,0.018598927500577175,0.0,0.0,0.13473230518478804,0.0,0.08175995504242162,0.0,0.0,0.09012972549872017,0.0,0.0,0.0,0.1349561089274942,0.0,0.0,0.0,0.0,0.0,0.0,0.0,0.0,0.0
2018-02-23,0.6605407552452864,0.0,0.0,0.0553108280379934,0.009580211799191983,0.018837836874680762,0.036999511750884846,0.0,0.0,0.0,0.02631139192845418,0.0,0.036999511750884846,0.010016603643977893,0.0,0.0,0.05327129877625574,0.0,0.008149717052250097,0.0,0.0,0.028333157868550767,0.0,0.0,0.0,0.055649175271589,0.0,0.0,0.0,0.0,0.0,0.0,0.0,0.0,0.0
2018-03-02,0.6605407552452864,0.0,0.0,0.05532001224074945,0.007700036748789112,0.018837836874680762,0.036999511750884846,0.0,0.0,0.0,0.02631139192845418,0.0,0.036999511750884846,0.010676810186721635,0.0,0.0,0.05345946455811037,0.0,0.008149717052250097,0.0,0.0,0.028342474913731385,0.0,0.0,0.0,0.05666247674945684,0.0,0.0,0.0,0.0,0.0,0.0,0.0,0.0,0.0
2018-03-09,0.6605407552452864,0.0,0.0,0.05603323208874899,0.007505291339990396,0.018837836874680762,0.036999511750884846,0.0,0.0,0.0,0.02631139192845418,0.0,0.03961970319379111,0.008890218043164658,0.0,0.0,0.052178003764128414,0.0,0.008149717052250097,0.0,0.0,0.02976967130461975,0.0,0.0,0.0,0.05516466741400032,0.0,0.0,0.0,0.0,0.0,0.0,0.0,0.0,0.0
2018-03-16,0.6605407552452864,0.0,0.0,0.05599172779008181,0.007323708958050061,0.018837836874680762,0.036999511750884846,0.0,0.0,0.0,0.02631139192845418,0.0,0.04303827079805394,0.009993334097080414,0.0,0.0,0.05031643519788473,0.0,0.008149717052250097,0.0,0.0,0.02884129530885237,0.0,0.0,0.0,0.05365601499844032,0.0,0.0,0.0,0.0,0.0,0.0,0.0,0.0,0.0
2018-03-23,0.6605407552452864,0.0,0.0,0.0559823560070846,0.007158958697305765,0.018837836874680762,0.036999511750884846,0.0,0.0,0.0007777637535469188,0.02631139192845418,0.0,0.0424078409491908,0.008872723820707326,0.0,0.0,0.05139597103971661,0.0,0.008149717052250097,0.0,0.0,0.028829221743229053,0.0,0.0,0.0,0.053735951137662566,0.0,0.0,0.0,0.0,0.0,0.0,0.0,0.0,0.0
2018-03-30,0.6629974592990195,0.0,0.0,0.026673925467216128,0.004274136687546624,0.03665509603542444,0.019132388368162383,0.0,0.0,0.0022731107880024793,0.027612815581491937,0.0,0.06261870877625231,0.008407164841025466,0.0,0.0,0.058987437183536516,0.0,0.0,0.0,0.0,0.02916167635913488,0.0,0.0,0.0,0.06120608061318731,0.0,0.0,0.0,0.0,0.0,0.0,0.0,0.0,0.0
2018-04-06,0.6629974592990195,0.0,0.0,0.025904998277250808,0.005014478600500648,0.03665509603542444,0.019132388368162383,0.0,0.0,0.002324553654726071,0.027612815581491937,0.0,0.06013665553600628,0.009989992012134867,0.0,0.0,0.06050061774570415,0.0,0.0,0.0,0.0,0.028402531279793634,0.0,0.0,0.0,0.061328413609785255,0.0,0.0,0.0,0.0,0.0,0.0,0.0,0.0,0.0
2018-04-13,0.6629974592990195,0.0,0.0,0.025904998277250808,0.004045381682459436,0.03665509603542444,0.019132388368162383,0.0,0.0,0.005064541900293266,0.027612815581491937,0.0,0.05858812455932574,0.010902336925809357,0.0,0.0,0.061125419530905035,0.0,0.0,0.0,0.0,0.028488546723804548,0.0,0.0,0.0,0.05948289111605353,0.0,0.0,0.0,0.0,0.0,0.0,0.0,0.0,0.0
2018-04-20,0.6629974592990195,0.0,0.0,0.025904998277250808,0.003973323868194276,0.03665509603542444,0.019132388368162383,0.0,0.0,0.004965339198402065,0.027612815581491937,0.0,0.057619742941838144,0.010718255214838277,0.0,0.0,0.06255475706503803,0.0,0.0,0.0,0.0,0.02847505176108215,0.0,0.0,0.0,0.05939077238925797,0.0,0.0,0.0,0.0,0.0,0.0,0.0,0.0,0.0
2018-04-27,0.6648123190957979,0.008724735262895857,0.0,0.043653461812161586,0.0026833819089672763,0.05453326748978969,0.04713131565054726,0.0,0.0,0.00166260182145306,0.028485489099223958,0.0,0.07367345133915888,0.005687721316889024,0.0,0.0,0.020713044784783075,0.0,0.0,0.0,0.0,0.0005787046687630192,0.0,0.0,0.0,0.04766050574956948,0.0,0.0,0.0,0.0,0.0,0.0,0.0,0.0,0.0
2018-05-04,0.6648123190957979,0.008724735262895857,0.0,0.04484623490772889,0.006717300567880081,0.04713131565054726,0.04713131565054726,0.0,0.0,0.0023083938716199626,0.028485489099223958,0.0,0.07250192107880962,0.005891579408232413,0.0,0.0,0.021863445407274744,0.0,0.0,0.0,0.0,0.001807570521333783,0.0,0.0,0.0,0.04777837947810834,0.0,0.0,0.0,0.0,0.0,0.0,0.0,0.0,0.0
2018-05-11,0.6648123190957979,0.008724735262895857,0.0,0.043653461812161586,0.0050034938856412595,0.05310715425526512,0.04713131565054726,0.0,0.0,0.002556093272625987,0.028485489099223958,0.0,0.07218564567475699,0.00480024618595964,0.0,0.0,0.020059916665662945,0.0,0.0,0.0,0.0,0.0005384490271653497,0.0,0.0,0.0,0.04894168011229621,0.0,0.0,0.0,0.0,0.0,0.0,0.0,0.0,0.0
2018-05-18,0.6648123190957977,0.008724735262895857,0.0,0.04422268381145433,0.0048140883694808975,0.04713131565054726,0.04713131565054726,0.0,0.0,0.006550652530044244,0.028485489099223958,0.0,0.07373345695381883,0.005519584882264512,0.0,0.0,0.02065521508989554,0.0,0.0,0.0,0.0,0.0011485627860969739,0.0,0.0,0.0,0.047070580817932514,0.0,0.0,0.0,0.0,0.0,0.0,0.0,0.0,0.0
2018-05-25,0.6253180670356235,0.0,0.0,0.03833118125045876,0.005080660470979701,0.039335260364377275,0.020346710087659675,0.0,0.0,0.0058183526830732826,0.020346710087659675,0.0,0.11103685691015701,0.004999993652456415,0.0,0.0,0.06440557689588905,0.0,0.018988550276717604,0.0,0.0,0.002039212325243003,0.0,0.0,0.0,0.04395286795970506,0.0,0.0,0.0,0.0,0.0,0.0,0.0,0.0,0.0
2018-06-01,0.6253180670356235,0.0,0.0,0.03874000459479371,0.004968985542915048,0.039335260364377275,0.020346710087659675,0.0,0.0,0.005611276900462026,0.020346710087659675,0.0,0.10965299063291498,0.004778030815849706,0.0,0.0,0.06506182301943499,0.0,0.018988550276717604,0.0,0.0,0.0029520532959725235,0.0,0.0,0.0,0.04389953734561932,0.0,0.0,0.0,0.0,0.0,0.0,0.0,0.0,0.0
2018-06-08,0.6253180670356235,0.0,0.0,0.03957254016824682,0.005357323378322604,0.039335260364377275,0.020346710087659675,0.0,0.0,0.004977676972874684,0.020346710087659675,0.0,0.10953595336042449,0.004615680251999385,0.0,0.0,0.0646258700619845,0.0,0.018988550276717604,0.0,0.0,0.0031318110175416933,0.0,0.0,0.0,0.04384784693656811,0.0,0.0,0.0,0.0,0.0,0.0,0.0,0.0,0.0
2018-06-15,0.6253180670356235,0.0,0.0,0.03916198560448432,0.0046045216977708475,0.039335260364377275,0.020346710087659675,0.0,0.0,0.005241896189485239,0.020346710087659675,0.0,0.10941175949281454,0.004875262751046242,0.0,0.0,0.06480086095873473,0.0,0.018988550276717604,0.0,0.0,0.0032860380344132936,0.0,0.0,0.0,0.044282377419213065,0.0,0.0,0.0,0.0,0.0,0.0,0.0,0.0,0.0
2018-06-22,0.6253180670356235,0.0,0.0,0.03812589032490278,0.004785522752617014,0.039335260364377275,0.020346710087659675,0.0,0.0,0.006045622435465476,0.020346710087659675,0.0,0.10998420213078029,0.005091892456277608,0.0,0.0,0.06544854749173878,0.0,0.018988550276717604,0.0,0.0,0.0022965155148362906,0.0,0.0,0.0,0.04388650904134402,0.0,0.0,0.0,0.0,0.0,0.0,0.0,0.0,0.0
2018-06-29,0.2512643219464401,0.0,0.0,0.002343207242686461,0.04904425370414216,0.08557713377469331,0.09783232209264475,0.0,0.0,0.05575988165666565,0.04197467629803716,0.0,0.20075423012958454,0.011283149363068014,0.0,0.0,0.10493488403907009,0.0,0.0,0.0,0.0,0.0035488121973822175,0.0558576457946076,0.0,0.0,0.03982548176097799,0.0,0.0,0.0,0.0,0.0,0.0,0.0,0.0,0.0
2018-07-06,0.25126432194644,0.0,0.0,0.0,0.052144933752874795,0.08557713377469331,0.09783232209264475,0.0,0.0,0.055136082898370006,0.04197467629803716,0.0,0.1977568986482604,0.015632475406911685,0.0,0.0,0.10568239618645103,0.0,0.0,0.0,0.0,0.001315631439731202,0.0558576457946076,0.0,0.0,0.03982548176097799,0.0,0.0,0.0,0.0,0.0,0.0,0.0,0.0,0.0
2018-07-13,0.2512643219464401,0.0,0.0,0.0013423589254533833,0.05125958259984491,0.08557713377469331,0.09783232209264475,0.0,0.0,0.057874796840389556,0.04197467629803716,0.0,0.1951079590651521,0.013467103368907263,0.0,0.0,0.10590260732376873,0.0,0.0,0.0,0.0,0.0027140102090831785,0.0558576457946076,0.0,0.0,0.03982548176097799,0.0,0.0,0.0,0.0,0.0,0.0,0.0,0.0,0.0
2018-07-20,0.25126432194644,0.0,0.0,0.0,0.05007919267715685,0.08557713377469331,0.09783232209264475,0.0,0.0,0.060580476738245674,0.04197467629803716,0.0,0.1925755865256149,0.0147220083870737,0.0,0.0,0.10845465505912968,0.0,0.0,0.0,0.0,0.0,0.05711414473998593,0.0,0.0,0.03982548176097799,0.0,0.0,0.0,0.0,0.0,0.0,0.0,0.0,0.0
2018-07-27,0.25230987165390206,0.0,0.0,0.04387786312360464,0.004734366583049534,0.08371281988217492,0.1377348237785403,0.0,0.0,0.05498629541426678,0.04309541703874139,0.0,0.19356746491401616,0.0138113580584576,0.0,0.0,0.10881973526480515,0.0,0.0,0.0,0.0,0.0,0.06334998428844145,0.0,0.0,0.0,0.0,0.0,0.0,0.0,0.0,0.0,0.0,0.0,0.0
2018-08-03,0.25230987165390206,0.0,0.0,0.04387786312360464,0.0,0.08371281988217492,0.1377348237785403,0.0,0.0,0.053884709916904604,0.04309541703874139,0.0,0.19341286987977863,0.011686210171473888,0.0,0.0,0.10697321603847892,0.0,0.011013736581857671,0.0,0.0,0.0,0.06229846193454296,0.0,0.0,0.0,0.0,0.0,0.0,0.0,0.0,0.0,0.0,0.0,0.0
2018-08-10,0.25230987165390206,0.0,0.0,0.04387786312360464,0.0,0.08371281988217492,0.1377348237785403,0.0,0.0,0.05840381085078376,0.04309541703874139,0.0,0.18888231022075935,0.013318512030549937,0.0,0.0,0.10974531006954871,0.0,0.004645333491709699,0.0,0.0,0.0,0.06427392785968519,0.0,0.0,0.0,0.0,0.0,0.0,0.0,0.0,0.0,0.0,0.0,0.0
2018-08-17,0.25230987165390206,0.0,0.0,0.04387786312360464,0.0,0.08371281988217492,0.1377348237785403,0.0,0.0,0.058562545691946466,0.04309541703874139,0.0,0.1832359799667843,0.01836701261652609,0.0,0.0,0.11177915423845784,0.0,0.004973987361329204,0.0,0.0,0.0,0.06235052464799276,0.0,0.0,0.0,0.0,0.0,0.0,0.0,0.0,0.0,0.0,0.0,0.0
2018-08-24,0.25230987165390206,0.0,0.0,0.04387786312360464,0.0,0.08371281988217492,0.14264765074660887,0.0,0.0,0.05985028924116377,0.04309541703874139,0.0,0.18161268690214494,0.01862124551221232,0.0,0.0,0.11187505990310073,0.0,0.0,0.0,0.0,0.0,0.06239709599634633,0.0,0.0,0.0,0.0,0.0,0.0,0.0,0.0,0.0,0.0,0.0,0.0
2018-08-31,0.08027578934248347,0.0,0.0,0.050340526243903734,0.0,0.0,0.14095532653631504,0.0,0.0,0.08439516093531871,0.04804792918126878,0.0,0.19415273968669322,0.027618752004149465,0.0,0.0,0.1285009804765803,0.0,0.10095428403308108,0.0,0.0,0.0,0.11451761691607085,0.0,0.0,0.0,0.0,0.015120447322067685,0.0,0.0,0.0,0.0,0.0,0.0,0.015120447322067685
2018-09-07,0.08027578934248347,0.0,0.0,0.050340526243903734,0.0,0.0,0.14095532653631504,0.0,0.0,0.0819455530856174,0.04804792918126878,0.0,0.19129585278021877,0.027927701963360627,0.0,0.0,0.125816404712356,0.0,0.10095428403308108,0.0,0.0,0.0,0.12219973747725978,0.0,0.0,0.0,0.0,0.015120447322067685,0.0,0.0,0.0,0.0,0.0,0.0,0.015120447322067685
2018-09-14,0.08027578934248347,0.0,0.0,0.050340526243903734,0.0,0.0,0.14756644381350245,0.0,0.0,0.08191381803458715,0.04804792918126878,0.0,0.19783714150680226,0.023476331684268673,0.0,0.0,0.12450077938554564,0.0,0.10095428403308108,0.0,0.0,0.0,0.1148460621304214,0.0,0.0,0.0,0.0,0.015120447322067685,0.0,0.0,0.0,0.0,0.0,0.0,0.015120447322067685
2018-09-21,0.08027578934248347,0.0,0.0,0.050340526243903734,0.0,0.0,0.14095532653631504,0.0,0.0,0.08275844863203403,0.04804792918126878,0.0,0.19311896348775667,0.024954881586660402,0.0,0.0,0.1308375724912379,0.0,0.10095428403308108,0.0,0.0,0.0,0.11751538382112355,0.0,0.0,0.0,0.0,0.015120447322067685,0.0,0.0,0.0,0.0,0.0,0.0,0.015120447322067685
2018-09-28,0.24556724386945894,0.0,0.0,0.0,0.0,0.0,0.12977323717094072,0.0,0.0,0.06113482050588982,0.04030700583468953,0.0,0.17631514413907418,0.02065153131000536,0.0,0.0,0.12112105082204713,0.0,0.0,0.0,0.0,0.0,0.19021244293583633,0.007458761706028976,0.0,0.0,0.0,0.007458761706028976,0.0,0.0,0.0,0.0,0.0,0.0,0.0
2018-10-05,0.24556724386945894,0.0,0.0,0.0,0.0,0.0,0.12977323717094072,0.0,0.0,0.05891509592672026,0.04030700583468953,0.0,0.17639396816010236,0.02237583724588822,0.0,0.0,0.124443777989351,0.0,0.0,0.0,0.0,0.0,0.187306310390791,0.007458761706028976,0.0,0.0,0.0,0.007458761706028976,0.0,0.0,0.0,0.0,0.0,0.0,0.0
2018-10-12,0.24556724386945894,0.0,0.0,0.0,0.0,0.0,0.12977323717094072,0.0,0.0,0.05809962374434799,0.04030700583468953,0.0,0.1771879488024337,0.026296467600314167,0.0,0.0,0.12095911156228548,0.0,0.0,0.0,0.0,0.0,0.18689183800347148,0.007458761706028976,0.0,0.0,0.0,0.007458761706028976,0.0,0.0,0.0,0.0,0.0,0.0,0.0
2018-10-19,0.24556724386945905,0.0,0.0,0.0,0.0,0.0,0.13559143525467104,0.0,0.0,0.05790881351702877,0.04030700583468953,0.0,0.1768422151309155,0.021386423649197354,0.0,0.0,0.11882097232452019,0.0,0.0,0.0,0.0,0.0,0.18865836700746064,0.007458761706028976,0.0,0.0,0.0,0.007458761706028976,0.0,0.0,0.0,0.0,0.0,0.0,0.0
2018-10-26,0.6627223695951427,0.0,0.0,0.0,0.0,0.0,0.05688605576735764,0.0,0.0,0.017601772653931723,0.0201783412168748,0.0,0.0815305615305426,0.010052048799605879,0.0,0.0,0.06035252127926152,0.0,0.0,0.0,0.0,0.0,0.08620107213366567,0.0,0.0,0.0,0.0,0.002237628511808693,0.0,0.0,0.0,0.0,0.0,0.0,0.002237628511808693
2018-11-02,0.6716728836423775,0.0,0.0,0.0,0.0,0.0,0.06175247416138893,0.0,0.0,0.013698344881571255,0.0201783412168748,0.0,0.08354527767596619,0.008364938653405382,0.0,0.0,0.05826929468997476,0.0,0.0,0.0,0.0,0.0,0.08251844507844114,0.0,0.0,0.0,0.0,0.0,0.0,0.0,0.0,0.0,0.0,0.0,0.0
2018-11-09,0.6716728836423775,0.0,0.0,0.0,0.0,0.0,0.06266667050975253,0.0,0.0,0.012274114517196292,0.0201783412168748,0.0,0.08500471152794535,0.009451299618691724,0.0,0.0,0.05982312913710312,0.0,0.0,0.0,0.0,0.0,0.07892884983005861,0.0,0.0,0.0,0.0,0.0,0.0,0.0,0.0,0.0,0.0,0.0,0.0
2018-11-16,0.6627223695951427,0.0,0.0,0.0,0.0,0.0,0.06787049466510552,0.0,0.0,0.011232946835296577,0.0201783412168748,0.0,0.08686449442451528,0.008572226552611696,0.0,0.0,0.05691739134496865,0.0,0.0,0.0,0.0,0.0,0.08116647834186731,0.0,0.0,0.0,0.0,0.002237628511808693,0.0,0.0,0.0,0.0,0.0,0.0,0.002237628511808693
2018-11-23,0.6716728836423775,0.0,0.0,0.0,0.0,0.0,0.06689938302099677,0.0,0.0,0.008443395907038458,0.0201783412168748,0.0,0.0882872777355769,0.008379222593288172,0.0,0.0,0.055733744286040665,0.0,0.0,0.0,0.0,0.0,0.08040575159780666,0.0,0.0,0.0,0.0,0.0,0.0,0.0,0.0,0.0,0.0,0.0,0.0
2018-11-30,0.6802666674027043,0.0,0.0,0.0,0.0,0.0,0.06582965209202864,0.0,0.0,0.0,0.030123244587713573,0.0,0.05403843356419408,0.0010141409959548305,0.0,0.0,0.016594514370155446,0.0,0.030123244587713573,0.0,0.0,0.0,0.12201010239953555,0.0,0.0,0.0,0.0,0.0,0.0,0.0,0.0,0.0,0.0,0.0,0.0
2018-12-07,0.6748963589743635,0.0,0.0,0.0,0.0,0.0,0.0659769411272265,0.0,0.0,0.0,0.030123244587713573,0.0,0.04671775895786902,0.002581432075472357,0.0,0.0,0.021301294379231367,0.0,0.030123244587713573,0.0,0.0,0.0,0.12290941688206929,0.0013425771070852159,0.0,0.0,0.0,0.0013425771070852159,0.0,0.0,0.0,0.0,0.0013425771070852159,0.0013425771070852159,0.0
2018-12-14,0.6802666674027043,0.0,0.0,0.0,0.0,0.0,0.060024102976677304,0.0,0.0,0.0,0.032135569125824576,0.0,0.04671775895786902,0.003399951688028121,0.0,0.0,0.021693669193468518,0.0,0.030123244587713573,0.0,0.0,0.0,0.1256390360677146,0.0,0.0,0.0,0.0,0.0,0.0,0.0,0.0,0.0,0.0,0.0,0.0
2018-12-21,0.6802666674027044,0.0,0.0,0.0,0.0,0.002531756358057914,0.055023320431122444,0.0,0.0,0.0,0.0378745288669719,0.0,0.04671775895786902,0.00045459930789907763,0.0,0.0,0.020395337645576272,0.0,0.030123244587713573,0.0,0.0,0.0,0.12661278644208548,0.0,0.0,0.0,0.0,0.0,0.0,0.0,0.0,0.0,0.0,0.0,0.0
2018-12-28,0.7192992941106146,0.0,0.0,0.0,0.0,0.01374438964606129,0.04221333716377764,0.0,0.0,0.0,0.04345156116058059,0.0,0.03357643856974195,0.0,0.0,0.0,0.0015871578819872036,0.0,0.10458417137259626,0.0,0.0,0.0,0.0415436500946405,0.0,0.0,0.0,0.0,0.0,0.0,0.0,0.0,0.0,0.0,0.0,0.0
2019-01-04,0.7192992941106146,0.0,0.0,0.0,0.0,0.011892874299997842,0.04165080902188561,0.0,0.0,0.0,0.03357643856974195,0.0,0.03357643856974195,0.004602406428216271,0.0,0.0,0.006873304895221821,0.0,0.10235190485633801,0.0,0.0,0.0,0.04617652924824198,0.0,0.0,0.0,0.0,0.0,0.0,0.0,0.0,0.0,0.0,0.0,0.0
2019-01-11,0.7192992941106146,0.0,0.0,0.0,0.0,0.016705072326757973,0.04016008627777537,0.0,0.0,0.0,0.039741814723223606,0.0,0.03357643856974195,0.0,0.0,0.0,0.0,0.0,0.10837521850241201,0.0,0.0,0.0,0.04214207548947453,0.0,0.0,0.0,0.0,0.0,0.0,0.0,0.0,0.0,0.0,0.0,0.0
2019-01-18,0.7192992941106146,0.0,0.0,0.0,0.0,0.014319882008345906,0.039920195348307395,0.0,0.0,0.0,0.04389990651835139,0.0,0.03357643856974195,0.0,0.0,0.0,0.0,0.0,0.10744278183272726,0.0,0.0,0.0,0.04154150161191153,0.0,0.0,0.0,0.0,0.0,0.0,0.0,0.0,0.0,0.0,0.0,0.0
2019-01-25,0.6637245374318371,0.0010598986870180823,0.0,0.0,0.0,0.027382014536829143,0.07685507448145676,0.0,0.0,0.0,0.06288337157000938,0.0,0.0,0.0,0.0,0.0,0.0,0.0,0.09303746208647704,0.0,0.0,0.0,0.07505764120637251,0.0,0.0,0.0,0.0,0.0,0.0,0.0,0.0,0.0,0.0,0.0,0.0
2019-02-01,0.6637245374318371,0.0006230151608319864,0.0,0.0,0.0,0.029590889976448605,0.07664926331084465,0.0,0.0,0.0,0.060007110863142074,0.0,0.0,0.0,0.0,0.0,0.0,0.0,0.09436449898913266,0.0,0.0,0.0,0.07504068426776293,0.0,0.0,0.0,0.0,0.0,0.0,0.0,0.0,0.0,0.0,0.0,0.0
2019-02-08,0.663724537431837,0.0,0.0,0.0,0.0,0.030564400053615277,0.07676906649136774,0.0,0.0,0.0,0.05892402066672074,0.0,0.0,0.0,0.0,0.0,0.0,0.0,0.09559024418241685,0.0,0.0,0.0,0.0744277311740423,0.0,0.0,0.0,0.0,0.0,0.0,0.0,0.0,0.0,0.0,0.0,0.0
2019-02-15,0.663724537431837,0.0,0.0,0.0,0.0,0.030171689772217316,0.07829175920007547,0.0,0.0,0.0,0.05635763251932689,0.0,0.0,0.0,0.0,0.0,0.0,0.0,0.09397198298064535,0.0,0.0,0.0,0.07748239809589788,0.0,0.0,0.0,0.0,0.0,0.0,0.0,0.0,0.0,0.0,0.0,0.0
2019-02-22,0.26849497809334855,0.0,0.0,0.0,0.0,0.0914533544339762,0.16979389106936602,0.0,0.0,0.0,0.11557991876607236,0.0,0.0,0.0,0.0,0.0,0.03284005185420689,0.0,0.1678500580549351,0.0,0.0,0.0,0.11940771594310554,0.0,0.0,0.03284005185420689,0.0,0.0,0.0,0.0,0.0,0.0005799933102608134,0.0005799933102608134,0.0005799933102608134,0.0
2019-03-01,0.26849497809334855,0.0,0.0,0.0,0.0,0.09577231997053107,0.1668317693210394,0.0,0.0,0.0,0.11585771377887644,0.0,0.0,0.0,0.0,0.0,0.03284005185420689,0.0,0.16634245917051652,0.0,0.0,0.0,0.11928067602649178,0.0,0.0,0.03284005185420689,0.0,0.0,0.0,0.0,0.0,0.0005799933102608134,0.0005799933102608134,0.0005799933102608134,0.0
2019-03-08,0.26849497809334855,0.0,0.0,0.0,0.0,0.09498990535354318,0.16542974906960603,0.0,0.0,0.0,0.12245579465230776,0.0,0.0,0.0,0.0,0.0,0.03284005185420689,0.0,0.16300158274763998,0.0,0.0,0.0,0.1182079064443583,0.0,0.0,0.03284005185420689,0.0,0.0,0.0,0.0,0.0,0.0005799933102608134,0.0005799933102608134,0.0005799933102608134,0.0
2019-03-15,0.26849497809334855,0.0,0.0,0.0,0.0,0.09047334809105018,0.16329133824132377,0.0,0.0,0.0,0.12614272728815565,0.0,0.0,0.0,0.0,0.0,0.03284005185420689,0.0,0.16693795111684687,0.0,0.0,0.0,0.11723957353007872,0.0,0.0,0.03284005185420689,0.0,0.0,0.0,0.0,0.0,0.0005799933102608134,0.0005799933102608134,0.0005799933102608134,0.0
2019-03-22,0.26849497809334855,0.0,0.0,0.0,0.0,0.09616772754325306,0.16408803468189662,0.0,0.0,0.0,0.11696682628163664,0.0,0.0,0.0,0.0,0.0,0.03334971661782362,0.0,0.16689223689326085,0.0,0.0,0.0,0.11946044810379128,0.0,0.0,0.03284005185420689,0.0,0.0,0.0,0.0,0.0,0.0005799933102608134,0.0005799933102608134,0.0005799933102608134,0.0
2019-03-29,0.27220721219827104,0.0,0.0,0.025545889480138768,0.0,0.13938108140765174,0.05877751189226915,0.0,0.0,0.0056035991207512275,0.10257927098144168,0.0,0.0,0.007060993043302238,0.0,0.0,0.05810648436572888,0.0,0.12812516046158046,0.0,0.0,0.0,0.17462091607983873,0.0,0.0,0.026947893010556567,0.0,0.0,0.0,0.0,0.0,0.00034799598615648794,0.00034799598615648794,0.00034799598615648794,0.0
2019-04-05,0.27220721219827104,0.0,0.0,0.025545889480138768,0.0,0.12812516046158046,0.0643531735080258,0.0,0.0,0.00520027641156808,0.10844390064819254,0.0,0.0,0.0065315772155748715,0.0,0.0,0.05836321172854683,0.0,0.12812516046158046,0.0,0.0,0.0,0.17378988877635157,0.0,0.0,0.028270561151700076,0.0,0.0,0.0,0.0,0.0,0.00034799598615648794,0.00034799598615648794,0.00034799598615648794,0.0
2019-04-12,0.27220721219827104,0.0,0.0,0.025545889480138768,0.0,0.12812516046158046,0.06412493690873682,0.0,0.0,0.0,0.13437109563161398,0.0,0.0,0.0028260367968101865,0.0,0.0,0.050546674554554985,0.0,0.13239693045408293,0.0,0.0,0.0,0.16326618607560256,0.0,0.0,0.025545889480138768,0.0,0.0,0.0,0.0,0.0,0.00034799598615648794,0.00034799598615648794,0.00034799598615648794,0.0
2019-04-19,0.27220721219827104,0.0,0.0,0.025545889480138768,0.0,0.12812516046158046,0.05684055080114697,0.0,0.0,0.0,0.125619923026614,0.0,0.0,0.0073782894942223,0.0,0.0,0.05598010935298245,0.0,0.12812516046158046,0.0,0.0,0.0,0.16636458953336056,0.0,0.0,0.032769127231633485,0.0,0.0,0.0,0.0,0.0,0.00034799598615648794,0.00034799598615648794,0.00034799598615648794,0.0
2019-04-26,0.125918062669918,0.0,0.0,0.02532944156652647,0.0,0.026502569876746162,0.1307216013905899,0.0,0.0,0.0,0.12864070904143562,0.0,0.0,0.004966733414409082,0.0,0.0,0.049808377931890205,0.0,0.1585267161455356,0.0,0.0,0.0,0.1972106768132262,0.0,0.0,0.02532944156652647,0.0,0.0,0.0,0.0,0.0,0.04234855652773211,0.04234855652773211,0.04234855652773211,0.0
2019-05-03,0.125918062669918,0.0,0.0,0.02532944156652647,0.0,0.02532944156652647,0.1289170805960543,0.0,0.0,0.0,0.12331592464127442,0.0,0.0,0.005364037053698446,0.0,0.0,0.0521287096176836,0.0,0.16132655950561703,0.0,0.0,0.0,0.19914170194927097,0.0,0.0,0.026183371250234004,0.0,0.0,0.0,0.0,0.0,0.04234855652773211,0.04234855652773211,0.04234855652773211,0.0
2019-05-10,0.125918062669918,0.0,0.0,0.02532944156652647,0.0,0.02532944156652647,0.12622721992790154,0.0,0.0,0.0,0.1168113830561513,0.0,0.0,0.008289593605737004,0.0,0.0,0.05461061597131028,0.0,0.15718892061514006,0.0,0.0,0.0,0.2022430935725849,0.0,0.0,0.031006557865007653,0.0,0.0,0.0,0.0,0.0,0.04234855652773211,0.04234855652773211,0.04234855652773211,0.0
2019-05-17,0.125918062669918,0.0,0.0,0.02532944156652647,0.0,0.02532944156652647,0.1286586674963197,0.0,0.0,0.0,0.122205092390473,0.0,0.0,0.008499351576750091,0.0,0.0,0.05396255725829509,0.0,0.14608411157550372,0.0,0.0,0.0,0.2024252601955606,0.0,0.0,0.034542344120930546,0.0,0.0,0.0,0.0,0.0,0.04234855652773211,0.04234855652773211,0.04234855652773211,0.0
2019-05-24,0.125918062669918,0.0,0.0,0.02532944156652647,0.0,0.02532944156652647,0.131210780985272,0.0,0.0,0.0,0.1189146872079446,0.0,0.0,0.010529536473382665,0.0,0.0,0.05361326887308342,0.0,0.1494051974459128,0.0,0.0,0.0,0.1966434124917495,0.0,0.0,0.036060501136487844,0.0,0.0,0.0,0.0,0.0,0.04234855652773211,0.04234855652773211,0.04234855652773211,0.0
2019-05-31,0.2569663608067021,0.0,0.0,0.028862932198869453,0.0,0.028862932198869453,0.1255525315493712,0.0,0.0,0.0,0.1357148016596234,0.0,0.0,0.008480899144657876,0.0,0.0,0.05645660514440012,0.0,0.12165286661100161,0.0,0.0,0.0,0.16792456524046762,0.0,0.0,0.026154137288957897,0.0,0.0,0.0,0.0,0.0,0.021685684078539658,0.021685684078539658,0.0,0.0
2019-06-07,0.34370909712086073,0.0,0.0,0.028862932198869453,0.0,0.028862932198869453,0.12272660109615066,0.0,0.0,0.0,0.13779173170623904,0.0,0.0,0.007659835776801444,0.0,0.0,0.05511763510607227,0.0,0.12347322486433959,0.0,0.0,0.0,0.14636968447170548,0.0,0.0,0.0054263254600919065,0.0,0.0,0.0,0.0,0.0,0.0,0.0,0.0,0.0
2019-06-14,0.2569663608067021,0.0,0.0,0.028862932198869453,0.0,0.028862932198869453,0.12703080214774704,0.0,0.0,0.0,0.13532737726071822,0.0,0.0,0.0072063868316845575,0.0,0.0,0.05460982957544859,0.0,0.12776891508125404,0.0,0.0,0.0,0.16830741166308763,0.0,0.0,0.021685684078539658,0.0,0.0,0.0,0.0,0.0,0.021685684078539658,0.021685684078539658,0.0,0.0
2019-06-21,0.2569663608067021,0.0,0.0,0.028862932198869453,0.0,0.028862932198869453,0.12417082502115677,0.0,0.0,0.0,0.133730527974942,0.0,0.0,0.005018941216352462,0.0,0.0,0.053452816310134335,0.0,0.13033664808888717,0.0,0.0,0.0,0.17354096394846732,0.0,0.0,0.021685684078539658,0.0,0.0,0.0,0.0,0.0,0.021685684078539658,0.021685684078539658,0.0,0.0
2019-06-28,0.12762745720854562,0.0,0.0,0.06387795536199475,0.0,0.025663236654287453,0.13529078341474315,0.0,0.0,0.0,0.1473928699037876,0.0,0.0,0.004948950218650461,0.0,0.0,0.029881523924827055,0.0,0.16311319218670314,0.0,0.0,0.0,0.2001113570567587,0.0,0.0,0.025663236654287453,0.0,0.0,0.0,0.0,0.0,0.038214718707707304,0.038214718707707304,0.0,0.0
2019-07-05,0.12762745720854562,0.0,0.0,0.06387795536199475,0.0,0.03256552119640729,0.1347138285196198,0.0,0.0,0.0,0.15176884157942544,0.0,0.0,0.0,0.0,0.0,0.025663236654287453,0.0,0.163413352806457,0.0,0.0,0.0,0.19827713260356056,0.0,0.0,0.025663236654287453,0.0,0.0,0.0,0.0,0.0,0.038214718707707304,0.038214718707707304,0.0,0.0
2019-07-12,0.12762745720854562,0.0,0.0,0.06387795536199475,0.0,0.03282219954478409,0.13418564932799346,0.0,0.0,0.0,0.14720767168148258,0.0,0.0,0.001709121237800909,0.0,0.0,0.028924976523163014,0.0,0.16146923779027797,0.0,0.0,0.0,0.20008305725425551,0.0,0.0,0.025663236654287453,0.0,0.0,0.0,0.0,0.0,0.038214718707707304,0.038214718707707304,0.0,0.0
2019-07-19,0.12762745720854574,0.0,0.0,0.06387795536199475,0.0,0.03301082900792806,0.12891213434824073,0.0,0.0,0.0,0.1482667406994069,0.0,0.0,0.0013079649403538783,0.0,0.0,0.03022000605787121,0.0,0.16346317360658044,0.0,0.0,0.0,0.20122106469937628,0.0,0.0,0.025663236654287453,0.0,0.0,0.0,0.0,0.0,0.038214718707707304,0.038214718707707304,0.0,0.0
2019-07-26,0.11512467208954025,0.0,0.0,0.05334311330965084,0.0,0.17616450089375668,0.03005504076269654,0.0,0.0,0.0,0.13010636214742338,0.0,0.0,0.005343339426543297,0.0,0.0,0.03362281342180533,0.0,0.17838345520050036,0.0,0.0,0.0,0.2012255168914781,0.0,0.0,0.03005504076269654,0.0,0.0,0.0,0.0,0.0,0.023288072546954298,0.023288072546954298,0.0,0.0
2019-08-02,0.11512467208954025,0.0,0.0,0.05334311330965084,0.0,0.17879062681804397,0.03005504076269654,0.0,0.0,0.0,0.1314139133769361,0.0,0.0,0.0028658639273286186,0.0,0.0,0.03434203535225401,0.0,0.17944560369657497,0.0,0.0,0.0,0.19798794481036952,0.0,0.0,0.03005504076269654,0.0,0.0,0.0,0.0,0.0,0.023288072546954298,0.023288072546954298,0.0,0.0
2019-08-09,0.11512467208954025,0.0,0.0,0.05334311330965084,0.0,0.17615736364151038,0.03005504076269654,0.0,0.0,0.0,0.12745772582497156,0.0,0.0,0.006216315703326563,0.0,0.0,0.035637924874442915,0.0,0.18033969739249128,0.0,0.0,0.0,0.1990369605447645,0.0,0.0,0.03005504076269654,0.0,0.0,0.0,0.0,0.0,0.023288072546954298,0.023288072546954298,0.0,0.0
2019-08-16,0.11512467208954025,0.0,0.0,0.05334311330965084,0.0,0.18089657729505684,0.03005504076269654,0.0,0.0,0.0,0.1261499835409941,0.0,0.0,0.009994427222953023,0.0,0.0,0.03778933109148042,0.0,0.17135452103636073,0.0,0.0,0.0,0.19866114779466204,0.0,0.0,0.03005504076269654,0.0,0.0,0.0,0.0,0.0,0.023288072546954298,0.023288072546954298,0.0,0.0
2019-08-23,0.11512467208954025,0.0,0.0,0.05334311330965084,0.0,0.18046011792077743,0.03005504076269654,0.0,0.0,0.0,0.12907079278599215,0.0,0.0,0.009595485040153421,0.0,0.0,0.03645187695480592,0.0,0.17576108531970525,0.0,0.0,0.0,0.18920591608070392,0.0,0.0,0.03435575464206563,0.0,0.0,0.0,0.0,0.0,0.023288072546954298,0.023288072546954298,0.0,0.0
2019-08-30,0.25463096365708215,0.0,0.0,0.0,0.0,0.1665228178509513,0.06845112327445416,0.0,0.0,0.0,0.131953471163039,0.0,0.0,0.015929117989194882,0.0,0.0,0.05096803415847684,0.0,0.13369110855569025,0.0,0.0,0.0,0.13576551809430606,0.0,0.0,0.014029281752268453,0.0,0.0,0.0,0.0,0.0,0.014029281752268453,0.014029281752268453,0.0,0.0
2019-09-06,0.25463096365708215,0.0,0.0,0.0,0.0,0.16500253526959904,0.07344306112370953,0.0,0.0,0.0,0.1374332364486156,0.0,0.0,0.0047061996280353315,0.0,0.0,0.042571506476400386,0.0,0.13699509363009968,0.0,0.0,0.0,0.1431295585096529,0.0,0.0,0.014029281752268453,0.0,0.0,0.0,0.0,0.0,0.014029281752268453,0.014029281752268453,0.0,0.0
2019-09-13,0.25463096365708227,0.0,0.0,0.0,0.0,0.16822148156062203,0.07156345858536722,0.0,0.0,0.0,0.1305558682858806,0.0,0.0,0.006987029148894092,0.0,0.0,0.04346668469805532,0.0,0.13480927130801262,0.0,0.0,0.0,0.14767739749928055,0.0,0.0,0.014029281752268453,0.0,0.0,0.0,0.0,0.0,0.014029281752268453,0.014029281752268453,0.0,0.0
2019-09-20,0.25463096365708215,0.0,0.0,0.0,0.0,0.16544463379167995,0.07145652315840412,0.0,0.0,0.0,0.13506720203248376,0.0,0.0,0.005035284561510212,0.0,0.0,0.04334186335844543,0.0,0.13607943180668972,0.0,0.0,0.0,0.14685625237689928,0.0,0.0,0.014029281752268453,0.0,0.0,0.0,0.0,0.0,0.014029281752268453,0.014029281752268453,0.0,0.0
2019-09-27,0.12173910002044541,0.0,0.0,0.03836452590702053,0.0,0.19181524473955783,0.08988480814761331,0.0,0.0,0.0,0.1659971781533619,0.0,0.0,0.0045941735248730695,0.0,0.0,0.03334881373589948,0.0,0.18854403349051355,0.0,0.0,0.0,0.11895037366049573,0.0,0.0,0.02996730319382181,0.0,0.0,0.0,0.0,0.0,0.008397222713198722,0.008397222713198722,0.0,0.0
2019-10-04,0.1217391000204453,0.0,0.0,0.03836452590702053,0.0,0.19311103386355516,0.08980942168144705,0.0,0.0,0.0,0.16337644625764053,0.0,0.0,0.004703758636563446,0.0,0.0,0.03456715520504666,0.0,0.18860499126472982,0.0,0.0,0.0,0.11896181854333222,0.0,0.0,0.02996730319382181,0.0,0.0,0.0,0.0,0.0,0.008397222713198722,0.008397222713198722,0.0,0.0
2019-10-11,0.1217391000204453,0.0,0.0,0.03836452590702053,0.0,0.19123852818028067,0.09036185801451829,0.0,0.0,0.0,0.1590187090880245,0.0,0.0,0.006029293178440137,0.0,0.0,0.03489815127012628,0.0,0.18862845839586803,0.0,0.0,0.0,0.12295962732505698,0.0,0.0,0.02996730319382181,0.0,0.0,0.0,0.0,0.0,0.008397222713198722,0.008397222713198722,0.0,0.0
2019-10-18,0.1217391000204453,0.0,0.0,0.03836452590702053,0.0,0.198959136849735,0.08320664287852789,0.0,0.0,0.0,0.14656578167537232,0.0,0.0,0.009832033985821095,0.0,0.0,0.040273164951224155,0.0,0.1887734134509688,0.0,0.0,0.0,0.12552445166066561,0.0,0.0,0.02996730319382181,0.0,0.0,0.0,0.0,0.0,0.008397222713198722,0.008397222713198722,0.0,0.0
2019-10-25,0.10353024536564948,0.0,0.0,0.02585121851539107,0.0,0.20896111470211948,0.02585121851539107,0.0,0.0,0.0,0.15647135234064552,0.0,0.0,0.006589299636562304,0.0,0.0,0.03163261176016397,0.0,0.2059132510934745,0.0,0.0,0.0,0.20934846955521152,0.0,0.0,0.02585121851539107,0.0,0.0,0.0,0.0,0.0,0.0,0.0,0.0,0.0
2019-11-01,0.10353024536564948,0.0,0.0,0.02585121851539107,0.0,0.20837753643043638,0.02585121851539107,0.0,0.0,0.0,0.15717143517407703,0.0,0.0,0.0019250468647236578,0.0,0.0,0.030571319369935544,0.0,0.2063182422186388,0.0,0.0,0.0,0.21455251903036587,0.0,0.0,0.02585121851539107,0.0,0.0,0.0,0.0,0.0,0.0,0.0,0.0,0.0
2019-11-08,0.10353024536564948,0.0,0.0,0.02585121851539107,0.002768658122959926,0.20561079738750643,0.029230950999652373,0.0,0.0,0.0,0.15743041366495103,0.0,0.0,0.005834291177861263,0.0,0.0,0.030527355263448526,0.0,0.20478273776563033,0.0,0.0,0.0,0.20858211322155848,0.0,0.0,0.02585121851539107,0.0,0.0,0.0,0.0,0.0,0.0,0.0,0.0,0.0
2019-11-15,0.10353024536564948,0.0,0.0,0.029777069249839232,0.00847539849096487,0.2047234975986329,0.02585121851539107,0.0,0.0,0.0,0.1494796932745912,0.0,0.0,0.008937992683565389,0.0,0.0,0.030614380122700274,0.0,0.20284450125204873,0.0,0.0,0.0013224794506380064,0.20859230548058777,0.0,0.0,0.02585121851539107,0.0,0.0,0.0,0.0,0.0,0.0,0.0,0.0,0.0
2019-11-22,0.10353024536564948,0.0,0.0,0.030182414590529665,0.007785215109319629,0.2034553139220454,0.02585121851539107,0.0,0.0,0.0,0.1438968585432547,0.0,0.0,0.013836779357307578,0.0,0.0,0.03387064816164989,0.0,0.19877256605140048,0.0,0.0,0.0014555428961040857,0.2115119789719569,0.0,0.0,0.02585121851539107,0.0,0.0,0.0,0.0,0.0,0.0,0.0,0.0,0.0
2019-11-29,0.0,0.0,0.0,0.03829522581601864,0.009727753016416107,0.21933903418874648,0.034688204266476765,0.0,0.0,0.0,0.1509082992619023,0.0,0.0,0.023511029586098176,0.0,0.0,0.051738643800765684,0.0,0.20847855208450972,0.0,0.0,0.0,0.22862505371258937,0.0,0.0,0.034688204266476765,0.0,0.0,0.0,0.0,0.0,0.0,0.0,0.0,0.0
2019-12-06,0.0,0.0,0.0,0.03994397209157336,0.014456477711188909,0.22261808780372494,0.034688204266476765,0.0,0.0,0.0,0.1509082992619023,0.0,0.0,0.020291890901119627,0.0,0.0,0.0470327582935825,0.0,0.20847855208450972,0.0,0.0,0.0,0.22689355331944508,0.0,0.0,0.034688204266476765,0.0,0.0,0.0,0.0,0.0,0.0,0.0,0.0,0.0
2019-12-13,0.0,0.0,0.0,0.04662100141928549,0.01884002639129737,0.20847855208450972,0.034688204266476765,0.0,0.0,0.005437958423208086,0.1509082992619023,0.0,0.0,0.01906432366167176,0.0,0.0,0.051252890820926086,0.0,0.20847855208450972,0.0,0.0,0.008866035204451053,0.20847855208450972,0.0,0.0,0.03888560429725192,0.0,0.0,0.0,0.0,0.0,0.0,0.0,0.0,0.0
2019-12-20,0.0,0.0,0.0,0.03981526370047595,0.01894478434723568,0.20847855208450972,0.034688204266476765,0.0,0.0,0.0,0.1509082992619023,0.0,0.0,0.02132274902637122,0.0,0.0,0.0546135704647919,0.0,0.20932855799400577,0.0,0.0,0.008520061507556794,0.21869175308019714,0.0,0.0,0.034688204266476765,0.0,0.0,0.0,0.0,0.0,0.0,0.0,0.0,0.0
2019-12-27,0.0,0.0,0.0,0.15544071242459254,0.016724042048876585,0.18401825677319716,0.08679568470167387,0.0,0.0,0.00689730602765699,0.15198325920297978,0.0,0.032034997570217376,0.021066986037639502,0.0,0.0,0.07115342954843791,0.0,0.12925756964174068,0.0,0.0,0.004992500744247737,0.10760025770852247,0.0,0.0,0.032034997570217376,0.0,0.0,0.0,0.0,0.0,0.0,0.0,0.0,0.0
2020-01-03,1.1102230246251565e-16,0.0,0.0,0.1521671646579843,0.008648663696162096,0.18401825677319716,0.08679568470167387,0.0,0.0,0.010602152785569103,0.15198325920297978,0.0,0.032034997570217376,0.02216579893288787,0.0,0.0,0.07389449597950196,0.0,0.12925756964174068,0.0,0.0,0.0016945777176578386,0.11470238077021058,0.0,0.0,0.032034997570217376,0.0,0.0,0.0,0.0,0.0,0.0,0.0,0.0,0.0
2020-01-10,1.1102230246251565e-16,0.0,0.0,0.15499727573586125,0.014295622385543405,0.18401825677319716,0.08679568470167387,0.0,0.0,0.007490808614321368,0.15198325920297978,0.0,0.032034997570217376,0.01805242943652209,0.0,0.0,0.0717374775428741,0.0,0.12925756964174068,0.0,0.0,0.0046452264214480905,0.11265639440340341,0.0,0.0,0.032034997570217376,0.0,0.0,0.0,0.0,0.0,0.0,0.0,0.0,0.0
2020-01-17,0.0,0.0,0.0,0.15813909813575452,0.01632282709786802,0.18401825677319716,0.08679568470167387,0.0,0.0,0.004278580735247001,0.15198325920297978,0.0,0.032034997570217376,0.018307646228672425,0.0,0.0,0.07040979177971804,0.0,0.13162834824190053,0.0,0.0,0.0077528778727546325,0.10629363408979922,0.0,0.0,0.032034997570217376,0.0,0.0,0.0,0.0,0.0,0.0,0.0,0.0,0.0
2020-01-24,0.0,0.0,0.0,0.15369409932562708,0.01229700154691212,0.18401825677319716,0.08679568470167387,0.0,0.0,0.009127208210510768,0.15198325920297978,0.0,0.032034997570217376,0.020160053291080886,0.0,0.0,0.07018460863772819,0.0,0.12925756964174068,0.0,0.0,0.00818356664031914,0.10911072589135701,0.0,0.0,0.033152968566655915,0.0,0.0,0.0,0.0,0.0,0.0,0.0,0.0,0.0
2020-01-31,0.10075603717525916,0.0,0.0,0.17202160738638492,0.07556702788144426,0.04226879889759015,0.09311186708553554,0.0,0.0,0.0011708820151063804,0.1352646630865538,0.0,0.0,0.02422862246077078,0.0,0.0,0.07467753251695651,0.0,0.12758741211399266,0.0,0.0,0.008213298062321973,0.11171801943765794,0.0,0.0,0.033414231880426,0.0,0.0,0.0,0.0,0.0,0.0,0.0,0.0,0.0
2020-02-07,0.10075603717525905,0.0,0.0,0.1686788949669798,0.07556702788144426,0.049942029568000125,0.09311186708553554,0.0,0.0,0.0,0.1352646630865538,0.0,0.0,0.025646718444829828,0.0,0.0,0.07464142487622616,0.0,0.12758741211399266,0.0,0.0,0.0,0.11171801943765794,0.0,0.0,0.037085905363520834,0.0,0.0,0.0,0.0,0.0,0.0,0.0,0.0,0.0
2020-02-14,0.10075603717525916,0.0,0.0,0.1686788949669798,0.07556702788144426,0.04304510590226804,0.09311186708553554,0.0,0.0,0.0,0.1352646630865538,0.0,0.0,0.022271136497956853,0.0,0.0,0.07370346787819158,0.0,0.12758741211399266,0.0,0.0,0.0031990438120850866,0.11171801943765794,0.0,0.0,0.045097324162075375,0.0,0.0,0.0,0.0,0.0,0.0,0.0,0.0,0.0
2020-02-21,0.10075603717525916,0.0,0.0,0.1686788949669798,0.07556702788144426,0.03496399929633304,0.09311186708553554,0.0,0.0,0.0025287982815111252,0.1352646630865538,0.0,0.0,0.024461803251399926,0.0,0.0,0.07051526947331499,0.0,0.12758741211399266,0.0,0.0,0.005103086219867021,0.11171801943765794,0.0,0.0,0.04974312173015084,0.0,0.0,0.0,0.0,0.0,0.0,0.0,0.0,0.0
2020-02-28,0.4193435343947234,0.0,0.0,0.0995162389057721,0.0,0.12888347264764888,0.0699892246603286,0.0,0.0,0.0,0.043693230747092644,0.0,0.0,0.01473519670740065,0.0,0.0,0.055062924519121564,0.0,0.04292592278219372,0.0,0.0,0.030606990950785742,0.027895514844964404,0.0,0.0,0.06734774883996837,0.0,0.0,0.0,0.0,0.0,0.0,0.0,0.0,0.0
2020-03-06,0.4193435343947234,0.0,0.0,0.0995162389057721,0.0,0.13156143704114664,0.0699892246603286,0.0,0.0,0.0,0.04647292238115582,0.0,0.0,0.016221363606368902,0.0,0.0,0.054254799123413064,0.0,0.048446096278450396,0.0,0.0,0.02952701424544351,0.028844361204518155,0.0,0.0,0.055823008158679466,0.0,0.0,0.0,0.0,0.0,0.0,0.0,0.0,0.0
2020-03-13,0.4193435343947234,0.0,0.0,0.0995162389057721,0.0,0.12823063085066388,0.0699892246603286,0.0,0.0,0.001666743662593301,0.043693230747092644,0.0,0.0,0.01973326983176858,0.0,0.0,0.05816870246674996,0.0,0.04415909816012485,0.0,0.0,0.02952701424544351,0.030149303916059758,0.0,0.0,0.055823008158679466,0.0,0.0,0.0,0.0,0.0,0.0,0.0,0.0,0.0
2020-03-20,0.41934353439472327,0.0,0.0,0.0995162389057721,0.0,0.12829072804166272,0.0699892246603286,0.0,0.0,0.0007114591344377139,0.043693230747092644,0.0,0.0,0.016166880357253516,0.0,0.0,0.05355491317969949,0.0,0.04917435288324766,0.0,0.0,0.02952701424544351,0.034209415291659245,0.0,0.0,0.055823008158679466,0.0,0.0,0.0,0.0,0.0,0.0,0.0,0.0,0.0
2020-03-27,0.712603060318417,0.0,0.0,0.015158104273633054,0.0,0.057671176207709327,0.019095098107235586,0.0,0.0,0.000356787049731355,0.03425320238086864,0.0,0.0,0.00816669034754306,0.0,0.0,0.019183314002664594,0.0,0.09606683392375343,0.0,0.0,0.015158104273633054,0.02228762911481093,0.0,0.0,0.0,0.0,0.0,0.0,0.0,0.0,0.0,0.0,0.0,0.0
2020-04-03,0.712603060318417,0.0,0.0,0.015158104273633054,0.0,0.058256294599988254,0.02056674060685654,0.0,0.0,0.0,0.039172605406511574,0.0,0.0,0.0046844415614082655,0.0,0.0,0.015718828047544608,0.0,0.0995867228047721,0.0,0.0,0.015158104273633054,0.019095098107235586,0.0,0.0,0.0,0.0,0.0,0.0,0.0,0.0,0.0,0.0,0.0,0.0
2020-04-10,0.712603060318417,0.0,0.0,0.015158104273633054,0.0,0.05893600253592904,0.019095098107235586,0.0,0.0,0.0,0.03929052175213923,0.0,0.0,0.003856021426602396,0.0,0.0,0.015718828047544608,0.0,0.10086059033582867,0.0,0.0,0.015158104273633054,0.019323668929037394,0.0,0.0,0.0,0.0,0.0,0.0,0.0,0.0,0.0,0.0,0.0,0.0
2020-04-17,0.712603060318417,0.0,0.0,0.015158104273633054,0.0,0.05914518021379249,0.019624047688721877,0.0,0.0,0.0,0.038215146045353095,0.0,0.0,0.0024282760104576274,0.0,0.0,0.015718828047544608,0.0,0.10285415502121165,0.0,0.0,0.015158104273633054,0.019095098107235586,0.0,0.0,0.0,0.0,0.0,0.0,0.0,0.0,0.0,0.0,0.0,0.0
2020-04-24,0.7294468469273604,0.006549704636189914,0.0,0.0,0.0,0.0953692792953463,0.03255113144022624,0.0,0.0,0.0,0.03498978695533219,0.0,0.0,0.002034296791105346,0.0,0.0,0.0,0.0,0.09905895395443966,0.0,0.0,0.0,0.0,0.0,0.0,0.0,0.0,0.0,0.0,0.0,0.0,0.0,0.0,0.0,0.0
2020-05-01,0.7294468469273603,0.0,0.0,0.0,0.0005286392014379862,0.09794118515609582,0.03322580484394474,0.0,0.0,0.0,0.035586979370661034,0.0,0.0,0.00240489996487126,0.0,0.0,0.0,0.0,0.10086564453562882,0.0,0.0,0.0,0.0,0.0,0.0,0.0,0.0,0.0,0.0,0.0,0.0,0.0,0.0,0.0,0.0
2020-05-08,0.7294468469273603,0.0,0.0,0.0,0.0,0.09839187031849622,0.03272036139759751,0.0,0.0,0.0,0.03564055293059524,0.0,0.0,0.0023819214852565927,0.0,0.0,0.0,0.0,0.1014184469406941,0.0,0.0,0.0,0.0,0.0,0.0,0.0,0.0,0.0,0.0,0.0,0.0,0.0,0.0,0.0,0.0
2020-05-15,0.7294468469273603,0.0,0.0,0.0,0.0,0.09869747991162224,0.03259171975159029,0.0,0.0,0.0,0.03732713978993092,0.0,0.0,0.0020888915837457525,0.0,0.0,0.0,0.0,0.09984792203575046,0.0,0.0,0.0,0.0,0.0,0.0,0.0,0.0,0.0,0.0,0.0,0.0,0.0,0.0,0.0,0.0
2020-05-22,0.7294468469273603,0.0,0.0,0.0,0.0,0.09820174175601837,0.03210684662816837,0.0,0.0,0.0,0.03622253699957395,0.0,0.0,0.004759430437501345,0.0,0.0,0.0,0.0,0.09926259725137762,0.0,0.0,0.0,0.0,0.0,0.0,0.0,0.0,0.0,0.0,0.0,0.0,0.0,0.0,0.0,0.0
2020-05-29,0.6443911929671654,0.0,0.0,0.0,0.0,0.11630295927047757,0.04795197462977771,0.0,0.0,0.0,0.06669879494410974,0.0,0.0,0.00556524136431672,0.0,0.0,0.0007586503007977611,0.0,0.1183311865233551,0.0,0.0,0.0,0.0,0.0,0.0,0.0,0.0,0.0,0.0,0.0,0.0,0.0,0.0,0.0,0.0
2020-06-05,0.6443911929671654,0.0,0.0,0.0,0.0,0.11661739348110813,0.04795197462977771,0.0,0.0,0.0,0.06551301882509036,0.0,0.0,0.006315315049945946,0.0,0.0,0.00079010852295899,0.0,0.11842099652395345,0.0,0.0,0.0,0.0,0.0,0.0,0.0,0.0,0.0,0.0,0.0,0.0,0.0,0.0,0.0,0.0
2020-06-12,0.6443911929671654,0.0,0.0,0.0,0.0,0.11564263761584691,0.04795197462977771,0.0,0.0,0.0,0.0646660669896534,0.0,0.0,0.007788746933262793,0.0,0.0,0.0008181787016753859,0.0,0.1187412021626184,0.0,0.0,0.0,0.0,0.0,0.0,0.0,0.0,0.0,0.0,0.0,0.0,0.0,0.0,0.0,0.0
2020-06-19,0.6443911929671654,0.0,0.0,0.0,0.0,0.11645434625355651,0.04795197462977771,0.0,0.0,0.0,0.06642605712520613,0.0,0.0,0.006211850824181453,0.0,0.0,0.0003861454676113762,0.0,0.1181784327325014,0.0,0.0,0.0,0.0,0.0,0.0,0.0,0.0,0.0,0.0,0.0,0.0,0.0,0.0,0.0,0.0
2020-06-26,0.6446347157802992,0.0,0.0,0.0,0.0,0.09280041137786793,0.03633777318427116,0.0,0.0,0.0,0.06596880585872772,0.0,0.0,0.04069726190684409,0.0,0.0,0.02483174854947483,0.0,0.09472928334251501,0.0,0.0,0.0,0.0,0.0,0.0,0.0,0.0,0.0,0.0,0.0,0.0,0.0,0.0,0.0,0.0
2020-07-03,0.6446347157802992,0.0,0.0,0.0,0.0,0.09375345635770796,0.03633777318427116,0.0,0.0,0.0,0.06538376275751764,0.0,0.0,0.04134867175789045,0.0,0.0,0.025049277941619572,0.0,0.09349234222069397,0.0,0.0,0.0,0.0,0.0,0.0,0.0,0.0,0.0,0.0,0.0,0.0,0.0,0.0,0.0,0.0
2020-07-10,0.6446347157802993,0.0,0.0,0.0,0.0021314385167576456,0.0909320850106709,0.03633777318427116,0.0,0.0,0.0015610336211282563,0.06490898943003606,0.0,0.0,0.04135938713684532,0.0,0.0,0.02718252567248957,0.0,0.0905264812166475,0.0,0.0,0.0004255704308543096,0.0,0.0,0.0,0.0,0.0,0.0,0.0,0.0,0.0,0.0,0.0,0.0,0.0
2020-07-17,0.6446347157802993,0.0,0.0,0.0,0.0009627430903034246,0.09295152090632519,0.03633777318427116,0.0,0.0,0.0,0.06601103648236134,0.0,0.0,0.04057736053731319,0.0,0.0,0.02369204536484918,0.0,0.09483280465427725,0.0,0.0,0.0,0.0,0.0,0.0,0.0,0.0,0.0,0.0,0.0,0.0,0.0,0.0,0.0,0.0
2020-07-24,0.6446347157802992,0.0,0.0,0.0,0.0009628435895441877,0.09203749648078183,0.03633777318427116,0.0,0.0,0.0,0.06648030910077457,0.0,0.0,0.04055893826384887,0.0,0.0,0.024074455416971827,0.0,0.0949134681835083,0.0,0.0,0.0,0.0,0.0,0.0,0.0,0.0,0.0,0.0,0.0,0.0,0.0,0.0,0.0,0.0
2020-07-31,0.13014106752723342,0.0,0.0,0.02435800630791525,0.12170259254820259,0.16821026847981085,0.04895836090350571,0.0,0.0,0.0,0.06238215119820749,0.0,0.0,0.13203385062849712,0.0,0.0,0.025061418844500333,0.0,0.17465518727377927,0.0,0.0,0.0,0.0,0.0,0.0,0.02435800630791525,0.0,0.0,0.0,0.0,0.044069544990216376,0.0,0.0,0.044069544990216376,0.0
2020-08-07,0.13014106752723342,0.0,0.0,0.02435800630791525,0.11903966276463857,0.16922725425907742,0.04895836090350571,0.0,0.0,0.0,0.061121825366995175,0.0,0.0,0.133035572133142,0.0,0.0,0.028119405440522074,0.0,0.16985333233642858,0.0,0.0,0.0,0.0,0.0,0.0,0.028006422980109136,0.0,0.0,0.0,0.0,0.044069544990216376,0.0,0.0,0.044069544990216376,0.0
2020-08-14,0.1301410675272332,0.0,0.0,0.02435800630791525,0.11903966276463857,0.16684433410618432,0.04895836090350571,0.0,0.0,0.0,0.06169300047445585,0.0,0.0,0.13256321513542088,0.0,0.0,0.026537055870426467,0.0,0.17119426108926722,0.0,0.0,0.0,0.0,0.0,0.0,0.030531945840519634,0.0,0.0,0.0,0.0,0.044069544990216376,0.0,0.0,0.044069544990216376,0.0
2020-08-21,0.1301410675272333,0.0,0.0,0.02435800630791525,0.11903966276463857,0.16917813681323657,0.04895836090350571,0.0,0.0,0.0,0.061279569746396215,0.0,0.0,0.13345703554164423,0.0,0.0,0.026684276888463643,0.0,0.169696493273151,0.0,0.0,0.0,0.0,0.0,0.0,0.029068300253382712,0.0,0.0,0.0,0.0,0.044069544990216376,0.0,0.0,0.044069544990216376,0.0
2020-08-28,0.06435386564118128,0.0,0.07239576217350631,0.017511360183479974,0.07239576217350631,0.1594517179122469,0.017511360183479974,0.0,0.0,0.0,0.021769580365953178,0.0,0.0,0.10376651663665196,0.0,0.0,0.03969248502939853,0.0,0.1574684435671606,0.0,0.0,0.0,0.0,0.0,0.0,0.20128738395992868,0.0,0.0,0.0,0.0,0.0,0.0,0.0,0.07239576217350631,0.0
2020-09-04,0.06435386564118128,0.0,0.07239576217350631,0.017511360183479974,0.07239576217350631,0.1584839991489653,0.017511360183479974,0.0,0.0,0.0,0.019434618554150723,0.0,0.0,0.10305267746655279,0.0,0.0,0.04280638079534685,0.0,0.1585377804003174,0.0,0.0,0.0,0.0,0.0,0.0,0.2011206711060068,0.0,0.0,0.0,0.0,0.0,0.0,0.0,0.07239576217350631,0.0
2020-09-11,0.06435386564118128,0.0,0.07239576217350631,0.017511360183479974,0.07239576217350631,0.1612510273112901,0.017511360183479974,0.0,0.0,0.0,0.020470953221886256,0.0,0.0,0.1016077322574566,0.0,0.0,0.042334609316242354,0.0,0.1575063506313995,0.0,0.0,0.0,0.0,0.0,0.0,0.20026545473306506,0.0,0.0,0.0,0.0,0.0,0.0,0.0,0.07239576217350631,0.0
2020-09-18,0.06435386564118128,0.0,0.07239576217350631,0.017511360183479974,0.07239576217350631,0.1588538438458113,0.017511360183479974,0.0,0.0,0.003127266511294135,0.01743767059342164,0.0,0.0,0.10428778111354976,0.0,0.0,0.044684526531618446,0.0,0.15446367473149686,0.0,0.0,0.0,0.0,0.0,0.0,0.20058136414414773,0.0,0.0,0.0,0.0,0.0,0.0,0.0,0.07239576217350631,0.0
2020-09-25,0.14358247674906954,0.0,0.04419668701121166,0.020405783154949442,0.0,0.16122725466685003,0.04246427464934337,0.0,0.0,0.0006604115285973732,0.025672808417569533,0.0,0.020405783154949442,0.13552777416251063,0.0,0.0,0.05925313621839627,0.0,0.15508227729602186,0.0,0.0,0.0,0.0,0.0,0.0,0.14732464597931913,0.0,0.0,0.0,0.0,0.0,0.0,0.0,0.04419668701121166,0.0
2020-10-02,0.14358247674906943,0.0,0.04419668701121166,0.020405783154949442,0.0,0.1634392813703721,0.04246427464934337,0.0,0.0,0.0023577622703642867,0.02205849149439392,0.0,0.020405783154949442,0.1382003925005689,0.0,0.0,0.06098522177445205,0.0,0.1463220173341858,0.0,0.0,0.002769348534153542,0.0,0.0,0.0,0.14861579299077426,0.0,0.0,0.0,0.0,0.0,0.0,0.0,0.04419668701121166,0.0
2020-10-09,0.14358247674906954,0.0,0.04419668701121166,0.020405783154949442,0.0,0.16169828151419208,0.04246427464934337,0.0,0.0,0.0028772184655083376,0.02205849149439392,0.0,0.020405783154949442,0.13977180193784347,0.0,0.0,0.06272309401192322,0.0,0.14821306854941813,0.0,0.0,0.001588454604302921,0.0,0.0,0.0,0.1458178976916828,0.0,0.0,0.0,0.0,0.0,0.0,0.0,0.04419668701121166,0.0
2020-10-16,0.14358247674906954,0.0,0.04419668701121166,0.020405783154949442,0.0,0.16178483894524104,0.04246427464934337,0.0,0.0,0.0,0.02205849149439392,0.0,0.020405783154949442,0.1399687521810334,0.0,0.0,0.0603776224389649,0.0,0.1608071702757747,0.0,0.0,0.0,0.0,0.0,0.0,0.13975143293385692,0.0,0.0,0.0,0.0,0.0,0.0,0.0,0.04419668701121166,0.0
2020-10-23,0.14358247674906954,0.0,0.04419668701121166,0.020405783154949442,0.0034437892926070485,0.161946578648451,0.04246427464934337,0.0,0.0,0.0,0.02205849149439392,0.0,0.020405783154949442,0.1362993899373408,0.0,0.0,0.058557483122304396,0.0,0.15817040269534677,0.0,0.0,0.0,0.0,0.0,0.0,0.14427217307882095,0.0,0.0,0.0,0.0,0.0,0.0,0.0,0.04419668701121166,0.0
2020-10-30,0.14649219433346194,0.0,0.026440935043407995,0.024240326165751645,0.11238497294017928,0.17421305114630561,0.04973615004023427,0.0,0.0,0.0,0.02921996908666846,0.0,0.024240326165751645,0.09565127596909213,0.0,0.0,0.06542550953924434,0.0,0.15059276715158343,0.0,0.0,0.0,0.024240326165751645,0.0,0.0,0.05068126120915964,0.0,0.0,0.0,0.0,0.0,0.0,0.0,0.026440935043407995,0.0
2020-11-06,0.14649219433346194,0.0,0.026440935043407995,0.024240326165751645,0.10847056054020184,0.17680729803554104,0.04973615004023427,0.0,0.0,0.0,0.02549582387448262,0.0,0.024240326165751645,0.0957195236568881,0.0,0.0,0.06686000408405267,0.0,0.14466504030618899,0.0,0.0,0.0,0.024240326165751645,0.0,0.0,0.06015055654487768,0.0,0.0,0.0,0.0,0.0,0.0,0.0,0.026440935043407995,0.0
2020-11-13,0.14649219433346206,0.0,0.026440935043407995,0.024240326165751645,0.10270321668643298,0.1769982783222622,0.04973615004023427,0.0,0.0,0.002096231721290189,0.02549582387448262,0.0,0.024240326165751645,0.09842301516529844,0.0,0.0,0.06877502071575925,0.0,0.14191357115695027,0.0,0.0,0.0,0.024240326165751645,0.0,0.0,0.061763649399756954,0.0,0.0,0.0,0.0,0.0,0.0,0.0,0.026440935043407995,0.0
2020-11-20,0.14649219433346206,0.0,0.026440935043407995,0.024240326165751645,0.10270321668643298,0.17655347552742273,0.04973615004023427,0.0,0.0,0.0021565472207870032,0.02549582387448262,0.0,0.024240326165751645,0.09806476384855357,0.0,0.0,0.06859449172094459,0.0,0.14150667027803338,0.0,0.0,0.0,0.024240326165751645,0.0,0.0,0.06309381788557603,0.0,0.0,0.0,0.0,0.0,0.0,0.0,0.026440935043407995,0.0
2020-11-27,0.1454931699355717,0.0,0.06992422796130177,0.018434985587050978,0.0020744006844793483,0.13043538385777795,0.0342726840204374,0.0,0.0,0.0019091144202971501,0.01583769843338642,0.0,0.018434985587050978,0.0807522934959893,0.0,0.0,0.0476390021460175,0.0,0.11549344063100982,0.0,0.0,0.0,0.018434985587050978,0.0,0.0,0.1610151717299753,0.0,0.0,0.0,0.0,0.0,0.06992422796130177,0.0,0.06992422796130177,0.0
2020-12-04,0.1454931699355717,0.0,0.06992422796130177,0.018434985587050978,0.0070180171237034655,0.12923261175059547,0.0342726840204374,0.0,0.0,0.0,0.019314444462297506,0.0,0.018434985587050978,0.07741250219084375,0.0,0.0,0.04631323369180244,0.0,0.11549344063100982,0.0,0.0,0.0,0.018434985587050978,0.0,0.0,0.16037225554868031,0.0,0.0,0.0,0.0,0.0,0.06992422796130177,0.0,0.06992422796130177,0.0
2020-12-11,0.1454931699355717,0.0,0.06992422796130177,0.018434985587050978,0.008490560484273863,0.12750726598149248,0.0342726840204374,0.0,0.0,0.003573340947953048,0.01583769843338642,0.0,0.018434985587050978,0.0765427451539587,0.0,0.0,0.04644117688796479,0.0,0.11549344063100982,0.0,0.0,0.001215690043836736,0.018434985587050978,0.0,0.0,0.1600545868350569,0.0,0.0,0.0,0.0,0.0,0.06992422796130177,0.0,0.06992422796130177,0.0
2020-12-18,0.1454931699355717,0.0,0.06992422796130177,0.021719884537901694,0.009292209585060732,0.11766575098387544,0.0342726840204374,0.0,0.0,0.008959090680979446,0.01583769843338642,0.0,0.018434985587050978,0.07534176300078178,0.0,0.0,0.04684193806279373,0.0,0.11549344063100982,0.0,0.0,0.004439281402308303,0.018434985587050978,0.0,0.0,0.15800043366788635,0.0,0.0,0.0,0.0,0.0,0.06992422796130177,0.0,0.06992422796130177,0.0
2020-12-25,0.14618863454407083,0.0,0.07155631582883575,0.02528993636434196,0.006065360620736194,0.1170552107217568,0.03641424883638449,0.0,0.0,0.00994446085535187,0.016522061825610952,0.0,0.01989218701077354,0.07559685457209055,0.0,0.0,0.046412423152951826,0.0,0.09716302371098326,0.0,0.0,0.006595535303446867,0.01989218701077354,0.0,0.0,0.16229892798422008,0.0,0.0,0.0,0.0,0.0,0.07155631582883575,0.07155631582883575,0.0,0.0
2021-01-01,0.14618863454407083,0.0,0.07155631582883575,0.02307677216041889,0.005860112082423829,0.1170552107217568,0.03641424883638449,0.0,0.0,0.013345695444033495,0.016522061825610952,0.0,0.01989218701077354,0.07570452842777617,0.0,0.0,0.046507095536857265,0.0,0.09716302371098326,0.0,0.0,0.005407583755551096,0.01989218701077354,0.0,0.0,0.16230171144607858,0.0,0.0,0.0,0.0,0.0,0.07155631582883575,0.07155631582883575,0.0,0.0
2021-01-08,0.14618863454407083,0.0,0.07155631582883575,0.02300445537891279,0.0057912034141595105,0.1170552107217568,0.03641424883638449,0.0,0.0,0.013052028271378295,0.016522061825610952,0.0,0.01989218701077354,0.07617751122993577,0.0,0.0,0.046532633989234476,0.0,0.09716302371098326,0.0,0.0,0.005258147056490512,0.01989218701077354,0.0,0.0,0.162387519513028,0.0,0.0,0.0,0.0,0.0,0.07155631582883575,0.07155631582883575,0.0,0.0
2021-01-15,0.14618863454407083,0.0,0.07155631582883575,0.02380017866338384,0.009534865354896942,0.1170552107217568,0.03641424883638449,0.0,0.0,0.012580187972708903,0.016522061825610952,0.0,0.01989218701077354,0.0742241015468229,0.0,0.0,0.045015665463885385,0.0,0.09716302371098326,0.0,0.0,0.0049302471449632155,0.01989218701077354,0.0,0.0,0.16211825270647817,0.0,0.0,0.0,0.0,0.0,0.07155631582883575,0.07155631582883575,0.0,0.0
2021-01-22,0.14618863454407083,0.0,0.07155631582883575,0.02366358120143512,0.01060353982171049,0.1170552107217568,0.03641424883638449,0.0,0.0,0.012172088543030977,0.016522061825610952,0.0,0.01989218701077354,0.07359692982956144,0.0,0.0,0.0437483444996163,0.0,0.09716302371098326,0.0,0.0,0.005703561815836963,0.01989218701077354,0.0,0.0,0.16271545314194805,0.0,0.0,0.0,0.0,0.0,0.07155631582883575,0.07155631582883575,0.0,0.0
2021-01-29,0.1320646108722221,0.0,0.0,0.030400698883179138,0.12415094566208404,0.07259980491773946,0.04652114538153941,0.0,0.0,0.01446468953370201,0.09110166890909964,0.0,0.02710836347817549,0.08398235362125014,0.0,0.0,0.05798399006906845,0.0,0.02070553878378807,0.0,0.0,0.008002914479663305,0.02581560659775134,0.0,0.0,0.17712833968280525,0.04398466456396601,0.0,0.0,0.0,0.0,0.04398466456396601,0.0,0.0,0.0
2021-02-05,0.1320646108722222,0.0,0.0,0.030381193073298226,0.1273528089417504,0.07259980491773946,0.04652114538153941,0.0,0.0,0.014067917138382235,0.09110166890909964,0.0,0.02581560659775134,0.0844898003797492,0.0,0.0,0.05775947869315679,0.0,0.02070553878378807,0.0,0.0,0.006815563327378206,0.02581560659775134,0.0,0.0,0.17653992725846146,0.04398466456396601,0.0,0.0,0.0,0.0,0.04398466456396601,0.0,0.0,0.0
2021-02-12,0.1320646108722221,0.0,0.0,0.031254680496364706,0.12521603839273412,0.07259980491773946,0.04652114538153941,0.0,0.0,0.013429685054681027,0.09110166890909964,0.0,0.02814858210166802,0.08205940462068495,0.0,0.0,0.05525151045717593,0.0,0.02070553878378807,0.0,0.0,0.008658131739386165,0.02581560659775134,0.0,0.0,0.17920426254723296,0.04398466456396601,0.0,0.0,0.0,0.0,0.04398466456396601,0.0,0.0,0.0
2021-02-19,0.1320646108722222,0.0,0.0,0.031143084779474965,0.1264946340084259,0.07259980491773946,0.04652114538153941,0.0,0.0,0.013190191848530562,0.09110166890909964,0.0,0.028094809766337384,0.08183042457605987,0.0,0.0,0.055158080304955344,0.0,0.02070553878378807,0.0,0.0,0.006360274167195127,0.02581560659775134,0.0,0.0,0.1809507959589487,0.04398466456396601,0.0,0.0,0.0,0.0,0.04398466456396601,0.0,0.0,0.0
2021-02-26,0.13510234496969387,0.0,0.0,0.1713605550966945,0.11271973890488618,0.0,0.056593487149987465,0.0,0.0,0.013943837998009547,0.022494179670527425,0.0,0.03409930747946004,0.012930011142502312,0.0,0.0,0.07173700688668178,0.0,0.022494179670527425,0.0,0.0,0.08252332189828582,0.03409930747946004,0.0,0.0,0.17712386307106154,0.026389429291111054,0.0,0.0,0.0,0.0,0.026389429291111054,0.0,0.0,0.0
2021-03-05,0.13510234496969376,0.0,0.0,0.17024695619147714,0.11262666756062292,0.0,0.056593487149987465,0.0,0.0,0.01412718340606651,0.022494179670527425,0.0,0.03787492174160758,0.012989128772692744,0.0,0.0,0.07182686248323457,0.0,0.022494179670527425,0.0,0.0,0.08254124647230027,0.03409930747946004,0.0,0.0,0.17420467584958,0.026389429291111054,0.0,0.0,0.0,0.0,0.026389429291111054,0.0,0.0,0.0
2021-03-12,0.13510234496969387,0.0,0.0,0.1690596020092346,0.11248444865376384,0.0,0.056593487149987465,0.0,0.0,0.013651895804493053,0.022494179670527425,0.0,0.04053604069491451,0.014363837567642828,0.0,0.0,0.07305037097551031,0.0,0.022494179670527425,0.0,0.0,0.07910431191634076,0.03409930747946004,0.0,0.0,0.17418713485568182,0.026389429291111054,0.0,0.0,0.0,0.0,0.026389429291111054,0.0,0.0,0.0
2021-03-19,0.13510234496969376,0.0,0.0,0.16827460589843812,0.11076140514269713,0.0,0.056593487149987465,0.0,0.0,0.015231326398676465,0.022494179670527425,0.0,0.03834516970415344,0.014328894472306501,0.0,0.0,0.07014391486622566,0.0,0.022494179670527425,0.0,0.0,0.08101203116531219,0.03409930747946004,0.0,0.0,0.1783402948297722,0.026389429291111054,0.0,0.0,0.0,0.0,0.026389429291111054,0.0,0.0,0.0
2021-03-26,0.11250000000000004,0.0,0.0,0.0913988902135098,0.1180975007129348,0.0,0.05556132429098301,0.0,0.0,0.10807126325647519,0.0337225007129348,0.0,0.02413556805830878,0.10120254353837356,0.0,0.0,0.09576327145809495,0.0,0.0,0.0,0.0,0.01003860686101627,0.02183882357804821,0.0,0.0,0.22766970731932065,0.0,0.0,0.0,0.0,0.0,0.0,0.0,0.0,0.0
2021-04-02,0.11249999999999982,0.0,0.0,0.08736980914804594,0.1180975007129348,0.0,0.05556132429098301,0.0,0.0,0.10727572368087868,0.0337225007129348,0.0,0.05135291756306361,0.09395290737397312,0.0,0.0,0.09138716605916287,0.0,0.0,0.0,0.0,0.001921248562278774,0.02183882357804821,0.0,0.0,0.2250200783176962,0.0,0.0,0.0,0.0,0.0,0.0,0.0,0.0,0.0
2021-04-09,0.11249999999999993,0.0,0.0,0.09076772916682639,0.1180975007129348,0.0,0.05556132429098301,0.0,0.0,0.10501464795650779,0.0337225007129348,0.0,0.05108185560192734,0.0885721103245887,0.0,0.0,0.0945169184575511,0.0,0.0,0.0,0.0,0.01016989418203324,0.02183882357804821,0.0,0.0,0.21815669501566462,0.0,0.0,0.0,0.0,0.0,0.0,0.0,0.0,0.0
2021-04-16,0.11250000000000004,0.0,0.0,0.09094881533078486,0.1180975007129348,0.0,0.05556132429098301,0.0,0.0,0.10592889733712463,0.0337225007129348,0.0,0.05131524736286301,0.08582977287275094,0.0,0.0,0.09480724919671327,0.0,0.0,0.0,0.0,0.010749794863674734,0.02183882357804821,0.0,0.0,0.21870007374118774,0.0,0.0,0.0,0.0,0.0,0.0,0.0,0.0,0.0
2021-04-23,0.11249999999999993,0.0,0.0,0.09426664864608107,0.1282220878345272,0.0,0.05556132429098301,0.0,0.0,0.1052068843200075,0.0337225007129348,0.0,0.04446875549104788,0.084375,0.0,0.0,0.09097081265093993,0.0,0.0,0.0,0.0,0.013800046452532038,0.02183882357804821,0.0,0.0,0.21506711602289838,0.0,0.0,0.0,0.0,0.0,0.0,0.0,0.0,0.0
2021-04-30,0.11250000000000004,0.084375,0.0,0.028759715980034104,0.004846600868581977,0.0,0.053929983644806306,0.0,0.0,0.10002877128952883,0.031453110160183206,0.0,0.22885976145187012,0.0024657204398557475,0.0,0.0,0.10036824256599809,0.0,0.0,0.0,0.0,0.044033850672717575,0.03377269209916249,0.0,0.0,0.17460655082726148,0.0,0.0,0.0,0.0,0.0,0.0,0.0,0.0,0.0
2021-05-07,0.11250000000000004,0.084375,0.0,0.03178349863306208,0.0,0.0,0.053929983644806306,0.0,0.0,0.10052038883234851,0.031453110160183206,0.0,0.22584390683677555,0.008752016070622991,0.0,0.0,0.10443209553097277,0.0,0.0,0.0,0.0,0.04607092155530666,0.025732527908660333,0.0,0.0,0.17460655082726148,0.0,0.0,0.0,0.0,0.0,0.0,0.0,0.0,0.0
2021-05-14,0.11250000000000004,0.08628454889426988,0.0,0.029159739107008174,0.0,0.0,0.053929983644806306,0.0,0.0,0.10147247472168072,0.031453110160183206,0.0,0.22336731340824886,0.01270221238570781,0.0,0.0,0.10578675442761978,0.0,0.0,0.0,0.0,0.042050721103286115,0.026686591319927604,0.0,0.0,0.17460655082726148,0.0,0.0,0.0,0.0,0.0,0.0,0.0,0.0,0.0
2021-05-21,0.11250000000000016,0.08641586206557016,0.0,0.02720277756808912,0.0,0.0,0.053929983644806306,0.0,0.0,0.10103465704518452,0.031453110160183206,0.0,0.22770340138119924,0.013429104635613325,0.0,0.0,0.10203266931423836,0.0,0.0,0.0,0.0,0.038207200244666284,0.03148468311318793,0.0,0.0,0.17460655082726148,0.0,0.0,0.0,0.0,0.0,0.0,0.0,0.0,0.0
2021-05-28,0.11250000000000004,0.08983428694773483,0.0,0.01911335702018688,0.0,0.01911335702018688,0.0505019176452262,0.0,0.0,0.09937002163079513,0.031388560625039315,0.0,0.22420567075260778,0.010548978437772177,0.0,0.0,0.09965565105226974,0.0,0.0,0.0,0.0,0.11981282327528302,0.034951118482061325,0.0,0.0,0.08900425711083673,0.0,0.0,0.0,0.0,0.0,0.0,0.0,0.0,0.0
2021-06-04,0.11250000000000004,0.08980085562390631,0.0,0.01911335702018688,0.0,0.01911335702018688,0.0505019176452262,0.0,0.0,0.09880977128225342,0.031388560625039315,0.0,0.2233460026318231,0.011680233877972162,0.0,0.0,0.0972454249730517,0.0,0.0,0.0,0.0,0.11966215874307629,0.037834103446441,0.0,0.0,0.08900425711083673,0.0,0.0,0.0,0.0,0.0,0.0,0.0,0.0,0.0
2021-06-11,0.11249999999999993,0.10300096045180458,0.0,0.01911335702018688,0.0,0.01911335702018688,0.0505019176452262,0.0,0.0,0.09550800529040546,0.031388560625039315,0.0,0.22739178777867128,0.007563153037863439,0.0,0.0,0.10196139115809513,0.0,0.0,0.0,0.0,0.1177871254174688,0.025166127444215328,0.0,0.0,0.08900425711083673,0.0,0.0,0.0,0.0,0.0,0.0,0.0,0.0,0.0
2021-06-18,0.11249999999999993,0.08834010909710802,0.0,0.01911335702018688,0.0,0.01911335702018688,0.0505019176452262,0.0,0.0,0.0962482689802035,0.031388560625039315,0.0,0.22765160969426204,0.009600228904359506,0.0,0.0,0.11238192480147799,0.0,0.0,0.0,0.0,0.11812471635497562,0.026031692746137335,0.0,0.0,0.08900425711083673,0.0,0.0,0.0,0.0,0.0,0.0,0.0,0.0,0.0
2021-06-25,0.11250000000000004,0.12659643210359273,0.0,0.021660659171325657,0.0,0.0,0.13688406752001098,0.0,0.0,0.09032391274623366,0.030848408348685307,0.0,0.23105499739765048,0.006279954516703085,0.0,0.0,0.10992546041513251,0.0,0.0,0.0,0.0,0.0019229360863555723,0.038715448672862175,0.0,0.0,0.09328772302144774,0.0,0.0,0.0,0.0,0.0,0.0,0.0,0.0,0.0
2021-07-02,0.11250000000000027,0.1259665881264589,0.0,0.021660659171325657,0.0,0.0,0.13688406752001098,0.0,0.0,0.09692001380056875,0.030848408348685307,0.0,0.22824255988837328,0.00890545800020651,0.0,0.0,0.10320659536236239,0.0,0.0,0.0,0.0,0.005492050643250546,0.03608587611730987,0.0,0.0,0.09328772302144774,0.0,0.0,0.0,0.0,0.0,0.0,0.0,0.0,0.0
2021-07-09,0.11250000000000004,0.12801991522088607,0.0,0.028243781287506202,0.0,0.0,0.13688406752001098,0.0,0.0,0.09399242567149149,0.030848408348685307,0.0,0.2268617230591835,0.002380400748825649,0.0,0.0,0.09809393515796325,0.0,0.0,0.0,0.0,0.009458833447021819,0.03359565320641292,0.0,0.0,0.09912085633201274,0.0,0.0,0.0,0.0,0.0,0.0,0.0,0.0,0.0
2021-07-16,0.11250000000000016,0.12596944032802287,0.0,0.02945005894658246,0.0,0.0,0.13688406752001098,0.0,0.0,0.09380096036307303,0.030848408348685307,0.0,0.22690430897577749,0.0034281657077314806,0.0,0.0,0.09939018473217368,0.0,0.0,0.0,0.0,0.008983292556129447,0.03855338950036542,0.0,0.0,0.09328772302144774,0.0,0.0,0.0,0.0,0.0,0.0,0.0,0.0,0.0
2021-07-23,0.11250000000000004,0.12203150593346712,0.0,0.024450224172499327,0.0,0.0,0.13688406752001098,0.0,0.0,0.09281873932970439,0.030848408348685307,0.0,0.2253089033896435,0.012683939377952834,0.0,0.0,0.10148364974068298,0.0,0.0,0.0,0.0,0.0053649114071785365,0.039339021283245915,0.0,0.0,0.09628662949692901,0.0,0.0,0.0,0.0,0.0,0.0,0.0,0.0,0.0
2021-07-30,2.220446049250313e-16,0.11031823813454206,0.0,0.04160674193763368,0.0,0.0,0.06578777846239317,0.0,0.0,0.011128820971399323,0.03088066809936555,0.0,0.22945700797894394,0.011864209924037254,0.0,0.0,0.08166255152588936,0.0,0.03490711036302762,0.0,0.0,0.11834312343899207,0.2280093505770398,0.0,0.0,0.03603439858673594,0.0,0.0,0.0,0.0,0.0,0.0,0.0,0.0,0.0
2021-08-06,1.1102230246251565e-16,0.11031823813454206,0.0,0.036898198290032866,0.0,0.0,0.06578777846239317,0.0,0.0,0.01096798541919541,0.03088066809936555,0.0,0.23177232567241635,0.01760163711850646,0.0,0.0,0.08708965435557997,0.0,0.03490711036302762,0.0,0.0,0.11613435645099478,0.22273493727091795,0.0,0.0,0.03490711036302762,0.0,0.0,0.0,0.0,0.0,0.0,0.0,0.0,0.0
2021-08-13,2.220446049250313e-16,0.11031823813454206,0.0,0.0367629520014738,0.0,0.0,0.06578777846239317,0.0,0.0,0.007116973111571772,0.03088066809936555,0.0,0.22779120169219977,0.01616970712096683,0.0,0.0,0.08762817416885585,0.0,0.03490711036302762,0.0,0.0,0.1157621054760103,0.23196798100656546,0.0,0.0,0.03490711036302762,0.0,0.0,0.0,0.0,0.0,0.0,0.0,0.0,0.0
2021-08-20,1.1102230246251565e-16,0.11688180199321432,0.0,0.03490711036302762,0.0,0.0,0.06578777846239317,0.0,0.0,0.0,0.03088066809936555,0.0,0.2251490690955604,0.02060042211472635,0.0,0.0,0.08684488877939328,0.0,0.03490711036302762,0.0,0.0,0.11393648760290566,0.23519755276335821,0.0,0.0,0.03490711036302762,0.0,0.0,0.0,0.0,0.0,0.0,0.0,0.0,0.0
2021-08-27,2.220446049250313e-16,0.005691827301714857,0.0,0.040632847256718986,0.0,0.0,0.17771550013124351,0.0,0.0,0.0021615406747060653,0.03602888101166909,0.0,0.22873512677160482,0.026124842551162288,0.0,0.0,0.10301418288779757,0.0,0.040632847256718986,0.0,0.0,0.10105377186285545,0.23820863229380815,0.0,0.0,0.0,0.0,0.0,0.0,0.0,0.0,0.0,0.0,0.0,0.0
2021-09-03,2.220446049250313e-16,0.0011572451335391462,0.0,0.040632847256718986,0.0,0.0,0.17771550013124351,0.0,0.0,0.0,0.03602888101166909,0.0,0.23156603496023717,0.02601155035089385,0.0,0.0,0.10355936538375501,0.0,0.040632847256718986,0.0,0.0,0.10105377186285545,0.24164195665236857,0.0,0.0,0.0,0.0,0.0,0.0,0.0,0.0,0.0,0.0,0.0,0.0
2021-09-10,2.220446049250313e-16,0.0033148670759088517,0.0,0.040632847256718986,0.0,0.0,0.17771550013124351,0.0,0.0,0.002466743135740175,0.03602888101166909,0.0,0.22475721073929036,0.028773012372884255,0.0,0.0,0.10517775420802647,0.0,0.040632847256718986,0.0,0.0,0.10306824131146503,0.2374320955003341,0.0,0.0,0.0,0.0,0.0,0.0,0.0,0.0,0.0,0.0,0.0,0.0
2021-09-17,2.220446049250313e-16,0.005576429084016957,0.0,0.040632847256718986,0.0,0.0,0.17771550013124351,0.0,0.0,0.0,0.03602888101166909,0.0,0.22509435838747324,0.03138318970150047,0.0,0.0,0.10752787246755655,0.0,0.040632847256718986,0.0,0.0,0.10105377186285545,0.23435430284024655,0.0,0.0,0.0,0.0,0.0,0.0,0.0,0.0,0.0,0.0,0.0,0.0
2021-09-24,0.10352453258950778,0.08686705453375845,0.0,0.04700247129546751,0.0,0.0,0.0763203320107354,0.0,0.0,0.0,0.035039286061179245,0.0,0.15834300550125652,0.026155427930594687,0.0,0.0,0.17849201649934643,0.0,0.04128104594955615,0.0,0.0,0.03685337608081974,0.21012145154777806,0.0,0.0,0.0,0.0,0.0,0.0,0.0,0.0,0.0,0.0,0.0,0.0
2021-10-01,0.10352453258950778,0.09093039490789329,0.0,0.04128104594955615,0.0,0.0,0.0763203320107354,0.0,0.0,0.0013101771513296858,0.035039286061179245,0.0,0.16633493085516507,0.026366973483386617,0.0,0.0,0.17443756309626604,0.0,0.04128104594955615,0.0,0.0,0.035039286061179245,0.20813443188424532,0.0,0.0,0.0,0.0,0.0,0.0,0.0,0.0,0.0,0.0,0.0,0.0
2021-10-08,0.10352453258950778,0.08394448161624175,0.0,0.044488667804361434,0.0,0.0,0.0763203320107354,0.0,0.0,0.0010590114535456291,0.035039286061179245,0.0,0.16529797512379224,0.02180033985896194,0.0,0.0,0.17392941848209023,0.0,0.04128104594955615,0.0,0.0,0.039679443615721996,0.21363546543430614,0.0,0.0,0.0,0.0,0.0,0.0,0.0,0.0,0.0,0.0,0.0,0.0
2021-10-15,0.10352453258950778,0.0847891370303712,0.0,0.04593042653903893,0.0067158042692138506,0.0,0.0763203320107354,0.0,0.0,0.0,0.035039286061179245,0.0,0.1713064797700313,0.022886607007706693,0.0,0.0,0.16976646576581644,0.0,0.04128104594955615,0.0,0.0,0.03801757039496331,0.20442231261187968,0.0,0.0,0.0,0.0,0.0,0.0,0.0,0.0,0.0,0.0,0.0,0.0
2021-10-22,0.10352453258950778,0.08221262844086501,0.0,0.04586714362563177,0.008869073647654028,0.0,0.0763203320107354,0.0,0.0,0.006197491480590942,0.035039286061179245,0.0,0.16967942245923717,0.019608899189357702,0.0,0.0,0.16935134678894162,0.0,0.04128104594955615,0.0,0.0,0.03797856710180048,0.20407023065494265,0.0,0.0,0.0,0.0,0.0,0.0,0.0,0.0,0.0,0.0,0.0,0.0
2021-10-29,1.1102230246251565e-16,0.0038354900586048393,0.0,0.16752987719437687,0.012002890225757299,0.0,0.055897854068110195,0.0,0.0,0.0054439430267020465,0.03713875268314347,0.0,0.2144032464699298,0.018116177203028692,0.0,0.0,0.1073210284270682,0.0,0.018759101384966722,0.0,0.0,0.10986080611114808,0.24969083314716367,0.0,0.0,0.0,0.0,0.0,0.0,0.0,0.0,0.0,0.0,0.0,0.0
2021-11-05,0.0,0.012490580131351757,0.0,0.1643511339458203,0.007172227142714228,0.0,0.055897854068110195,0.0,0.0,0.008800399071973306,0.03713875268314347,0.0,0.21500271896277856,0.014783908606220007,0.0,0.0,0.107080813965916,0.0,0.018759101384966722,0.0,0.0,0.11004724152505392,0.24847526851195145,0.0,0.0,0.0,0.0,0.0,0.0,0.0,0.0,0.0,0.0,0.0,0.0
2021-11-12,0.0,0.015114801982726323,0.0,0.16262406094278437,0.0,0.0,0.055897854068110195,0.0,0.0,0.006635249374741996,0.03713875268314347,0.0,0.21689864416627957,0.017328671502839826,0.0,0.0,0.11133854313163549,0.0,0.018759101384966722,0.0,0.0,0.10672620687467416,0.2515381138880978,0.0,0.0,0.0,0.0,0.0,0.0,0.0,0.0,0.0,0.0,0.0,0.0
2021-11-19,1.1102230246251565e-16,0.00906672781866742,0.0,0.16262406094278437,0.0,0.0,0.055897854068110195,0.0,0.0,0.005567315486447529,0.03713875268314347,0.0,0.21732603555758961,0.017663920733208747,0.0,0.0,0.11212432541028323,0.0,0.018759101384966722,0.0,0.0,0.10864466403365311,0.2551872418811455,0.0,0.0,0.0,0.0,0.0,0.0,0.0,0.0,0.0,0.0,0.0,0.0
2021-11-26,0.10765265289123205,0.0837693271121696,0.0,0.021560578739513905,0.0,0.021560578739513905,0.13848208847408658,0.0,0.0,0.0062739663204959654,0.03618202006614882,0.0,0.1832065357230544,0.0170256433078323,0.0,0.0,0.10358807037304618,0.0,0.021560578739513905,0.0,0.0,0.038199358120963096,0.22093860139242938,0.0,0.0,0.0,0.0,0.0,0.0,0.0,0.0,0.0,0.0,0.0,0.0
2021-12-03,0.10765265289123205,0.08745674060744511,0.0,0.021560578739513905,0.0,0.021560578739513905,0.13848208847408658,0.0,0.0,0.002674093455164313,0.03618202006614882,0.0,0.184910647073861,0.019957125543805906,0.0,0.0,0.10234906503219093,0.0,0.021560578739513905,0.0,0.0,0.03618202006614882,0.21947181057137483,0.0,0.0,0.0,0.0,0.0,0.0,0.0,0.0,0.0,0.0,0.0,0.0
2021-12-10,0.10765265289123205,0.08238993970954042,0.0,0.021560578739513905,0.0,0.021560578739513905,0.13848208847408658,0.0,0.0,0.009159465466732025,0.03618202006614882,0.0,0.18112842487421033,0.022357348032650097,0.0,0.0,0.10486673975525605,0.0,0.021560578739513905,0.0,0.0,0.03618202006614882,0.21691756444545318,0.0,0.0,0.0,0.0,0.0,0.0,0.0,0.0,0.0,0.0,0.0,0.0
2021-12-17,0.10765265289123205,0.09019567337788935,0.0,0.021560578739513905,0.0,0.021560578739513905,0.13848208847408658,0.0,0.0,0.005400009238965847,0.03618202006614882,0.0,0.1813921035519926,0.01907057832427149,0.0,0.0,0.10475289895229013,0.0,0.021560578739513905,0.0,0.0,0.03618202006614882,0.21600821883843263,0.0,0.0,0.0,0.0,0.0,0.0,0.0,0.0,0.0,0.0,0.0,0.0
2021-12-24,0.10765265289123205,0.09821727451069384,0.0,0.021560578739513905,0.0,0.021560578739513905,0.13848208847408658,0.0,0.0,0.001284336621085817,0.03618202006614882,0.0,0.17748015517498472,0.023504847447405885,0.0,0.0,0.10346697420616167,0.0,0.021560578739513905,0.0,0.0,0.03618202006614882,0.21286589432351016,0.0,0.0,0.0,0.0,0.0,0.0,0.0,0.0,0.0,0.0,0.0,0.0
2021-12-31,0.03876037339555549,0.12359066196774685,0.0,0.018785553530661615,0.0,0.018785553530661615,0.05179065542480736,0.0,0.0,0.0,0.033005101894145746,0.0,0.23389293011862672,0.017155097030624983,0.0,0.0,0.20647671370197876,0.0,0.018785553530661615,0.0,0.0,0.0,0.2389718058745293,0.0,0.0,0.0,0.0,0.0,0.0,0.0,0.0,0.0,0.0,0.0,0.0
2022-01-07,0.03876037339555549,0.1215215430595799,0.0,0.018785553530661615,0.0,0.018785553530661615,0.05179065542480736,0.0,0.0,0.0,0.033005101894145746,0.0,0.22667609225734517,0.01614745180976611,0.0,0.0,0.20687515821032243,0.0,0.026721593401189923,0.0,0.0,0.0,0.24093092348596468,0.0,0.0,0.0,0.0,0.0,0.0,0.0,0.0,0.0,0.0,0.0,0.0
2022-01-14,0.03876037339555549,0.12039040063062827,0.0,0.018785553530661615,0.0,0.018785553530661615,0.05179065542480736,0.0,0.0,0.0,0.033005101894145746,0.0,0.23184277349218266,0.016895033843799742,0.0,0.0,0.20955653948252748,0.0,0.018785553530661615,0.0,0.0,0.0,0.24140246124436848,0.0,0.0,0.0,0.0,0.0,0.0,0.0,0.0,0.0,0.0,0.0,0.0
2022-01-21,0.03876037339555549,0.11956471570672314,0.0,0.018785553530661615,0.0,0.018785553530661615,0.05179065542480736,0.0,0.0,0.0,0.033005101894145746,0.0,0.22857069512640688,0.015514078595049934,0.0,0.0,0.2065584388452392,0.0,0.020690192294641474,0.0,0.0,0.0,0.24797464165610764,0.0,0.0,0.0,0.0,0.0,0.0,0.0,0.0,0.0,0.0,0.0,0.0
2022-01-28,0.40315366497657124,0.04291556259351493,0.0,0.0,0.0,0.035132931392785796,0.028704545641426105,0.0,0.0,0.0,0.028704545641426105,0.0,0.13679990615604704,0.013636891070455013,0.0,0.0,0.10281216361843747,0.0,0.030848197710888717,0.0,0.0,0.0,0.17729159119844756,0.0,0.0,0.0,0.0,0.0,0.0,0.0,0.0,0.0,0.0,0.0,0.0
2022-02-04,0.40315366497657135,0.03621200193701415,0.0,0.0,0.0,0.035132931392785796,0.028704545641426105,0.0,0.0,0.0,0.028704545641426105,0.0,0.1368809223497221,0.010726296485986015,0.0,0.0,0.10453194842447469,0.0,0.030848197710888717,0.0,0.0,0.0,0.18510494543970502,0.0,0.0,0.0,0.0,0.0,0.0,0.0,0.0,0.0,0.0,0.0,0.0
2022-02-11,0.40315366497657124,0.043406444209990416,0.0,0.0,0.0,0.035132931392785796,0.028704545641426105,0.0,0.0,0.0,0.028704545641426105,0.0,0.14617498809076346,0.0028156043071165394,0.0,0.0,0.10356718025024211,0.0,0.030848197710888717,0.0,0.0,0.0,0.1774918977787895,0.0,0.0,0.0,0.0,0.0,0.0,0.0,0.0,0.0,0.0,0.0,0.0
2022-02-18,0.40315366497657124,0.04765327862093399,0.0,0.0,0.0,0.035132931392785796,0.028704545641426105,0.0,0.0,0.0,0.028704545641426105,0.0,0.1470474550175767,0.004987634006402664,0.0,0.0,0.10042393014521751,0.0,0.030848197710888717,0.0,0.0,0.0,0.17334381684677114,0.0,0.0,0.0,0.0,0.0,0.0,0.0,0.0,0.0,0.0,0.0,0.0
2022-02-25,0.2857395724718872,0.025091188729664315,0.0,0.0,0.0,0.050691730580796686,0.09272943162153147,0.0,0.0,0.0,0.028424752267616073,0.0,0.22149892799789825,0.0,0.0,0.0,0.0658580416052171,0.0,0.0643046793539154,0.0,0.0,0.0,0.16566167537147353,0.0,0.0,0.0,0.0,0.0,0.0,0.0,0.0,0.0,0.0,0.0,0.0
2022-03-04,0.2857395724718872,0.023334640465001118,0.0,0.0,0.0,0.047174966172817884,0.1013776052887616,0.0,0.0,0.0,0.028424752267616073,0.0,0.21354756280002618,0.0,0.0,0.0,0.06808683209219722,0.0,0.0643046793539154,0.0,0.0,0.0,0.16800938908777738,0.0,0.0,0.0,0.0,0.0,0.0,0.0,0.0,0.0,0.0,0.0,0.0
2022-03-11,0.2857395724718872,0.02951785392062456,0.0,0.0,0.0,0.049220736265154254,0.09272943162153147,0.0,0.0,0.0,0.028424752267616073,0.0,0.2143047399736951,0.0,0.0,0.0,0.07037191548557215,0.0,0.0643046793539154,0.0,0.0,0.0,0.16538631864000383,0.0,0.0,0.0,0.0,0.0,0.0,0.0,0.0,0.0,0.0,0.0,0.0
2022-03-18,0.2857395724718872,0.028972350485662973,0.0,0.0,0.0,0.06279996311448903,0.09272943162153147,0.0,0.0,0.0,0.028424752267616073,0.0,0.2141294653981146,0.0,0.0,0.0,0.06310518765943976,0.0,0.0643046793539154,0.0,0.0,0.0,0.15979459762734355,0.0,0.0,0.0,0.0,0.0,0.0,0.0,0.0,0.0,0.0,0.0,0.0
2022-03-25,0.7136768665280719,0.043185974841160504,0.0,0.0,0.0,0.0219919613038532,0.02941187916571024,0.0,0.0,0.0,0.015302655109548154,0.0,0.06201087670584376,0.0,0.0,0.0,0.04123634541332678,0.0,0.015302655109548154,0.0,0.0,0.0,0.05788078582293721,0.0,0.0,0.0,0.0,0.0,0.0,0.0,0.0,0.0,0.0,0.0,0.0
2022-04-01,0.713676866528072,0.04302728185278048,0.0,0.0,0.0,0.021714374764881313,0.02941187916571024,0.0,0.0,0.0,0.015302655109548154,0.0,0.061786597912112974,0.0,0.0,0.0,0.04123634541332678,0.0,0.015302655109548154,0.0,0.0,0.0,0.05854134414401992,0.0,0.0,0.0,0.0,0.0,0.0,0.0,0.0,0.0,0.0,0.0,0.0
2022-04-08,0.713676866528072,0.04240197376990175,0.0,0.0,0.0,0.022474526983066685,0.02941187916571024,0.0,0.0,0.0,0.015302655109548154,0.0,0.06170228054186661,0.0,0.0,0.0,0.04123634541332678,0.0,0.015302655109548154,0.0,0.0,0.0,0.05849081737895963,0.0,0.0,0.0,0.0,0.0,0.0,0.0,0.0,0.0,0.0,0.0,0.0
2022-04-15,0.7136768665280719,0.04194320232227079,0.0,0.0,0.0,0.02184989369571824,0.02941187916571024,0.0,0.0,0.0,0.015302655109548154,0.0,0.061264038725164664,0.0,0.0,0.0,0.04123634541332678,0.0,0.015302655109548154,0.0,0.0,0.0,0.06001246393064097,0.0,0.0,0.0,0.0,0.0,0.0,0.0,0.0,0.0,0.0,0.0,0.0
2022-04-22,0.7136768665280719,0.042450197054709926,0.0,0.0,0.0,0.021097001736591642,0.02941187916571024,0.0,0.0,0.0,0.015302655109548154,0.0,0.06135999175134986,0.0,0.0,0.0,0.04191250144683446,0.0,0.015302655109548154,0.0,0.0,0.0,0.05948625209763557,0.0,0.0,0.0,0.0,0.0,0.0,0.0,0.0,0.0,0.0,0.0,0.0
2022-04-29,0.7150061199168432,0.042691000690945016,0.0,0.0,0.0,0.05424932728754645,0.014100792213896946,0.0,0.0,0.0,0.0,0.0,0.08029728383338142,0.0,0.0,0.0,0.03213785218708985,0.0,0.015481593065728893,0.0,0.0,0.0,0.04603603080456823,0.0,0.0,0.0,0.0,0.0,0.0,0.0,0.0,0.0,0.0,0.0,0.0
2022-05-06,0.7150061199168432,0.04131448799121122,0.0,0.0,0.0,0.0524051965170198,0.014100792213896946,0.0,0.0,0.0,0.0,0.0,0.08015543667502978,0.0,0.0,0.0,0.0314550105560332,0.0,0.015481593065728893,0.0,0.0,0.0,0.05008136306423698,0.0,0.0,0.0,0.0,0.0,0.0,0.0,0.0,0.0,0.0,0.0,0.0
2022-05-13,0.7150061199168432,0.041635155020185804,0.0,0.0,0.0,0.052181069234812714,0.014100792213896946,0.0,0.0,0.0,0.0,0.0,0.08016557125455406,0.0,0.0,0.0,0.031449760217338835,0.0,0.015481593065728893,0.0,0.0,0.0,0.04997993907663954,0.0,0.0,0.0,0.0,0.0,0.0,0.0,0.0,0.0,0.0,0.0,0.0
2022-05-20,0.7150061199168432,0.0419942477424645,0.0,0.0,0.0,0.052224871716453014,0.014100792213896946,0.0,0.0,0.0,0.0,0.0,0.08036019062467704,0.0,0.0,0.0,0.030786467440384026,0.0,0.015481593065728893,0.0,0.0,0.0,0.05004571727955238,0.0,0.0,0.0,0.0,0.0,0.0,0.0,0.0,0.0,0.0,0.0,0.0
2022-05-27,0.7158036719501059,0.04291248366124814,0.0,0.0,0.0,0.05926955407448592,0.029734867615055727,0.0,0.0,0.0,0.0,0.0,0.07198845374874162,0.0,0.0,0.0,0.02902857127296667,0.0,0.0,0.0,0.0,0.0,0.05126239767739603,0.0,0.0,0.0,0.0,0.0,0.0,0.0,0.0,0.0,0.0,0.0,0.0
2022-06-03,0.7158036719501059,0.04294027310887966,0.0,0.0,0.0,0.06045562060844402,0.029734867615055727,0.0,0.0,0.0,0.0,0.0,0.07306043575889015,0.0,0.0,0.0,0.02902857127296667,0.0,0.0,0.0,0.0,0.0,0.048976559685657874,0.0,0.0,0.0,0.0,0.0,0.0,0.0,0.0,0.0,0.0,0.0,0.0
2022-06-10,0.7158036719501059,0.04483508136935594,0.0,0.0,0.0,0.06053702490427715,0.029734867615055727,0.0,0.0,0.0,0.0,0.0,0.07340614811204373,0.0,0.0,0.0,0.02902857127296667,0.0,0.0,0.0,0.0,0.0,0.04665463477619489,0.0,0.0,0.0,0.0,0.0,0.0,0.0,0.0,0.0,0.0,0.0,0.0
2022-06-17,0.7158036719501059,0.0485940684629761,0.0,0.0,0.0,0.05735115687004444,0.029734867615055727,0.0,0.0,0.0,0.0,0.0,0.07487013671644717,0.0,0.0,0.0,0.02902857127296667,0.0,0.0,0.0,0.0,0.0,0.044617527112404,0.0,0.0,0.0,0.0,0.0,0.0,0.0,0.0,0.0,0.0,0.0,0.0
2022-06-24,0.7447914781439148,0.044361252525865716,0.0,0.0,0.0,0.0694886467564754,0.029879668741921474,0.0,0.0,0.0,0.0,0.0,0.11147895383182266,0.0,0.0,0.0,0.0,0.0,0.0,0.0,0.0,0.0,0.0,0.0,0.0,0.0,0.0,0.0,0.0,0.0,0.0,0.0,0.0,0.0,0.0
2022-07-01,0.7447914781439148,0.043802740460801924,0.0,0.0,0.0,0.0674416628283985,0.03252385318020909,0.0,0.0,0.0,0.0,0.0,0.11144026538667573,0.0,0.0,0.0,0.0,0.0,0.0,0.0,0.0,0.0,0.0,0.0,0.0,0.0,0.0,0.0,0.0,0.0,0.0,0.0,0.0,0.0,0.0
2022-07-08,0.7447914781439148,0.04287965720252876,0.0,0.0,0.0,0.06830666311625766,0.03253458196797753,0.0,0.0,0.0,0.0,0.0,0.1114876195693213,0.0,0.0,0.0,0.0,0.0,0.0,0.0,0.0,0.0,0.0,0.0,0.0,0.0,0.0,0.0,0.0,0.0,0.0,0.0,0.0,0.0,0.0
2022-07-15,0.7447914781439148,0.043808559851098966,0.0,0.0,0.0,0.0698173984935736,0.029879668741921474,0.0,0.0,0.0,0.0,0.0,0.11170289476949119,0.0,0.0,0.0,0.0,0.0,0.0,0.0,0.0,0.0,0.0,0.0,0.0,0.0,0.0,0.0,0.0,0.0,0.0,0.0,0.0,0.0,0.0
2022-07-22,0.7447914781439148,0.042464746989069296,0.0,0.0,0.0,0.06875042379430697,0.032306396192559345,0.0,0.0,0.0,0.0,0.0,0.11168695488014962,0.0,0.0,0.0,0.0,0.0,0.0,0.0,0.0,0.0,0.0,0.0,0.0,0.0,0.0,0.0,0.0,0.0,0.0,0.0,0.0,0.0,0.0
2022-07-29,0.7449709619970902,0.04351068509285824,0.0,0.0,0.0,0.06743301196729645,0.031542205562061845,0.0,0.0,0.0,0.0,0.0,0.11254313538069324,0.0,0.0,0.0,0.0,0.0,0.0,0.0,0.0,0.0,0.0,0.0,0.0,0.0,0.0,0.0,0.0,0.0,0.0,0.0,0.0,0.0,0.0
2022-08-05,0.7449709619970902,0.041957904504427504,0.0,0.0,0.0,0.06870432895088174,0.03174713832169887,0.0,0.0,0.0,0.0,0.0,0.11261966622590167,0.0,0.0,0.0,0.0,0.0,0.0,0.0,0.0,0.0,0.0,0.0,0.0,0.0,0.0,0.0,0.0,0.0,0.0,0.0,0.0,0.0,0.0
2022-08-12,0.7449709619970902,0.04279633897817202,0.0,0.0,0.0,0.06670223439480225,0.03311275079910307,0.0,0.0,0.0,0.0,0.0,0.11241771383083245,0.0,0.0,0.0,0.0,0.0,0.0,0.0,0.0,0.0,0.0,0.0,0.0,0.0,0.0,0.0,0.0,0.0,0.0,0.0,0.0,0.0,0.0
2022-08-19,0.7449709619970902,0.03892399030449703,0.0,0.0,0.0,0.06038633380120659,0.040501771297530804,0.0,0.0,0.0,0.0,0.0,0.11521694259967535,0.0,0.0,0.0,0.0,0.0,0.0,0.0,0.0,0.0,0.0,0.0,0.0,0.0,0.0,0.0,0.0,0.0,0.0,0.0,0.0,0.0,0.0
2022-08-26,0.7019447359077481,0.03367545955996814,0.0,0.0,0.0,0.04818424371601558,0.062039403346195246,0.0,0.0,0.0,0.014508784156047444,0.0,0.13353387555960364,0.0,0.0,0.0,0.0012338535772318186,0.0,0.0,0.0,0.0,0.0,0.004879644177190049,0.0,0.0,0.0,0.0,0.0,0.0,0.0,0.0,0.0,0.0,0.0,0.0
2022-09-02,0.7019447359077481,0.044173043582400554,0.0,0.0,0.0,0.04818424371601558,0.052126731091104155,0.0,0.0,0.0,0.014508784156047444,0.0,0.13492705694491353,0.0,0.0,0.0,0.001046281805423377,0.0,0.0,0.0,0.0,0.0,0.0030891227963472916,0.0,0.0,0.0,0.0,0.0,0.0,0.0,0.0,0.0,0.0,0.0,0.0
2022-09-09,0.7019447359077481,0.0379939323821402,0.0,0.0,0.0,0.04818424371601558,0.05573346188920497,0.0,0.0,0.0018453986555378844,0.014508784156047444,0.0,0.13478605835908058,0.0,0.0,0.0,0.00500338493422526,0.0,0.0,0.0,0.0,0.0,0.0,0.0,0.0,0.0,0.0,0.0,0.0,0.0,0.0,0.0,0.0,0.0,0.0
2022-09-16,0.7019447359077481,0.03367545955996814,0.0,0.0,0.0,0.04818424371601558,0.04818424371601558,0.0,0.0,0.0056961924249848825,0.014508784156047444,0.0,0.13487970930891371,0.0008799211585523805,0.0,0.0,0.007307592213990389,0.0,0.0,0.0,0.0,0.0,0.004739117837763825,0.0,0.0,0.0,0.0,0.0,0.0,0.0,0.0,0.0,0.0,0.0,0.0
2022-09-23,0.7019447359077481,0.03367545955996814,0.0,0.0,0.0,0.04818424371601558,0.04818424371601558,0.0,0.0,0.0038114269609291988,0.014508784156047444,0.0,0.13533468743692548,0.0,0.0,0.0,0.008640742814715373,0.0,0.0,0.0,0.0,0.0,0.005715675731635122,0.0,0.0,0.0,0.0,0.0,0.0,0.0,0.0,0.0,0.0,0.0,0.0
2022-09-30,0.8322164011481511,0.012823792477692532,0.0,0.0,0.0,0.030346670403485827,0.03615930638184586,0.0,0.0,0.0006990038918524667,0.014617541726694747,0.0,0.07156721238669665,0.0,0.0,0.0,0.0015700715835808377,0.0,0.0,0.0,0.0,0.0,0.0,0.0,0.0,0.0,0.0,0.0,0.0,0.0,0.0,0.0,0.0,0.0,0.0
2022-10-07,0.8322164011481511,0.015028471679023056,0.0,0.0,0.0,0.0319406901649599,0.03637704020607595,0.0,0.0,0.0,0.014617541726694747,0.0,0.06981985507509528,0.0,0.0,0.0,0.0,0.0,0.0,0.0,0.0,0.0,0.0,0.0,0.0,0.0,0.0,0.0,0.0,0.0,0.0,0.0,0.0,0.0,0.0
2022-10-14,0.832216401148151,0.014609307584020995,0.0,0.0,0.0,0.030346670403485827,0.03761406096979499,0.0,0.0,0.0,0.014617541726694747,0.0,0.0698120360892781,0.0,0.0,0.0,0.0007839820785742726,0.0,0.0,0.0,0.0,0.0,0.0,0.0,0.0,0.0,0.0,0.0,0.0,0.0,0.0,0.0,0.0,0.0,0.0
2022-10-21,0.8322164011481511,0.01529592088007399,0.0,0.0,0.0,0.030346670403485827,0.037871663843289494,0.0,0.0,0.0,0.014617541726694747,0.0,0.06965180199830487,0.0,0.0,0.0,0.0,0.0,0.0,0.0,0.0,0.0,0.0,0.0,0.0,0.0,0.0,0.0,0.0,0.0,0.0,0.0,0.0,0.0,0.0
2022-10-28,0.8163351549433457,0.031186705665870704,0.0,0.0,0.0,0.031926453259397095,0.03584115219676587,0.0,0.0,0.0,0.030416434308913817,0.0,0.05429409962570685,0.0,0.0,0.0,0.0,0.0,0.0,0.0,0.0,0.0,0.0,0.0,0.0,0.0,0.0,0.0,0.0,0.0,0.0,0.0,0.0,0.0,0.0
2022-11-04,0.8163351549433456,0.02787693476203825,0.0,0.0,0.0,0.03860685178112773,0.03473966140532446,0.0,0.0,0.0,0.030416434308913817,0.0,0.052024962799250084,0.0,0.0,0.0,0.0,0.0,0.0,0.0,0.0,0.0,0.0,0.0,0.0,0.0,0.0,0.0,0.0,0.0,0.0,0.0,0.0,0.0,0.0
2022-11-11,0.8163351549433456,0.02655823924956632,0.0,0.0,0.0,0.03859046682757529,0.03648624487498911,0.0,0.0,0.0,0.030416434308913817,0.0,0.0516134597956098,0.0,0.0,0.0,0.0,0.0,0.0,0.0,0.0,0.0,0.0,0.0,0.0,0.0,0.0,0.0,0.0,0.0,0.0,0.0,0.0,0.0,0.0
2022-11-18,0.8163351549433457,0.027234170192632853,0.0,0.0,0.0,0.03282264808093202,0.039798559779106166,0.0,0.0,0.0,0.030416434308913817,0.0,0.053393032695069474,0.0,0.0,0.0,0.0,0.0,0.0,0.0,0.0,0.0,0.0,0.0,0.0,0.0,0.0,0.0,0.0,0.0,0.0,0.0,0.0,0.0,0.0
2022-11-25,0.7443977623595852,0.0451192371530853,0.0,0.0,0.0,0.04971540640176484,0.05846381547143294,0.0,0.0,0.0,0.014676237970995569,0.0,0.08762754064313619,0.0,0.0,0.0,0.0,0.0,0.0,0.0,0.0,0.0,0.0,0.0,0.0,0.0,0.0,0.0,0.0,0.0,0.0,0.0,0.0,0.0,0.0
2022-12-02,0.7443977623595852,0.03828734887133445,0.0,0.0,0.0,0.0484101372359487,0.05786701032704564,0.0,0.0,0.003490189317214767,0.014676237970995569,0.0,0.09097969498904182,0.0,0.0,0.0,0.0018916189288339029,0.0,0.0,0.0,0.0,0.0,0.0,0.0,0.0,0.0,0.0,0.0,0.0,0.0,0.0,0.0,0.0,0.0,0.0
2022-12-09,0.7443977623595852,0.04358625103022494,0.0,0.0,0.0,0.0484101372359487,0.055163050326445945,0.0,0.0,0.0009363528179089993,0.014676237970995569,0.0,0.09283020825889068,0.0,0.0,0.0,0.0,0.0,0.0,0.0,0.0,0.0,0.0,0.0,0.0,0.0,0.0,0.0,0.0,0.0,0.0,0.0,0.0,0.0,0.0
2022-12-16,0.7443977623595852,0.03373389926495313,0.0,0.006951370563673861,0.0,0.0484101372359487,0.0484101372359487,0.0,0.0,0.003902780656967494,0.014676237970995569,0.0,0.09276285350051275,0.0,0.0,0.0,0.0010645365269985503,0.0,0.0,0.0,0.0,0.005690284684416115,0.0,0.0,0.0,0.0,0.0,0.0,0.0,0.0,0.0,0.0,0.0,0.0,0.0
2022-12-23,0.7443977623595852,0.03373389926495313,0.0,0.006896901961867653,0.0,0.0484101372359487,0.0484101372359487,0.0,0.0,0.002385872003020699,0.014676237970995569,0.0,0.09169941501743005,0.0,0.0,0.0,0.0040119782922623665,0.0,0.0,0.0,0.0,0.005377658657987996,0.0,0.0,0.0,0.0,0.0,0.0,0.0,0.0,0.0,0.0,0.0,0.0,0.0
2022-12-30,0.4065477188920327,0.0,0.0,0.1710055550802961,0.004733457883440068,0.0968458265577481,0.10090218236799321,0.0,0.0,0.0,0.02936514743980434,0.0,0.16986939451270727,0.0,0.0,0.0,0.006216126057127818,0.0,0.0,0.0,0.0,0.01451459120885045,0.0,0.0,0.0,0.0,0.0,0.0,0.0,0.0,0.0,0.0,0.0,0.0,0.0
2023-01-06,0.4065477188920327,0.0,0.0,0.16688479453469576,0.0,0.0968458265577481,0.1014622458194426,0.0,0.0,0.0,0.02936514743980434,0.0,0.17226299646858065,0.0,0.0,0.0,0.012273430011431425,0.0,0.0,0.0,0.0,0.014357840276264489,0.0,0.0,0.0,0.0,0.0,0.0,0.0,0.0,0.0,0.0,0.0,0.0,0.0
2023-01-13,0.40654771889203256,0.0,0.0,0.17551382179847644,0.0,0.10920139875622559,0.1065642685269373,0.0,0.0,0.0,0.02936514743980434,0.0,0.1551325665918019,0.0,0.0,0.0,0.0,0.0,0.0,0.0,0.0,0.017675077994721775,0.0,0.0,0.0,0.0,0.0,0.0,0.0,0.0,0.0,0.0,0.0,0.0,0.0
2023-01-20,0.4065477188920327,0.0,0.0,0.16969672076101944,0.0,0.12132575308806565,0.10523065612205848,0.0,0.0,0.0,0.03334890050304096,0.0,0.1551325665918019,0.0,0.0,0.0,0.0,0.0,0.0,0.0,0.0,0.008717684041980929,0.0,0.0,0.0,0.0,0.0,0.0,0.0,0.0,0.0,0.0,0.0,0.0,0.0
2023-01-27,0.21320786873384,0.0037361613836869,0.0,0.10502535478723998,0.0,0.12920806515080266,0.11209691034910194,0.0,0.0,0.0,0.09932440948250049,0.0,0.08237920296894591,0.0,0.0,0.0,0.012772500866601443,0.0,0.0,0.0,0.0,0.004296170783985121,0.0,0.05629521365667353,0.0,0.012772500866601443,0.0,0.0,0.0,0.0,0.0,0.05629521365667353,0.05629521365667353,0.05629521365667353,0.0
2023-02-03,0.21320786873384,0.01303152766809419,0.0,0.09231167014347813,0.0,0.1389951325414184,0.11209691034910194,0.0,0.0,0.0,0.09932440948250049,0.0,0.07880693095631741,0.0,0.0,0.0,0.012772500866601443,0.0,0.0,0.0,0.0,0.0014996937653524568,0.0,0.05629521365667353,0.0,0.012772500866601443,0.0,0.0,0.0,0.0,0.0,0.05629521365667353,0.05629521365667353,0.05629521365667353,0.0
2023-02-10,0.21320786873384,0.0,0.0,0.0968133661364936,0.0,0.13818112971375865,0.1145779486639665,0.0,0.0,0.0,0.09932440948250049,0.0,0.07492177924963947,0.0,0.0,0.0,0.012772500866601443,0.0,0.0,0.0,0.0,0.00942011396239227,0.0,0.05629521365667353,0.0,0.015600028564113435,0.0,0.0,0.0,0.0,0.0,0.05629521365667353,0.05629521365667353,0.05629521365667353,0.0
2023-02-17,0.21320786873384,0.0,0.0,0.09625008317750905,0.0,0.13327837327270198,0.11816258914432176,0.0,0.0,0.0,0.09932440948250049,0.0,0.07492177924963947,0.0,0.0,0.0,0.012772500866601443,0.0,0.0,0.0,0.0,0.009682877129058414,0.0,0.05629521365667353,0.0,0.017218664317133273,0.0,0.0,0.0,0.0,0.0,0.05629521365667353,0.05629521365667353,0.05629521365667353,0.0
2023-02-24,0.32028820983716955,0.0,0.0,0.08355513773079756,0.0019504776038154585,0.16419162335010298,0.10586300583842133,0.0,0.0,0.0,0.0911464013185635,0.0,0.07409467677451906,0.0,0.0,0.0,0.0097890468835838,0.0,0.0,0.0,0.0,0.010316867825075352,0.0097890468835838,0.0,0.0,0.04480928942767545,0.0,0.0,0.0,0.0,0.0,0.028068738842230732,0.028068738842230732,0.028068738842230732,0.0
2023-03-03,0.32028820983716955,0.0,0.0,0.08344530139669233,0.006717110906185509,0.16333127718368676,0.1009354482021473,0.0,0.0,0.0007318107155685775,0.0911464013185635,0.0,0.07409467677451906,0.0,0.0,0.0,0.0097890468835838,0.0,0.0,0.0,0.0,0.010183809411897326,0.0097890468835838,0.0,0.0,0.04534164395971034,0.0,0.0,0.0,0.0,0.0,0.028068738842230732,0.028068738842230732,0.028068738842230732,0.0
2023-03-10,0.32028820983716955,0.0,0.0,0.0852273343891571,0.007978507177336648,0.14962923798267705,0.10389606826874805,0.0,0.0,0.008111415386698333,0.0911464013185635,0.0,0.07409467677451906,0.0006065563916210812,0.0,0.0,0.014447130662455294,0.0,0.0,0.0,0.0,0.012721412674963847,0.0097890468835838,0.0,0.0,0.03785778572581453,0.0,0.0,0.0,0.0,0.0,0.028068738842230732,0.028068738842230732,0.028068738842230732,0.0
2023-03-17,0.4325631652060924,0.0,0.0,0.08778932026152238,0.012667104897371424,0.14623929066650662,0.1009354482021473,0.0,0.0,0.006720226624117286,0.0911464013185635,0.0,0.07409467677451906,0.0007135802943076536,0.0,0.0,0.01555227525324911,0.0,0.0,0.0,0.0,0.012000416734435656,0.0097890468835838,0.0,0.0,0.0097890468835838,0.0,0.0,0.0,0.0,0.0,0.0,0.0,0.0,0.0
2023-03-24,0.32028820983716955,0.0,0.0,0.08714432917922665,0.004060028437942268,0.14623929066650662,0.1009354482021473,0.0,0.0,0.009039280929622376,0.0911464013185635,0.0,0.07409467677451906,0.004151459062730659,0.0,0.0,0.017434638144132878,0.0,0.0,0.0,0.0,0.013613188311348674,0.0097890468835838,0.0,0.0,0.03785778572581453,0.0,0.0,0.0,0.0,0.0,0.028068738842230732,0.028068738842230732,0.028068738842230732,0.0
2023-03-31,0.2495934234422954,0.0,0.0,0.1838174576005937,0.0054798696256338295,0.010277989620849685,0.12913323341108235,0.0,0.0,0.00862565278904222,0.04915826838044884,0.0,0.0,0.0014857072632506385,0.0,0.0,0.016417578310354366,0.0,0.010277989620849685,0.0,0.0,0.1721526523285627,0.0,0.04463397712661859,0.0,0.11894620048041796,0.0,0.0,0.0,0.0,0.0,0.0,0.0,0.0,0.0
2023-04-07,0.2495934234422954,0.0,0.0,0.18165066994563916,0.009012391236465068,0.011428445904421382,0.12698802745550744,0.0,0.0,0.007187211292239917,0.04915826838044884,0.0,0.0,0.004098058435388292,0.0,0.0,0.016905376635542015,0.0,0.010277989620849685,0.0,0.0,0.17011996004416616,0.0,0.04463397712661859,0.0,0.11894620048041796,0.0,0.0,0.0,0.0,0.0,0.0,0.0,0.0,0.0
2023-04-14,0.2495934234422954,0.0,0.0,0.1809450519585458,0.012355660528958626,0.020000431043763842,0.13050839876562362,0.0,0.0,0.0,0.051763226906066176,0.0,0.0,0.00221098555833984,0.0,0.0,0.010277989620849685,0.0,0.010277989620849685,0.0,0.0,0.16848666494767073,0.0,0.04463397712661859,0.0,0.11894620048041796,0.0,0.0,0.0,0.0,0.0,0.0,0.0,0.0,0.0
2023-04-21,0.2495934234422954,0.0,0.0,0.17927421374728697,0.008715943282162355,0.027067274638825183,0.1234704917342482,0.0,0.0,0.0,0.05224336046296143,0.0,0.0,0.009422934291094512,0.0,0.0,0.011215592437213439,0.0,0.010277989620849685,0.0,0.0,0.16513859873602618,0.0,0.04463397712661859,0.0,0.11894620048041796,0.0,0.0,0.0,0.0,0.0,0.0,0.0,0.0,0.0
2023-04-28,0.08945332816398832,0.0,0.0,0.24140013718029107,0.12886885962230826,0.12694129901621864,0.16118231326220017,0.0,0.0,0.0,0.15784726793593096,0.0,0.0,0.0077606881581195756,0.0,0.0,0.013273991461987922,0.0,0.0,0.0,0.0,0.03370270395033639,0.0,0.0,0.0,0.013273991461987922,0.0,0.0,0.0,0.02629541978663074,0.0,0.0,0.0,0.0,0.0
2023-05-05,0.08945332816398843,0.0013829012503372483,0.0,0.24264703082489555,0.12636187932056045,0.12371415170807022,0.1642055997283578,0.0,0.0,0.0,0.15296096650964885,0.0,0.0,0.007001482334398308,0.0,0.0,0.019002083619912923,0.0,0.0,0.0,0.0,0.0337011652912116,0.0,0.0,0.0,0.013273991461987922,0.0,0.0,0.0,0.02629541978663074,0.0,0.0,0.0,0.0,0.0
2023-05-12,0.08945332816398832,0.0,0.0,0.24225941474610244,0.12790336475070088,0.12472784569272412,0.16118231326220017,0.0,0.0,0.0,0.15615948359802995,0.0,0.0,0.006355965886265256,0.0,0.0,0.01567011423570417,0.0,0.0012538894413183564,0.0,0.0,0.035464868974347634,0.0,0.0,0.0,0.013273991461987922,0.0,0.0,0.0,0.02629541978663074,0.0,0.0,0.0,0.0,0.0
2023-05-19,0.08945332816398832,0.002389514380205108,0.0,0.24264159850079917,0.12739662279139982,0.12492066801507919,0.1653157408035548,0.0,0.0,0.0,0.14790832180021224,0.0,0.0,0.006440205318589581,0.0,0.0,0.017353460869336104,0.0,0.0,0.0,0.0,0.03661112810821695,0.0,0.0,0.0,0.013273991461987922,0.0,0.0,0.0,0.02629541978663074,0.0,0.0,0.0,0.0,0.0
2023-05-26,1.1102230246251565e-16,0.003134118687094579,0.0,0.2559656957204512,0.012270138160982852,0.2542728587004114,0.08649439998724998,0.0,0.0,0.0,0.1653655543191896,0.0,0.0,0.008395833579671013,0.0,0.0,0.07971466976631664,0.0,0.0,0.0,0.0,0.11621352003211592,0.0,0.0,0.0,0.01817321104651677,0.0,0.0,0.0,0.0,0.0,0.0,0.0,0.0,0.0
2023-06-02,1.1102230246251565e-16,0.003116391268863571,0.0,0.25364603673570263,0.009533077112178368,0.2560900083121282,0.08279479664390084,0.0,0.0,0.0,0.17220593068146237,0.0,0.0,0.009290827965472823,0.0,0.0,0.08083308337223463,0.0,0.0,0.0,0.0,0.11431663686153971,0.0,0.0,0.0,0.01817321104651677,0.0,0.0,0.0,0.0,0.0,0.0,0.0,0.0,0.0
2023-06-09,1.1102230246251565e-16,0.008143471325218933,0.0,0.2530962807142167,0.012408945941592779,0.2565451742478643,0.08091586218853997,0.0,0.0,0.0,0.1653655543191896,0.0,0.0,0.010060392190490559,0.0,0.0,0.08046391455007476,0.0,0.0,0.0,0.0,0.11482719347629554,0.0,0.0,0.0,0.01817321104651677,0.0,0.0,0.0,0.0,0.0,0.0,0.0,0.0,0.0
2023-06-16,2.220446049250313e-16,0.005684302700736268,0.0,0.25391061424658956,0.011058893944305809,0.2514300118329499,0.08661859367491379,0.0,0.0,0.0,0.1653655543191896,0.0,0.0,0.012571415637769501,0.0,0.0,0.08161519260219566,0.0,0.0,0.0,0.0,0.11357220999483306,0.0,0.0,0.0,0.01817321104651677,0.0,0.0,0.0,0.0,0.0,0.0,0.0,0.0,0.0
2023-06-23,0.0,0.0,0.0,0.254344980614981,0.01475843435396456,0.24606676426012314,0.08091586218853997,0.0,0.0,0.0,0.1653655543191896,0.0,0.0,0.015571945962643727,0.0,0.0,0.08754095577476426,0.0,0.0,0.0,0.0,0.11726229147927693,0.0,0.0,0.0,0.01817321104651677,0.0,0.0,0.0,0.0,0.0,0.0,0.0,0.0,0.0
2023-06-30,1.1102230246251565e-16,0.0,0.0,0.25036099928743055,0.11014496886317238,0.24158970131606933,0.08458411933696809,0.0,0.0,0.0017118970791107412,0.06280792646612887,0.0,0.0,0.017130853857292162,0.0,0.0,0.09187817029661287,0.0,0.014987562948329754,0.0,0.0,0.10981623760055542,0.0,0.0,0.0,0.014987562948329754,0.0,0.0,0.0,0.0,0.0,0.0,0.0,0.0,0.0
2023-07-07,0.0,0.0,0.0,0.25027936814031354,0.1135839280686471,0.24224273953788217,0.08036181961949124,0.0,0.0,0.00357682827913439,0.06280792646612887,0.0,0.0,0.01764486643012083,0.0,0.0,0.0923990879150314,0.0,0.014987562948329754,0.0,0.0,0.10712830964659095,0.0,0.0,0.0,0.014987562948329754,0.0,0.0,0.0,0.0,0.0,0.0,0.0,0.0,0.0
2023-07-14,0.0,0.0053908398812574365,0.0,0.24839625182212693,0.11296239022953605,0.24092453477306086,0.07779548941445863,0.0,0.0,0.006379079415572976,0.06280792646612887,0.0,0.0,0.01772386104195571,0.0,0.0,0.0922605335886378,0.0,0.014987562948329754,0.0,0.0,0.1053839674706052,0.0,0.0,0.0,0.014987562948329754,0.0,0.0,0.0,0.0,0.0,0.0,0.0,0.0,0.0
2023-07-21,0.0,0.012503123152842252,0.0,0.24594044378726393,0.113315412247978,0.23941566159342983,0.07779548941445863,0.0,0.0,0.0,0.06280792646612887,0.0,0.0,0.01756790549615487,0.0,0.0,0.0939329462581312,0.0,0.014987562948329754,0.0,0.0,0.10418259641379772,0.0,0.0,0.0,0.017550932221484915,0.0,0.0,0.0,0.0,0.0,0.0,0.0,0.0,0.0
2023-07-28,0.0,0.016921674422558895,0.0,0.17627678694268248,0.17282955538538097,0.24046282917438813,0.07646548173802023,0.0,0.0,0.0,0.06619293859836102,0.0,0.010272543139659213,0.01683658164355054,0.0,0.0,0.09180578704268601,0.0,0.010272543139659213,0.0,0.0,0.10111819249373494,0.010272543139659213,0.0,0.0,0.010272543139659213,0.0,0.0,0.0,0.0,0.0,0.0,0.0,0.0,0.0
2023-08-04,0.0,0.010455550714960037,0.0,0.17762410864931114,0.17435942875603624,0.2400863022155217,0.07646548173802023,0.0,0.0,0.000933182115869876,0.06619293859836102,0.0,0.010272543139659213,0.017345400780345365,0.0,0.0,0.08948752217736712,0.0,0.010272543139659213,0.0,0.0,0.10246901696933339,0.010272543139659213,0.0,0.0,0.013763437865896237,0.0,0.0,0.0,0.0,0.0,0.0,0.0,0.0,0.0
2023-08-11,0.0,0.011852115036878991,0.0,0.17753718841167146,0.1754030958225529,0.23982668146241454,0.07646548173802023,0.0,0.0,0.0,0.06619293859836102,0.0,0.010272543139659213,0.0172871112184075,0.0,0.0,0.09083511197734999,0.0,0.010272543139659213,0.0,0.0,0.10237616853084255,0.010272543139659213,0.0,0.0,0.01140647778452323,0.0,0.0,0.0,0.0,0.0,0.0,0.0,0.0,0.0
2023-08-18,0.0,0.01312691111413427,0.0,0.1768531531936697,0.17199842550190134,0.2354133238004347,0.07646548173802023,0.0,0.0,0.001007519648855908,0.06619293859836102,0.0,0.010272543139659213,0.0183517035008585,0.0,0.0,0.09181142957693468,0.0,0.010272543139659213,0.0,0.0,0.10161975428571697,0.010272543139659213,0.0,0.0,0.016341729622135114,0.0,0.0,0.0,0.0,0.0,0.0,0.0,0.0,0.0
2023-08-25,0.08788082300645639,0.012931610135382476,0.0,0.15952683809936768,0.08013899882471091,0.20657460564118368,0.09217198514329603,0.0,0.0,0.0020185298658591923,0.07094680609314478,0.0,0.02122517905015124,0.01889586336682771,0.0,0.0,0.10088001115385102,0.0,0.0,0.0,0.0,0.1468087496197688,0.0,0.0,0.0,0.0,0.0,0.0,0.0,0.0,0.0,0.0,0.0,0.0,0.0
2023-09-01,0.0878808230064565,0.007863074819394217,0.0,0.16045846147572618,0.08094031595040295,0.19804863835620026,0.09217198514329603,0.0,0.0,0.0031478697740538967,0.07094680609314478,0.0,0.02122517905015124,0.019809371856363896,0.0,0.0,0.10184168661443507,0.0,0.0,0.0,0.0,0.1475759865463815,0.0,0.0,0.0,0.008089801313993535,0.0,0.0,0.0,0.0,0.0,0.0,0.0,0.0,0.0
2023-09-08,0.08788082300645639,0.0101953954504556,0.0,0.1595971441864188,0.07960482921586538,0.2036576373084633,0.09217198514329603,0.0,0.0,0.001242948718304991,0.07094680609314478,0.0,0.02122517905015124,0.021232856130329526,0.0,0.0,0.10552965700191343,0.0,0.0,0.0,0.0,0.14671473869520046,0.0,0.0,0.0,0.0,0.0,0.0,0.0,0.0,0.0,0.0,0.0,0.0,0.0
2023-09-15,0.08788082300645639,0.002282409247107445,0.0,0.16302288163541212,0.07639407714545537,0.19804863835620026,0.09217198514329603,0.0,0.0,0.0073051145307546275,0.07094680609314478,0.0,0.02122517905015124,0.02654162480937423,0.0,0.0,0.10432725975814561,0.0,0.0,0.0,0.0,0.14985320122450185,0.0,0.0,0.0,0.0,0.0,0.0,0.0,0.0,0.0,0.0,0.0,0.0,0.0
2023-09-22,0.0878808230064565,0.0,0.0,0.15911335481786448,0.07281667279236652,0.19804863835620026,0.09217198514329603,0.0,0.0,0.010943156275709473,0.07094680609314478,0.0,0.023675741623154254,0.029945391769353617,0.0,0.0,0.10909613018383131,0.0,0.0,0.0,0.0,0.14536129993862282,0.0,0.0,0.0,0.0,0.0,0.0,0.0,0.0,0.0,0.0,0.0,0.0,0.0
2023-09-29,0.16115782528087452,0.0,0.0,0.13035624103639515,0.06693129133510209,0.2028274292387588,0.08504220445480332,0.0,0.0,0.004482051734485465,0.06535805599776238,0.0,0.02169419177369676,0.026434505003508652,0.0,0.0,0.09642571446882425,0.0,0.0,0.0,0.0,0.13929048967578866,0.0,0.0,0.0,0.0,0.0,0.0,0.0,0.0,0.0,0.0,0.0,0.0,0.0
2023-10-06,0.1611578252808744,0.0019207006462511145,0.0,0.12405521774826866,0.07578584012666145,0.2028274292387588,0.08504220445480332,0.0,0.0,0.009187862488956307,0.06535805599776238,0.0,0.019684148457040924,0.023081610116950365,0.0,0.0,0.09551234303571268,0.0,0.0,0.0,0.0,0.13638676240795955,0.0,0.0,0.0,0.0,0.0,0.0,0.0,0.0,0.0,0.0,0.0,0.0,0.0
2023-10-13,0.16115782528087452,0.012884774157066417,0.0,0.12444047979906042,0.07503962434076202,0.2028274292387588,0.08504220445480332,0.0,0.0,0.0010910271223274809,0.06535805599776238,0.0,0.0270612093628285,0.019190211799001655,0.0,0.0,0.09194584131614797,0.0,0.0,0.0,0.0,0.13396131713060655,0.0,0.0,0.0,0.0,0.0,0.0,0.0,0.0,0.0,0.0,0.0,0.0,0.0
2023-10-20,0.1611578252808744,0.015290738623256325,0.0,0.120521313790979,0.07940276594825137,0.2028274292387588,0.08504220445480332,0.0,0.0,0.0,0.06535805599776238,0.0,0.02777055999209271,0.01945375987130368,0.0,0.0,0.0904083108456552,0.0,0.0,0.0,0.0,0.13276703595626274,0.0,0.0,0.0,0.0,0.0,0.0,0.0,0.0,0.0,0.0,0.0,0.0,0.0
2023-10-27,0.2649319083820987,0.013196344307228294,0.0,0.0458460759773741,0.06368967822397249,0.18974178862949242,0.06123616367646,0.0,0.0,0.0,0.10416128874059769,0.0,0.04411372444537135,0.016359342942511245,0.0,0.0,0.09256239593429605,0.0,0.0,0.0,0.0,0.10416128874059769,0.0,0.0,0.0,0.0,0.0,0.0,0.0,0.0,0.0,0.0,0.0,0.0,0.0
2023-11-03,0.2649319083820987,0.014569162724856973,0.0,0.04836204573503799,0.05930656072633369,0.1859301273264003,0.06376553935511133,0.0,0.0,0.0,0.10416128874059769,0.0,0.04639187829171533,0.018200531505088983,0.0,0.0,0.09021966847216138,0.0,0.0,0.0,0.0,0.10416128874059769,0.0,0.0,0.0,0.0,0.0,0.0,0.0,0.0,0.0,0.0,0.0,0.0,0.0
2023-11-10,0.2649319083820987,0.017220757495489243,0.0,0.04705646952019384,0.05647269027074867,0.1859301273264003,0.06609805299585686,0.0,0.0,0.0,0.10416128874059769,0.0,0.04016019436056981,0.017214182698723515,0.0,0.0,0.09659303946872372,0.0,0.0,0.0,0.0,0.10416128874059769,0.0,0.0,0.0,0.0,0.0,0.0,0.0,0.0,0.0,0.0,0.0,0.0,0.0
2023-11-17,0.2649319083820987,0.018692201184891566,0.0,0.0458460759773741,0.05190015874246464,0.19311111015214827,0.058056180269286724,0.0,0.0,0.0,0.10416128874059769,0.0,0.049821175709857654,0.015719665208506768,0.0,0.0,0.09359894689217627,0.0,0.0,0.0,0.0,0.10416128874059769,0.0,0.0,0.0,0.0,0.0,0.0,0.0,0.0,0.0,0.0,0.0,0.0,0.0
2023-11-24,1.1102230246251565e-16,0.10664099701733229,0.0,0.07882779137741612,0.003577914816611248,0.25369700023433833,0.17897150516937266,0.0,0.0,0.0,0.06755607028044149,0.0,0.03465032543773148,0.10475983444046448,0.0,0.0,0.08611826186784036,0.0,0.0,0.0,0.0,0.0,0.0,0.0,0.0,0.08520029935845148,0.0,0.0,0.0,0.0,0.0,0.0,0.0,0.0,0.0
2023-12-01,0.0,0.11143305135162931,0.0,0.07882779137741612,0.003271795442189137,0.25471013030810297,0.1832607177591916,0.0,0.0,0.0,0.06755607028044149,0.0,0.03551681669709364,0.0987609969707076,0.0,0.0,0.08146233045477658,0.0,0.0,0.0,0.0,0.0,0.0,0.0,0.0,0.08520029935845148,0.0,0.0,0.0,0.0,0.0,0.0,0.0,0.0,0.0
2023-12-08,1.1102230246251565e-16,0.11175178492481215,0.0,0.07882779137741612,0.009253719790547558,0.24882698682357357,0.1850194702923537,0.0,0.0,0.0,0.06755607028044149,0.0,0.022552677762810495,0.104738894534194,0.0,0.0,0.08627230485539941,0.0,0.0,0.0,0.0,0.0,0.0,0.0,0.0,0.08520029935845148,0.0,0.0,0.0,0.0,0.0,0.0,0.0,0.0,0.0
2023-12-15,0.0,0.11135139933400809,0.0,0.07882779137741612,0.0022533259925129365,0.243553327054218,0.18792994634816662,0.0,0.0,0.0,0.06755607028044149,0.0,0.01906827118686073,0.10641185350828207,0.0,0.0,0.09784771555964242,0.0,0.0,0.0,0.0,0.0,0.0,0.0,0.0,0.08520029935845148,0.0,0.0,0.0,0.0,0.0,0.0,0.0,0.0,0.0
2023-12-22,0.0,0.09270826219664778,0.0,0.09016597379177808,0.008134534255077491,0.24204520809802998,0.18193424766672284,0.0,0.0,0.0,0.06755607028044149,0.0,0.017644229078010002,0.1095587749691952,0.0,0.0,0.09959053961293679,0.0,0.0,0.0,0.0,0.005461860692708803,0.0,0.0,0.0,0.08520029935845148,0.0,0.0,0.0,0.0,0.0,0.0,0.0,0.0,0.0
2023-12-29,1.1102230246251565e-16,0.053114321389870954,0.0,0.10961016981522631,0.011699963205999678,0.2260821849093071,0.16086395558015537,0.0,0.0,0.0,0.06828921561938874,0.0,0.06828921561938874,0.07387442023298117,0.0,0.0,0.11612555439505774,0.0,0.0338241648069242,0.0,0.0,0.01057850481185149,0.0338241648069242,0.0,0.0,0.0338241648069242,0.0,0.0,0.0,0.0,0.0,0.0,0.0,0.0,0.0
2024-01-05,2.220446049250313e-16,0.05985306533249959,0.0,0.10383445452526653,0.008659777176566566,0.23397468721061276,0.1660758611349205,0.0,0.0,0.0,0.06828921561938874,0.0,0.06828921561938874,0.07224452568954112,0.0,0.0,0.10915391024015678,0.0,0.0338241648069242,0.0,0.0,0.006335593047599401,0.03564136479021076,0.0,0.0,0.0338241648069242,0.0,0.0,0.0,0.0,0.0,0.0,0.0,0.0,0.0
2024-01-12,2.220446049250313e-16,0.053114321389870954,0.0,0.10601230263274078,0.01041719298499955,0.22229808308340426,0.16754895237245065,0.0,0.0,0.007591045146910151,0.07003760706538256,0.0,0.06828921561938874,0.07030951382964694,0.0,0.0,0.11321733387921118,0.0,0.0338241648069242,0.0,0.0,0.007221108354094623,0.03629499402805108,0.0,0.0,0.0338241648069242,0.0,0.0,0.0,0.0,0.0,0.0,0.0,0.0,0.0
2024-01-19,2.220446049250313e-16,0.053114321389870954,0.0,0.09967419328683555,0.006298364739205327,0.21728119993113293,0.17487789936478787,0.0,0.0,0.008564054470669763,0.07696719394894327,0.0,0.06828921561938874,0.07027741110598511,0.0,0.0,0.11334733091073637,0.0,0.0338241648069242,0.0,0.0,0.0024027739735523385,0.04125771164504327,0.0,0.0,0.0338241648069242,0.0,0.0,0.0,0.0,0.0,0.0,0.0,0.0,0.0
2024-01-26,0.03874440174191429,0.12056000064728603,0.0,0.10063182327820376,0.00870571498015745,0.09482526772605485,0.2248333422763134,0.0,0.0,0.009646092161461275,0.1241403563303057,0.0,0.0,0.07884936799537773,0.0,0.0,0.11215125229030715,0.0,0.0,0.0,0.0,0.008605566728879776,0.04299988312132689,0.0,0.0,0.0353069307224117,0.0,0.0,0.0,0.0,0.0,0.0,0.0,0.0,0.0
2024-02-02,0.03874440174191429,0.12056000064728603,0.0,0.10240338508965938,0.007923158206823521,0.09482526772605485,0.2224306882538918,0.0,0.0,0.008871823394725578,0.12422507080391268,0.0,0.0,0.07974279741696606,0.0,0.0,0.11144528608609713,0.0,0.0,0.0,0.0,0.010382158389241966,0.04313903152101498,0.0,0.0,0.0353069307224117,0.0,0.0,0.0,0.0,0.0,0.0,0.0,0.0,0.0
2024-02-09,0.03874440174191429,0.12056000064728603,0.0,0.10201960831958304,0.009094130612558432,0.09482526772605485,0.2264700816413525,0.0,0.0,0.0020189871688249808,0.12056000064728603,0.0,0.0,0.08268742339856366,0.0,0.0,0.11553455785078708,0.0,0.0,0.0,0.0,0.008909781649432251,0.04326882787394514,0.0,0.0,0.0353069307224117,0.0,0.0,0.0,0.0,0.0,0.0,0.0,0.0,0.0
2024-02-16,0.03874440174191429,0.12056000064728603,0.0,0.10461527034224441,0.01493269036375838,0.09482526772605485,0.2240420597988466,0.0,0.0,0.002430707782591903,0.12381006696071259,0.0,0.0,0.07818085991185703,0.0,0.0,0.11143699708633922,0.0,0.0,0.0,0.0,0.008607029820310506,0.04250771709567252,0.0,0.0,0.0353069307224117,0.0,0.0,0.0,0.0,0.0,0.0,0.0,0.0,0.0
2024-02-23,0.07197068337759127,0.051257788707875104,0.0,0.03910149125778764,0.01569116477038855,0.2050544462354828,0.2223213181748009,0.0,0.0,0.004989258721926421,0.11327933581077426,0.0,0.0,0.07516067833960326,0.0,0.0,0.12261528072613775,0.0,0.0,0.0,0.0,0.00301238189631847,0.041230379218772664,0.0,0.0,0.034315792762540785,0.0,0.0,0.0,0.0,0.0,0.0,0.0,0.0,0.0
2024-03-01,0.07197068337759127,0.051257788707875104,0.0,0.04431753681430523,0.01525645252973779,0.2050544462354828,0.21711922475718806,0.0,0.0,0.00938019090434004,0.10731703735948103,0.0,0.0,0.07650680059699339,0.0,0.0,0.12221668412791087,0.0,0.0,0.0,0.0,0.007908561510104157,0.03737880031644939,0.0,0.0,0.034315792762540785,0.0,0.0,0.0,0.0,0.0,0.0,0.0,0.0,0.0
2024-03-08,0.07197068337759127,0.05921620104229619,0.0,0.044976068557120934,0.013791756997808956,0.2050544462354828,0.21880340258149333,0.0,0.0,0.0019487322597266418,0.11083306096052595,0.0,0.0,0.07418984569549458,0.0,0.0,0.12187829630825875,0.0,0.0,0.0,0.0,0.008705920459118924,0.034315792762540785,0.0,0.0,0.034315792762540785,0.0,0.0,0.0,0.0,0.0,0.0,0.0,0.0,0.0
2024-03-15,0.0719706833775915,0.06287071947011912,0.0,0.04307541227828902,0.012729298770901556,0.2050544462354828,0.21447166339776644,0.0,0.0,0.008831938693632713,0.10523580124106849,0.0,0.0,0.07495744759082197,0.0,0.0,0.12340253560102915,0.0,0.0,0.0,0.0,0.006696139388557841,0.036388121192198745,0.0,0.0,0.034315792762540785,0.0,0.0,0.0,0.0,0.0,0.0,0.0,0.0,0.0
2024-03-22,0.07197068337759138,0.051257788707875104,0.0,0.04641639275679387,0.015576607474019918,0.2050544462354828,0.2121355309825803,0.0,0.0,0.011479843995123059,0.10523580124106849,0.0,0.0,0.07667905384550855,0.0,0.0,0.12785514333645054,0.0,0.0,0.0,0.0,0.00770712252242439,0.034315792762540785,0.0,0.0,0.034315792762540785,0.0,0.0,0.0,0.0,0.0,0.0,0.0,0.0,0.0
2024-03-29,0.0,0.13149636366273507,0.0,0.09819483398347169,0.07642646320419436,0.0255037639601482,0.15611458144406604,0.0,0.0,0.009472641484928827,0.12726842572902683,0.0,0.0255037639601482,0.02113641694986243,0.0,0.0,0.17856969398518235,0.0,0.0255037639601482,0.0,0.0,0.009265480147282965,0.09004004356865658,0.0,0.0,0.0255037639601482,0.0,0.0,0.0,0.0,0.0,0.0,0.0,0.0,0.0
2024-04-05,1.1102230246251565e-16,0.1376401534966995,0.0,0.09788413404428323,0.07596862527888548,0.0255037639601482,0.15277218968917503,0.0,0.0,0.011523745561252357,0.12726842572902683,0.0,0.0255037639601482,0.022123843922933976,0.0,0.0,0.17965662666231874,0.0,0.0255037639601482,0.0,0.0,0.005458301213254219,0.0876888985615778,0.0,0.0,0.0255037639601482,0.0,0.0,0.0,0.0,0.0,0.0,0.0,0.0,0.0
2024-04-12,1.1102230246251565e-16,0.12726842572902683,0.0,0.10159922421031392,0.07794034461321961,0.02898310826960243,0.15277218968917503,0.0,0.0,0.011803402762327171,0.12726842572902683,0.0,0.0255037639601482,0.021414364888228708,0.0,0.0,0.17588201515729096,0.0,0.0255037639601482,0.0,0.0,0.010844520115930283,0.08771268695541355,0.0,0.0,0.0255037639601482,0.0,0.0,0.0,0.0,0.0,0.0,0.0,0.0,0.0
2024-04-19,0.0,0.1481607405943927,0.0,0.09783373323395562,0.07378972720467294,0.0255037639601482,0.15277218968917503,0.0,0.0,0.00897290058930022,0.12726842572902683,0.0,0.0255037639601482,0.017451773562064937,0.0,0.0,0.17617994171568052,0.0,0.0255037639601482,0.0,0.0,0.008985869927193081,0.08656964191394532,0.0,0.0,0.0255037639601482,0.0,0.0,0.0,0.0,0.0,0.0,0.0,0.0,0.0
2024-04-26,0.10749969654440483,0.1275624634406492,0.0,0.09622662940246486,0.12494875792358301,0.03175140462625563,0.19788671091446158,0.0,0.0,0.007505556533707884,0.056907621460750124,0.0,0.03175140462625563,0.016492111515943698,0.0,0.0,0.16287877985098548,0.0,0.0,0.0,0.0,0.006837458534282402,0.0,0.0,0.0,0.03175140462625563,0.0,0.0,0.0,0.0,0.0,0.0,0.0,0.0,0.0
2024-05-03,0.10749969654440483,0.12361241506469814,0.0,0.09160915008400025,0.12385490182810666,0.03175140462625563,0.19788671091446158,0.0,0.0,0.011701869115951134,0.056907621460750124,0.0,0.03175140462625563,0.017975523078972676,0.0,0.0,0.1673898378914772,0.0,0.0,0.0,0.0,0.006308060138410451,0.0,0.0,0.0,0.03175140462625563,0.0,0.0,0.0,0.0,0.0,0.0,0.0,0.0,0.0
2024-05-10,0.10749969654440483,0.13551362246420548,0.0,0.08740518446658285,0.11625514960808905,0.04526490171069685,0.19788671091446158,0.0,0.0,0.003123592781182713,0.056907621460750124,0.0,0.03175140462625563,0.017967282744272263,0.0,0.0,0.16597011468821093,0.0,0.0,0.0,0.0,0.002703313364632005,0.0,0.0,0.0,0.03175140462625563,0.0,0.0,0.0,0.0,0.0,0.0,0.0,0.0,0.0
2024-05-17,0.10749969654440483,0.13359789198623365,0.0,0.08740518446658285,0.11848197475023353,0.05890772205119767,0.19788671091446158,0.0,0.0,0.0033874846376928894,0.056907621460750124,0.0,0.03175140462625563,0.014397350713954206,0.0,0.0,0.15802555322197737,0.0,0.0,0.0,0.0,0.0,0.0,0.0,0.0,0.03175140462625563,0.0,0.0,0.0,0.0,0.0,0.0,0.0,0.0,0.0
2024-05-24,0.10749969654440494,0.1351923961709271,0.0,0.08740518446658285,0.11713353916994687,0.05957941669580925,0.19788671091446158,0.0,0.0,0.001858849132446551,0.056907621460750124,0.0,0.03175140462625563,0.009992719745628287,0.0,0.0,0.16304105644653122,0.0,0.0,0.0,0.0,0.0,0.0,0.0,0.0,0.03175140462625563,0.0,0.0,0.0,0.0,0.0,0.0,0.0,0.0,0.0
2024-05-31,0.0,0.1792603412406712,0.0,0.07137583837654542,0.0033134779740420575,0.25284989025812704,0.17475261831408267,0.0,0.0,0.004273214603776686,0.05126382756737402,0.0,0.12348879074670864,0.010232723099595362,0.0,0.0,0.08751830516784609,0.0,0.013890324217076939,0.0,0.0,0.0,0.013890324217076939,0.0,0.0,0.013890324217076939,0.0,0.0,0.0,0.0,0.0,0.0,0.0,0.0,0.0
2024-06-07,0.0,0.17499489927654724,0.0,0.06888750216284292,0.004185142743441203,0.25212619671198966,0.17475261831408267,0.0,0.0,0.0,0.05126382756737402,0.0,0.12348879074670864,0.012045141788273433,0.0,0.0,0.09030935087481425,0.0,0.013890324217076939,0.0,0.0,0.0,0.013890324217076939,0.0,0.0,0.020165881379772068,0.0,0.0,0.0,0.0,0.0,0.0,0.0,0.0,0.0
2024-06-14,0.0,0.17492833589432558,0.0,0.07505615293087138,0.0,0.2512242045649337,0.17475261831408267,0.0,0.0,0.0,0.05126382756737402,0.0,0.12348879074670864,0.011521462983205066,0.0,0.0,0.09015622209432526,0.0,0.013890324217076939,0.0,0.0,0.0042357466519866846,0.013890324217076939,0.0,0.0,0.015591989818033095,0.0,0.0,0.0,0.0,0.0,0.0,0.0,0.0,0.0
2024-06-21,0.0,0.16086229409700573,0.0,0.07561245596293416,0.0,0.2526502957426694,0.17475261831408267,0.0,0.0,0.0,0.05126382756737402,0.0,0.12348879074670864,0.014965686740469174,0.0,0.0,0.09153328504188815,0.0,0.013890324217076939,0.0,0.0,0.002356116500743969,0.013890324217076939,0.0,0.0,0.0247339808519702,0.0,0.0,0.0,0.0,0.0,0.0,0.0,0.0,0.0
2024-06-28,0.0,0.16636388925893952,0.0,0.07091374326940827,0.0,0.23892563429121594,0.17472758554500434,0.0,0.0,0.0,0.04451649433540268,0.0,0.018018727639435447,0.01859224034565575,0.0,0.0,0.08858054480033285,0.0,0.018018727639435447,0.0,0.0,0.0023084121318357816,0.018018727639435447,0.0,0.0,0.14101527310389853,0.0,0.0,0.0,0.0,0.0,0.0,0.0,0.0,0.0
2024-07-05,0.0,0.1709780506034679,0.0,0.07724353785501739,0.0027838330293192765,0.2383904715014873,0.17472758554500434,0.0,0.0,0.0,0.04451649433540268,0.0,0.018018727639435447,0.013469555179380427,0.0,0.0,0.08455234813968826,0.0,0.018018727639435447,0.0,0.0,0.009070849683324424,0.018018727639435447,0.0,0.0,0.13021109120960167,0.0,0.0,0.0,0.0,0.0,0.0,0.0,0.0,0.0
2024-07-12,0.0,0.16783224489892404,0.0,0.07574817893163747,0.0026942352536776827,0.2340380457188519,0.17472758554500434,0.0,0.0,0.0,0.04451649433540268,0.0,0.018018727639435447,0.017297914196291963,0.0,0.0,0.08898062835687127,0.0,0.018018727639435447,0.0,0.0,0.00989739863543063,0.018018727639435447,0.0,0.0,0.13021109120960167,0.0,0.0,0.0,0.0,0.0,0.0,0.0,0.0,0.0
2024-07-19,0.0,0.1685665877960484,0.0,0.06860999128558418,0.0,0.2364928515462903,0.17472758554500434,0.0,0.0,0.0,0.04451649433540268,0.0,0.018018727639435447,0.020473658248628342,0.0,0.0,0.09373359737769003,0.0,0.018018727639435447,0.0,0.0,0.0,0.018018727639435447,0.0,0.0,0.13882305094704542,0.0,0.0,0.0,0.0,0.0,0.0,0.0,0.0,0.0
2024-07-26,0.1012315527046509,0.12851717638415244,0.0,0.026669454791941168,0.0,0.21240496841502407,0.14864679889255808,0.0,0.0,0.0,0.12539396699339464,0.0,0.0,0.015552670370899854,0.0,0.0,0.10302421425840777,0.0,0.023252831899163447,0.0,0.0,0.0,0.023252831899163447,0.0,0.0,0.0920535333906442,0.0,0.0,0.0,0.0,0.0,0.0,0.0,0.0,0.0
2024-08-02,0.1012315527046509,0.12539396699339464,0.0,0.02824204058117085,0.007852682584310603,0.21680164121434137,0.14864679889255808,0.0,0.0,0.001948058954249279,0.12539396699339464,0.0,0.0,0.01607223056784312,0.0,0.0,0.10167784221952098,0.0,0.023252831899163447,0.0,0.0,0.0017376248198178214,0.023252831899163447,0.0,0.0,0.0784959296764208,0.0,0.0,0.0,0.0,0.0,0.0,0.0,0.0,0.0
2024-08-09,0.1012315527046509,0.12882175929760603,0.0,0.03313058818594507,0.003792378549389794,0.2159771486408667,0.14864679889255808,0.0,0.0,0.0,0.12539396699339464,0.0,0.0,0.012863638518767971,0.0,0.0,0.09839182815967629,0.0,0.023252831899163447,0.0,0.0,0.0029505117468966997,0.023252831899163447,0.0,0.0,0.08229416451192093,0.0,0.0,0.0,0.0,0.0,0.0,0.0,0.0,0.0
2024-08-16,0.1012315527046509,0.12539396699339464,0.0,0.029202830895343652,0.00781352485789315,0.214831271922348,0.14864679889255808,0.0,0.0,0.006053680907615565,0.12539396699339464,0.0,0.0,0.01101028534795762,0.0,0.0,0.09494940640377353,0.0,0.023252831899163447,0.0,0.0,0.003674255791472079,0.023252831899163447,0.0,0.0,0.08529279449127125,0.0,0.0,0.0,0.0,0.0,0.0,0.0,0.0,0.0
2024-08-23,0.101231552704651,0.12672956632535437,0.0,0.023252831899163447,0.0048540449833392625,0.21653435253754288,0.14864679889255808,0.0,0.0,0.007833468140742782,0.12539396699339464,0.0,0.0,0.013809665380915246,0.0,0.0,0.09740003072631415,0.0,0.023252831899163447,0.0,0.0,0.0012516386461438797,0.031313321194296063,0.0,0.0,0.0784959296764208,0.0,0.0,0.0,0.0,0.0,0.0,0.0,0.0,0.0
2024-08-30,0.1409181902664417,0.12444328039585745,0.0,0.07375770884001745,0.0,0.21085196929148559,0.14299886193917516,0.0,0.0,0.01259692254746485,0.12188613292256073,0.0,0.0,0.00885402682356951,0.0,0.0,0.0906031825145117,0.0,0.021112729016614415,0.0,0.0,0.0,0.030864266425686925,0.0,0.0,0.021112729016614415,0.0,0.0,0.0,0.0,0.0,0.0,0.0,0.0,0.0
2024-09-06,0.1409181902664418,0.12188613292256073,0.0,0.07375770884001745,0.0,0.21585270988901517,0.14299886193917516,0.0,0.0,0.0023642430910598648,0.12420863542856214,0.0,0.0,0.004938203858403077,0.0,0.0,0.08899280505719218,0.0,0.02652397740095172,0.0,0.0,0.0,0.03644580229000629,0.0,0.0,0.021112729016614415,0.0,0.0,0.0,0.0,0.0,0.0,0.0,0.0,0.0
2024-09-13,0.1409181902664418,0.12722962467253957,0.0,0.07375770884001745,0.0,0.21647198304326032,0.14299886193917516,0.0,0.0,0.002451042264653554,0.12188613292256073,0.0,0.0,0.0032613511723036046,0.0,0.0,0.08879301949854747,0.0,0.021112729016614415,0.0,0.0,0.0,0.03745888888868113,0.0,0.0,0.023660467475204762,0.0,0.0,0.0,0.0,0.0,0.0,0.0,0.0,0.0
2024-09-20,0.14091819026644192,0.12188613292256073,0.0,0.07375770884001745,0.0,0.21899681794484815,0.14299886193917516,0.0,0.0,0.00274249809860527,0.12188613292256073,0.0,0.0,0.009277036489955886,0.0,0.0,0.09228367601170676,0.0,0.021112729016614415,0.0,0.0,0.0,0.030214029528797374,0.0,0.0,0.02392618601871624,0.0,0.0,0.0,0.0,0.0,0.0,0.0,0.0,0.0
2024-09-27,0.14284659360004426,0.0,0.0,0.02241242277895972,0.0008501694386812849,0.21646077896053417,0.14374245935047583,0.0,0.0,0.0063908575761659064,0.12372724738094243,0.0,0.0,0.007225758758061046,0.0,0.0,0.08569594787627187,0.0,0.020015211969533393,0.0,0.0,0.0,0.21061734034079674,0.0,0.0,0.020015211969533393,0.0,0.0,0.0,0.0,0.0,0.0,0.0,0.0,0.0
2024-10-04,0.14284659360004415,0.003120028897849562,0.0,0.022640709410891198,0.0,0.2185379762366458,0.14374245935047583,0.0,0.0,0.002700414178039689,0.12372724738094243,0.0,0.0,0.005337672078747835,0.0,0.0,0.08587279271551052,0.0,0.020015211969533393,0.0,0.0,0.0,0.21144368221178617,0.0,0.0,0.020015211969533393,0.0,0.0,0.0,0.0,0.0,0.0,0.0,0.0,0.0
2024-10-11,0.14284659360004426,0.0017881900492153283,0.0,0.02105370567317161,0.0,0.21211906498278535,0.14374245935047583,0.0,0.0,0.00141619943964532,0.1323622336593604,0.0,0.0,0.0,0.0,0.0,0.08073427606847146,0.0,0.030765043846681363,0.0,0.0,0.0,0.21315702136061573,0.0,0.0,0.020015211969533393,0.0,0.0,0.0,0.0,0.0,0.0,0.0,0.0,0.0
2024-10-18,0.14284659360004415,0.00360691678594681,0.0,0.020015211969533393,0.0,0.2135377389342795,0.14374245935047583,0.0,0.0,0.0051411192453280595,0.12372724738094243,0.0,0.0,0.002651662244001877,0.0,0.0,0.08454144191058377,0.0,0.022351453724419143,0.0,0.0,0.0,0.21782294288491158,0.0,0.0,0.020015211969533393,0.0,0.0,0.0,0.0,0.0,0.0,0.0,0.0,0.0
2024-10-25,0.14451620178420765,0.0,0.0,0.02105136101948237,0.0,0.2128395614939783,0.018792191393146043,0.0,0.0,0.005425053561902235,0.1240691883019983,0.0,0.0,0.006720650862875757,0.0,0.0,0.08719642216791014,0.0,0.14286137969514434,0.0,0.0,0.0011430399074482994,0.21659275841876052,0.0,0.0,0.018792191393146043,0.0,0.0,0.0,0.0,0.0,0.0,0.0,0.0,0.0
2024-11-01,0.14451620178420765,0.003943448823147256,0.0,0.01998261115350938,0.0,0.21417915661801917,0.018792191393146043,0.0,0.0,0.0,0.1240691883019983,0.0,0.0,0.0052317758710377854,0.0,0.0,0.08361045709806544,0.0,0.14286137969514434,0.0,0.0,0.0,0.21462045310571098,0.0,0.0,0.028193136156013595,0.0,0.0,0.0,0.0,0.0,0.0,0.0,0.0,0.0
2024-11-08,0.14451620178420765,0.0017523207470658477,0.0,0.018792191393146043,0.0,0.21867649686489182,0.018792191393146043,0.0,0.0,0.0007739095102854287,0.1240691883019983,0.0,0.0,0.005372938960162113,0.0,0.0,0.084858721619227,0.0,0.14286137969514434,0.0,0.0,0.0,0.20588055263979238,0.0,0.0,0.03365390709093301,0.0,0.0,0.0,0.0,0.0,0.0,0.0,0.0,0.0
2024-11-15,0.14451620178420765,0.0020081515892160034,0.0,0.018792191393146043,0.0,0.21898746213033377,0.018792191393146043,0.0,0.0,0.0024270456685566333,0.1240691883019983,0.0,0.0,0.005640405644444418,0.0,0.0,0.08686390237796497,0.0,0.14286137969514434,0.0,0.0,0.0,0.20774646841142586,0.0,0.0,0.027295411610415966,0.0,0.0,0.0,0.0,0.0,0.0,0.0,0.0,0.0
2024-11-22,0.14451620178420765,0.0062488218595468745,0.0,0.018792191393146043,0.0,0.21595052180497776,0.018792191393146043,0.0,0.0,0.0023361435107111107,0.1240691883019983,0.0,0.0,0.007371824793155457,0.0,0.0,0.08519526399478919,0.0,0.14286137969514434,0.0,0.0,0.0,0.21386860742905855,0.0,0.0,0.019997664040118657,0.0,0.0,0.0,0.0,0.0,0.0,0.0,0.0,0.0
2024-11-29,0.1466659106903856,0.0021149495077312907,0.0,0.0,0.0,0.2235863130738322,0.06990423269389291,0.0,0.0,0.002357140397138807,0.12258146181351291,0.0,0.0,0.0065734083892773605,0.0,0.0,0.09471773484049223,0.0,0.0,0.0,0.0,0.0,0.2204944815811541,0.0,0.0,0.11100436701258276,0.0,0.0,0.0,0.0,0.0,0.0,0.0,0.0,0.0
2024-12-06,0.14666591069038537,0.0075818704390873196,0.0,0.0,0.0,0.22443530571079784,0.06990423269389291,0.0,0.0,0.0008161178688573154,0.12258146181351291,0.0,0.0,0.008649617562208004,0.0,0.0,0.09515765355263679,0.0,0.0,0.0,0.0,0.0,0.21053836694747347,0.0,0.0,0.11366946272114803,0.0,0.0,0.0,0.0,0.0,0.0,0.0,0.0,0.0
2024-12-13,0.14666591069038548,0.0024446015722225972,0.0,0.0,0.0,0.2163205379864143,0.06990423269389291,0.0,0.0,0.012770698759822927,0.12258146181351291,0.0,0.0,0.012219990620343674,0.0,0.0,0.09701600981677666,0.0,0.0,0.0,0.0,0.0,0.20972830939565046,0.0,0.0,0.11034824665097813,0.0,0.0,0.0,0.0,0.0,0.0,0.0,0.0,0.0
2024-12-20,0.14666591069038537,0.010926600285047983,0.0,0.0,0.0,0.2136066192512357,0.06990423269389291,0.0,0.0,0.010143685990025589,0.12258146181351291,0.0,0.0,0.011505832163535816,0.0,0.0,0.10073282821139729,0.0,0.0,0.0,0.0,0.0,0.20794682080879387,0.0,0.0,0.10598600809217248,0.0,0.0,0.0,0.0,0.0,0.0,0.0,0.0,0.0
2024-12-27,0.14408371950587961,0.08939813614549304,0.0,0.0,0.0,0.22437810377117495,0.06918131827399618,0.0,0.0,0.012468995324888538,0.0429022615901233,0.0,0.0,0.004439919768150076,0.0,0.0,0.09493024678126193,0.0,0.0,0.0,0.0,0.0,0.15749525830208316,0.0,0.0,0.16072204053694927,0.0,0.0,0.0,0.0,0.0,0.0,0.0,0.0,0.0
2025-01-03,0.1440837195058795,0.09284244283669645,0.0,0.0,0.0,0.21628397962260065,0.06918131827399618,0.0,0.0,0.0112145987373035,0.0429022615901233,0.0,0.0,0.00658000685480153,0.0,0.0,0.09763784674632706,0.0,0.0,0.0,0.0,0.0,0.15855178529532254,0.0,0.0,0.16072204053694927,0.0,0.0,0.0,0.0,0.0,0.0,0.0,0.0,0.0
2025-01-10,0.1440837195058795,0.0932003961343142,0.0,0.0,0.0,0.2089981650079764,0.07404066478542888,0.0,0.0,0.010682831059237903,0.0429022615901233,0.0,0.0,0.012065819012001388,0.0,0.0,0.0949376441434102,0.0,0.0,0.0,0.0,0.0,0.15836645822467887,0.0,0.0,0.16072204053694927,0.0,0.0,0.0,0.0,0.0,0.0,0.0,0.0,0.0
2025-01-17,0.14408371950587961,0.0953557020477701,0.0,0.0,0.0,0.21332940724195532,0.06918131827399618,0.0,0.0,0.008449157850708397,0.0429022615901233,0.0,0.0,0.013707734658332998,0.0,0.0,0.09648339198768731,0.0,0.0,0.0,0.0,0.0,0.15578526630659756,0.0,0.0,0.16072204053694927,0.0,0.0,0.0,0.0,0.0,0.0,0.0,0.0,0.0
2025-01-24,0.1440837195058795,0.09219179152165534,0.0,0.0,0.0,0.21353971602554994,0.08430899566553644,0.0,0.0,0.004399802942977924,0.0429022615901233,0.0,0.0,0.011305833585110638,0.0,0.0,0.09342680743189082,0.0,0.0,0.0,0.0,0.0,0.15008921671167724,0.0,0.0,0.16375185501959877,0.0,0.0,0.0,0.0,0.0,0.0,0.0,0.0,0.0
2025-01-31,0.04054793025009196,0.16490340247084811,0.0,0.017440837636995478,0.0,0.23452328028266914,0.17161791398683832,0.0,0.0,0.0055843706086210155,0.042356597371101055,0.0,0.017440837636995478,0.015773190344763325,0.0,0.0,0.0910534112463891,0.0,0.0,0.0,0.0,0.0,0.017440837636995478,0.0,0.0,0.1813173905276915,0.0,0.0,0.0,0.0,0.0,0.0,0.0,0.0,0.0
2025-02-07,0.04054793025009196,0.1708530428808155,0.0,0.017440837636995478,0.0,0.23522429675420617,0.16643823104605385,0.0,0.0,0.00791139072913905,0.042356597371101055,0.0,0.017440837636995478,0.015490837358074104,0.0,0.0,0.0890319826732203,0.0,0.0,0.0,0.0,0.0,0.018719757482836046,0.0,0.0,0.17854425818047098,0.0,0.0,0.0,0.0,0.0,0.0,0.0,0.0,0.0
2025-02-14,0.04054793025009207,0.16884702648526662,0.0,0.017440837636995478,0.0,0.238416877065089,0.18517920305993724,0.0,0.0,0.0,0.042356597371101055,0.0,0.01861703919738853,0.011286553599017111,0.0,0.0,0.08132283951764654,0.0,0.0,0.0,0.0,0.0,0.017440837636995478,0.0,0.0,0.17854425818047098,0.0,0.0,0.0,0.0,0.0,0.0,0.0,0.0,0.0
2025-02-21,0.04054793025009196,0.17422227019390263,0.0,0.017440837636995478,0.0,0.23971359032926495,0.16643823104605385,0.0,0.0,0.002074657181532948,0.042356597371101055,0.0,0.017440837636995478,0.016651388414129498,0.0,0.0,0.08712856412246561,0.0,0.0,0.0,0.0,0.0,0.017440837636995478,0.0,0.0,0.17854425818047098,0.0,0.0,0.0,0.0,0.0,0.0,0.0,0.0,0.0
2025-02-28,0.32004940424083783,0.09960408142895233,0.0,0.017401755802936146,0.0,0.17041675038114604,0.10024879695416375,0.0,0.0,0.001989418730502287,0.03979460314773607,0.0,0.05467316098157722,0.013074157207816538,0.0,0.0,0.09075340972457765,0.0,0.0,0.0,0.0,0.0,0.07459270559681802,0.0,0.0,0.017401755802936146,0.0,0.0,0.0,0.0,0.0,0.0,0.0,0.0,0.0
2025-03-07,0.32004940424083783,0.09886150177850668,0.0,0.017401755802936146,0.0,0.17049866088214577,0.10506512567413043,0.0,0.0,0.0009542582456331045,0.03979460314773607,0.0,0.05467316098157722,0.0119396420425159,0.0,0.0,0.0887674258042267,0.0,0.0,0.0,0.0,0.0,0.07459270559681802,0.0,0.0,0.017401755802936146,0.0,0.0,0.0,0.0,0.0,0.0,0.0,0.0,0.0
2025-03-14,0.32004940424083783,0.09683142744760154,0.0,0.017401755802936146,0.0,0.17596624583290757,0.09446776412931329,0.0,0.0,0.0021650513592906474,0.03979460314773607,0.0,0.05467316098157722,0.014273130436730652,0.0,0.0,0.0909202500927476,0.0,0.0,0.0,0.0,0.0,0.07459270559681802,0.0,0.0,0.018864500931503422,0.0,0.0,0.0,0.0,0.0,0.0,0.0,0.0,0.0
2025-03-21,0.32004940424083783,0.09521255563655945,0.0,0.017401755802936146,0.0,0.17402434432083297,0.09446776412931329,0.0,0.0,0.004019831769994967,0.03979460314773607,0.0,0.05467316098157722,0.014528679913165511,0.0,0.0,0.08974359428829576,0.0,0.0,0.0,0.0,0.0,0.07459270559681802,0.0,0.0,0.0214916001719328,0.0,0.0,0.0,0.0,0.0,0.0,0.0,0.0,0.0
2025-03-28,0.7162480891899401,0.039799486151319244,0.0,0.012364426519285815,0.0,0.07415507094066615,0.043332506863925604,0.0,0.0,0.0,0.016544019332397478,0.0,0.027316201537888683,0.004255781987971166,0.0,0.0,0.026794312419854156,0.0,0.0,0.0,0.0,0.0,0.00184295738698047,0.0,0.0,0.03734714766977115,0.0,0.0,0.0,0.0,0.0,0.0,0.0,0.0,0.0
2025-04-04,0.7162480891899401,0.04170544159831277,0.0,0.011630223483190216,0.0,0.07418844410365968,0.04852005808706544,0.0,0.0,0.0,0.016544019332397478,0.0,0.02678848753152812,0.0008181519244849449,0.0,0.0,0.024867947112645616,0.0,0.0,0.0,0.0,0.0,0.005599780629989093,0.0,0.0,0.03308935700678653,0.0,0.0,0.0,0.0,0.0,0.0,0.0,0.0,0.0
2025-04-11,0.7162480891899401,0.03962788072037028,0.0,0.01525514742159938,0.0,0.07178331577103571,0.04992889676937756,0.0,0.0,0.0,0.016544019332397478,0.0,0.02678848753152812,0.0,0.0,0.0,0.021949650712365727,0.0,0.0,0.0,0.0,0.003623697499409555,0.003915185412173795,0.0,0.0,0.03433562963980231,0.0,0.0,0.0,0.0,0.0,0.0,0.0,0.0,0.0
2025-04-18,0.7162480891899401,0.037998777655992064,0.0,0.015021628488828605,0.0010514251443739355,0.07150152242554238,0.05046395243299272,0.0,0.0,0.0,0.016544019332397478,0.0,0.02678848753152812,0.0,0.0,0.0,0.021949650712365727,0.0,0.0,0.0,0.0,0.0034077831678927125,0.0023469792101248675,0.0,0.0,0.03667768470802132,0.0,0.0,0.0,0.0,0.0,0.0,0.0,0.0,0.0
2025-04-25,0.7063732234264362,0.010210512459267726,0.0,0.024124962765326764,0.0029246832317135563,0.06486537197277589,0.06028135260718363,0.0,0.0,0.0,0.03296578040128215,0.0,0.0,0.0,0.0,0.0,0.0,0.0,0.0,0.0,0.0,0.005137545054683657,0.05366460766504889,0.0,0.0,0.03945196041628157,0.0,0.0,0.0,0.0,0.0,0.0,0.0,0.0,0.0
2025-05-02,0.7063732234264362,0.012819670952027521,0.0,0.026191173893873272,0.00153440820584129,0.06799675519248402,0.05299281859416578,0.0,0.0,0.0,0.03193071984200503,0.0,0.0,0.0,0.0,0.0,0.0,0.0,0.0,0.0,0.0,0.006490956537651381,0.053093070490504136,0.0,0.0,0.040577202865011396,0.0,0.0,0.0,0.0,0.0,0.0,0.0,0.0,0.0
2025-05-09,0.7063732234264362,0.012547150677724024,0.0,0.01883556004653338,0.0,0.06627686158559497,0.05874459983058418,0.0,0.0,0.0,0.04352269172130615,0.0,0.0007066936091386161,0.0,0.0,0.0,0.0,0.0,0.0070029439452232506,0.0,0.0,0.0,0.051800761307568194,0.0,0.0,0.03418951384989111,0.0,0.0,0.0,0.0,0.0,0.0,0.0,0.0,0.0
2025-05-16,0.7063732234264362,0.016158216901773798,0.0,0.02316995820547999,0.0,0.07009171701992138,0.05878620988152798,0.0,0.0,0.0,0.0355417155672078,0.0,0.0,0.0,0.0,0.0,0.0,0.0,0.0,0.0,0.0,0.0030554681942164715,0.051800761307568194,0.0,0.0,0.0350227294958682,0.0,0.0,0.0,0.0,0.0,0.0,0.0,0.0,0.0
2025-05-23,0.7063732234264362,0.015151089614427338,0.0,0.025086511852045638,0.001044884509587068,0.0683668329646906,0.059881310456773085,0.0,0.0,0.0,0.03347776785959554,0.0,0.0,0.0,0.0,0.0,0.0,0.0,0.0,0.0,0.0,0.004628104158985291,0.051800761307568194,0.0,0.0,0.03418951384989111,0.0,0.0,0.0,0.0,0.0,0.0,0.0,0.0,0.0
2025-05-30,0.638336819024065,0.032243760104108676,0.0,0.019089861243530508,0.004950766315066637,0.0888672719915717,0.08826601553742458,0.0,0.0,0.0,0.05000552488447259,0.0,0.0,0.0,0.0,0.0,0.0114092553842866,0.0,0.028752614268048773,0.0,0.0,0.0074914459428060765,0.019177409920332195,0.0,0.0,0.0114092553842866,0.0,0.0,0.0,0.0,0.0,0.0,0.0,0.0,0.0
2025-06-06,0.638336819024065,0.030847179375359038,0.0,0.02023247177119677,0.003955220450244623,0.08895104461050299,0.08396381438081356,0.0,0.0,0.0,0.04699672740064885,0.0,0.0,0.0,0.0,0.0,0.0114092553842866,0.0,0.028752614268048773,0.0,0.0,0.008058885914415703,0.019177409920332195,0.0,0.0,0.019318557500085848,0.0,0.0,0.0,0.0,0.0,0.0,0.0,0.0,0.0
2025-06-13,0.638336819024065,0.03325236590379716,0.0,0.019290016649450487,0.0036241094317841387,0.09099009773063997,0.08281667060036503,0.0,0.0,0.0,0.04699672740064885,0.0,0.0,0.0,0.0,0.0,0.0114092553842866,0.0,0.028752614268048773,0.0,0.0,0.007571035812285129,0.019177409920332195,0.0,0.0,0.01778287787429663,0.0,0.0,0.0,0.0,0.0,0.0,0.0,0.0,0.0
2025-06-20,0.638336819024065,0.028411837355478073,0.0,0.02101536777744423,0.0026570028167437363,0.09182202363529153,0.08043786142558564,0.0,0.0,0.0,0.04699672740064885,0.0,0.0,0.00287970979484219,0.0,0.0,0.013520582040487833,0.0,0.028752614268048773,0.0,0.0,0.008499217789842306,0.019177409920332195,0.0,0.0,0.017492826751189593,0.0,0.0,0.0,0.0,0.0,0.0,0.0,0.0,0.0
2025-06-27,0.11449146610965033,0.05879539646670176,0.0365987674395506,0.06793893801571749,0.005232502065914141,0.18141591885661223,0.1336017635020513,0.0,0.0,0.0,0.04766812989279012,0.0,0.018862676813525377,0.0022902045176205967,0.0,0.0,0.018862676813525377,0.0,0.0,0.0,0.0,0.07901262162109213,0.0365987674395506,0.0,0.0,0.16203140300614732,0.0,0.0,0.0,0.0,0.0,0.0,0.0365987674395506,0.0,0.0
2025-07-04,0.11449146610965033,0.05642920521709943,0.0365987674395506,0.06927819767500429,0.009406860138851747,0.18282633600750403,0.12976467791964613,0.0,0.0,0.0,0.04766812989279012,0.0,0.018862676813525377,0.0057685974162126835,0.0,0.0,0.01986524388106657,0.0,0.0,0.0,0.0,0.08032236756018937,0.0365987674395506,0.0,0.0,0.15551993904980804,0.0,0.0,0.0,0.0,0.0,0.0,0.0365987674395506,0.0,0.0
2025-07-11,0.11449146610965044,0.05655520270571283,0.0365987674395506,0.06839796117406383,0.007643575693062007,0.18319324459959052,0.12976467791964613,0.0,0.0,0.0,0.04766812989279012,0.0,0.018862676813525377,0.007596071683456167,0.0,0.0,0.020918874885293967,0.0,0.0,0.0,0.0,0.07940226916552315,0.0365987674395506,0.0,0.0,0.15570954703903372,0.0,0.0,0.0,0.0,0.0,0.0,0.0365987674395506,0.0,0.0
2025-07-18,0.11449146610965033,0.04949314049279171,0.0365987674395506,0.06774002003632829,0.007879950346662204,0.18377180715442293,0.12976467791964613,0.0,0.0,0.0,0.04766812989279012,0.0,0.018862676813525377,0.004388146193598696,0.0,0.0,0.021016057544217627,0.0,0.0,0.0,0.0,0.08124867337323535,0.0365987674395506,0.0,0.0,0.16387895180447937,0.0,0.0,0.0,0.0,0.0,0.0,0.0365987674395506,0.0,0.0
2025-07-25,0.1388192108507036,0.04797504865852107,0.0,0.15798330302677532,0.002023970045429954,0.1623330343906973,0.12216534849977295,0.0,0.0,0.0,0.04797504865852107,0.0,0.018771262760576942,0.0049500436745626205,0.0,0.0,0.019367020869755936,0.0,0.0,0.0,0.0,0.11636313508705591,0.06509881857112679,0.0,0.0,0.048925032009960026,0.0,0.0,0.0,0.0,0.0,0.0,0.0472497228965405,0.0,0.0
2025-08-01,0.1388192108507036,0.04797504865852107,0.0,0.15635490774320893,0.0035963370036227525,0.16082959034816754,0.12503152997484993,0.0,0.0,0.0,0.04797504865852107,0.0,0.01784909567458628,0.004974687385732889,0.0,0.0,0.0198693580611567,0.0,0.0,0.0,0.0,0.11452358480596785,0.06509881857112679,0.0,0.0,0.0498530593672941,0.0,0.0,0.0,0.0,0.0,0.0,0.0472497228965405,0.0,0.0
2025-08-08,0.1388192108507037,0.04797504865852107,0.0,0.15456026247908589,0.002770496085879671,0.1635376707965054,0.12216534849977295,0.0,0.0,0.0,0.04797504865852107,0.0,0.01784909567458628,0.007171045830059155,0.0,0.0,0.020245408286083837,0.0,0.0,0.0,0.0,0.11545489625996475,0.06509881857112679,0.0,0.0,0.049127926452649046,0.0,0.0,0.0,0.0,0.0,0.0,0.0472497228965405,0.0,0.0
2025-08-15,0.1388192108507036,0.04797504865852107,0.0,0.15720914526081015,0.0013739276920682376,0.1618132043535114,0.12216534849977295,0.0,0.0,0.0,0.04797504865852107,0.0,0.01784909567458628,0.0059135155317163735,0.0,0.0,0.021846566588127482,0.0,0.0,0.0,0.0,0.1155462750060502,0.06509881857112679,0.0,0.0,0.04916507175794389,0.0,0.0,0.0,0.0,0.0,0.0,0.0472497228965405,0.0,0.0
2025-08-22,0.1388192108507037,0.04797504865852107,0.0,0.1540678096720245,0.0014346781708522455,0.16247749127649222,0.12216534849977295,0.0,0.0,0.0,0.04797504865852107,0.0,0.01784909567458628,0.004835097194038455,0.0,0.0,0.02037149223386262,0.0,0.0,0.0,0.0,0.11514019698074322,0.06509881857112679,0.0,0.0,0.05454094066221449,0.0,0.0,0.0,0.0,0.0,0.0,0.0472497228965405,0.0,0.0
2025-08-29,0.0,0.0,0.0,0.04344394814762683,0.0026306475766376502,0.22699810680020377,0.10131625023067176,0.0,0.0,0.0,0.06776053378176165,0.0,0.17434189566995678,0.006960225840176527,0.0,0.0,0.07148661317608923,0.0,0.0335557164489101,0.0,0.0,0.08830937119417748,0.0335557164489101,0.0,0.0,0.14964097468487805,0.0,0.0,0.0,0.0,0.0,0.0,0.0,0.0,0.0
2025-09-05,0.0,0.0,0.0,0.03976551661066051,0.002435828574146733,0.2267013802538349,0.10546000174753772,0.0,0.0,0.0,0.06776053378176165,0.0,0.17434189566995678,0.008196874522463468,0.0,0.0,0.0712662827006563,0.0,0.0335557164489101,0.0,0.0,0.08292985896636787,0.0335557164489101,0.0,0.0,0.1540303942747938,0.0,0.0,0.0,0.0,0.0,0.0,0.0,0.0,0.0
2025-09-12,0.0,0.0,0.0,0.038479772617261605,0.006146773005033382,0.22590117366349083,0.10538842231477523,0.0,0.0,0.0,0.06776053378176165,0.0,0.17434189566995678,0.009475271027920965,0.0,0.0,0.0711290912547276,0.0,0.0335557164489101,0.0,0.0,0.08349529331302416,0.0335557164489101,0.0,0.0,0.15077034045422757,0.0,0.0,0.0,0.0,0.0,0.0,0.0,0.0,0.0
2025-09-19,0.0,0.0,0.0,0.04169565437706385,0.008734798277423014,0.22370573618361256,0.10131625023067176,0.0,0.0,0.0009334616233248009,0.06776053378176165,0.0,0.17434189566995678,0.010582250523579839,0.0,0.0,0.07125191642250586,0.0,0.0335557164489101,0.0,0.0,0.08384117265663733,0.0335557164489101,0.0,0.0,0.1487248973556423,0.0,0.0,0.0,0.0,0.0,0.0,0.0,0.0,0.0
2025-09-26,0.11430135342021952,0.0511296155741153,0.04132476016058695,0.06410835750985941,0.007088709165286155,0.158338339020397,0.11725275068563289,0.0,0.0,0.0016492483256794837,0.0511296155741153,0.0,0.026855227475505835,0.0050669497483807995,0.0,0.0,0.030327544974474825,0.0,0.026855227475505835,0.0,0.0,0.09400639869559978,0.026855227475505835,0.0,0.0,0.1423859145585482,0.0,0.0,0.0,0.0,0.0,0.0,0.04132476016058695,0.0,0.0
2025-10-03,0.11430135342021952,0.0511296155741153,0.04132476016058695,0.06300593033927025,0.005869520545086388,0.15639713227155677,0.11725275068563289,0.0,0.0,0.0019908356473246785,0.0511296155741153,0.0,0.026855227475505835,0.008972839675965641,0.0,0.0,0.03102709338215824,0.0,0.026855227475505835,0.0,0.0,0.09449752006654155,0.026855227475505835,0.0,0.0,0.14121059007032213,0.0,0.0,0.0,0.0,0.0,0.0,0.04132476016058695,0.0,0.0
2025-10-10,0.11430135342021952,0.0511296155741153,0.04132476016058695,0.06271460992183749,0.00901225212722301,0.15679700780048195,0.11725275068563289,0.0,0.0,0.0026229242006046527,0.0511296155741153,0.0,0.026855227475505835,0.010070996545955472,0.0,0.0,0.031011816355620038,0.0,0.026855227475505835,0.0,0.0,0.09177624673997098,0.026855227475505835,0.0,0.0,0.13896560830653204,0.0,0.0,0.0,0.0,0.0,0.0,0.04132476016058695,0.0,0.0
2025-10-17,0.11430135342021952,0.0511296155741153,0.04132476016058695,0.059709722798000714,0.009733662730337796,0.1562605011928983,0.11725275068563289,0.0,0.0,0.0035285127413142324,0.0511296155741153,0.0,0.026855227475505835,0.007934640828784104,0.0,0.0,0.03225639298657741,0.0,0.026855227475505835,0.0,0.0,0.08970146769639381,0.026855227475505835,0.0,0.0,0.1438465610239193,0.0,0.0,0.0,0.0,0.0,0.0,0.04132476016058695,0.0,0.0
2025-10-24,0.11430135342021941,0.0511296155741153,0.04132476016058695,0.06001994898688054,0.008335432082479083,0.15569252123518013,0.11725275068563289,0.0,0.0,0.003603123272063963,0.0511296155741153,0.0,0.026855227475505835,0.010722734454898485,0.0,0.0,0.03263547198525274,0.0,0.026855227475505835,0.0,0.0,0.08885720081983667,0.026855227475505835,0.0,0.0,0.1431050291616341,0.0,0.0,0.0,0.0,0.0,0.0,0.04132476016058695,0.0,0.0
2025-10-31,0.10636419315190881,0.05634580346026833,0.02516343012369045,0.08949106382810898,0.032576551089340676,0.17217868364780028,0.13098114913793132,0.0,0.0,0.0035617098152014525,0.1028005449619849,0.0,0.02818060417594642,0.01081707504751005,0.0,0.0,0.034050273874693504,0.0,0.02818060417594642,0.0,0.0,0.08103665023159726,0.02818060417594642,0.0,0.0,0.07009105910212468,0.0,0.0,0.0,0.0,0.0,0.0,0.0,0.0,0.0
2025-11-07,0.10636419315190881,0.05634580346026833,0.02516343012369045,0.09020191250693879,0.03140442506901525,0.17171535950333927,0.13098114913793132,0.0,0.0,0.004941624828623518,0.1028005449619849,0.0,0.02818060417594642,0.008740693918331561,0.0,0.0,0.03359897862548157,0.0,0.02818060417594642,0.0,0.0,0.08380846079068185,0.02818060417594642,0.0,0.0,0.06939161139396505,0.0,0.0,0.0,0.0,0.0,0.0,0.0,0.0,0.0
2025-11-14,0.10636419315190881,0.05634580346026833,0.02516343012369045,0.09104414014629228,0.029703904749621857,0.1722356520242756,0.13098114913793132,0.0,0.0,0.003310593683455721,0.1028005449619849,0.0,0.02818060417594642,0.010129878971303663,0.0,0.0,0.034346709802927186,0.0,0.02818060417594642,0.0,0.0,0.08456991401258375,0.02818060417594642,0.0,0.0,0.06846227324591685,0.0,0.0,0.0,0.0,0.0,0.0,0.0,0.0,0.0
2025-11-21,0.10636419315190881,0.05634580346026833,0.02516343012369045,0.09054379216203882,0.032317260736981636,0.17292481308031915,0.13098114913793132,0.0,0.0,0.0034813940322173244,0.1028005449619849,0.0,0.02818060417594642,0.008781861165533473,0.0,0.0,0.03447523094831728,0.0,0.02818060417594642,0.0,0.0,0.08275803585379088,0.02818060417594642,0.0,0.0,0.06852067865717833,0.0,0.0,0.0,0.0,0.0,0.0,0.0,0.0,0.0
2025-11-28,0.21962582649663254,0.0,0.015045446019174272,0.08145659179586222,0.006110422860654721,0.1560451602456456,0.08758861385263202,0.0,0.0,0.0034053992193104603,0.08326489326074805,0.0,0.027945718625603987,0.011553590521672725,0.0,0.0,0.03550206477947884,0.0,0.11121061188635203,0.0,0.0,0.04810720084581966,0.027945718625603987,0.0,0.0,0.08519274096480896,0.0,0.0,0.0,0.0,0.0,0.0,0.0,0.0,0.0
2025-12-05,0.21962582649663243,0.0,0.015045446019174272,0.08043356749472054,0.006860660286481514,0.1559046400547746,0.08758861385263202,0.0,0.0,0.004345831911426054,0.08326489326074805,0.0,0.027945718625603987,0.011604696896993734,0.0,0.0,0.036801912085411545,0.0,0.11121061188635203,0.0,0.0,0.04704868487200629,0.027945718625603987,0.0,0.0,0.08437317763143891,0.0,0.0,0.0,0.0,0.0,0.0,0.0,0.0,0.0
2025-12-12,0.21962582649663243,0.0,0.015045446019174272,0.07984187807874503,0.007414075599914245,0.15726894035354397,0.08758861385263202,0.0,0.0,0.0028614317497293014,0.08326489326074805,0.0,0.027945718625603987,0.012228444274595964,0.0,0.0,0.036103271174064984,0.0,0.11121061188635203,0.0,0.0,0.04659248201011002,0.027945718625603987,0.0,0.0,0.08506264799254966,0.0,0.0,0.0,0.0,0.0,0.0,0.0,0.0,0.0
2025-12-19,0.21962582649663243,0.0,0.015045446019174272,0.08074592499830711,0.00793586919596127,0.157067680610858,0.08758861385263202,0.0,0.0,0.0017965456370601027,0.08326489326074805,0.0,0.027945718625603987,0.011656606340971525,0.0,0.0,0.037024262309497194,0.0,0.11121061188635203,0.0,0.0,0.04744733033787409,0.027945718625603987,0.0,0.0,0.08369895180272391,0.0,0.0,0.0,0.0,0.0,0.0,0.0,0.0,0.0
2025-12-26,0.11478433820308565,0.0,0.009008184629465763,0.06815590227059613,0.007734009808418657,0.1961943886352715,0.09260843983186479,0.0,0.0,0.002099998723562413,0.11618307437519136,0.0,0.030480391138664735,0.012987594874310358,0.0,0.0,0.03843463277226506,0.0,0.09260843983186479,0.0,0.0,0.07485144503026904,0.0,0.0,0.0,0.1348609752457039,0.0,0.0,0.0,0.0,0.0,0.0,0.009008184629465763,0.0,0.0
2026-01-02,0.11478433820308576,0.0,0.009008184629465763,0.06664541712783403,0.0045670562617324524,0.19327132481771586,0.09260843983186479,0.0,0.0,0.007080634054559856,0.11618307437519136,0.0,0.030480391138664735,0.014137225391186612,0.0,0.0,0.04236929273694711,0.0,0.09260843983186479,0.0,0.0,0.07412972588587181,0.0,0.0,0.0,0.13311827108454932,0.0,0.0,0.0,0.0,0.0,0.0,0.009008184629465763,0.0,0.0
2026-01-09,0.11478433820308576,0.0,0.009008184629465763,0.06758957673379758,0.008740689216142341,0.192185622357366,0.09260843983186479,0.0,0.0,0.006344870821777659,0.11618307437519136,0.0,0.030480391138664735,0.013290680045175803,0.0,0.0,0.04309417203812947,0.0,0.09260843983186479,0.0,0.0,0.07235272803669368,0.0,0.0,0.0,0.13172060811131453,0.0,0.0,0.0,0.0,0.0,0.0,0.009008184629465763,0.0,0.0
2026-01-16,0.11478433820308576,0.0,0.009008184629465763,0.06741283572737986,0.010085131089809215,0.19166156579255145,0.09260843983186479,0.0,0.0,0.011155868101597086,0.11618307437519136,0.0,0.030480391138664735,0.010665515249205249,0.0,0.0,0.03978678339901282,0.0,0.09260843983186479,0.0,0.0,0.07197038670431231,0.0,0.0,0.0,0.13258086129652907,0.0,0.0,0.0,0.0,0.0,0.0,0.009008184629465763,0.0,0.0
2026-01-23,0.11478433820308576,0.0,0.009008184629465763,0.0701188145472744,0.007569543347071363,0.19044522896110208,0.09260843983186479,0.0,0.0,0.008062696808733357,0.11618307437519136,0.0,0.030480391138664735,0.013226682554686552,0.0,0.0,0.04030532537490695,0.0,0.09260843983186479,0.0,0.0,0.07497570176357236,0.0,0.0,0.0,0.13061495400305,0.0,0.0,0.0,0.0,0.0,0.0,0.009008184629465763,0.0,0.0
2026-01-30,0.12199702248233768,0.0,0.0,0.07301494427969393,0.065413002823347,0.18803267801794005,0.08950426361626496,0.0,0.0,0.006157814604508881,0.11801740200682828,0.0,0.0270393967345427,0.012532213334344348,0.0,0.0,0.03954977715344305,0.0,0.08950426361626496,0.0,0.0,0.07331236290286412,0.0270393967345427,0.0,0.0,0.06888546169307738,0.0,0.0,0.0,0.0,0.0,0.0,0.0,0.0,0.0
2026-02-06,0.12199702248233757,0.0,0.0,0.07832818814740032,0.06719473177009572,0.18767805140882968,0.08950426361626496,0.0,0.0,0.004271882723810794,0.11801740200682828,0.0,0.0270393967345427,0.008642010829190526,0.0,0.0,0.0326541994552315,0.0,0.08950426361626496,0.0,0.0,0.07621323891590916,0.0270393967345427,0.0,0.0,0.07191595155875112,0.0,0.0,0.0,0.0,0.0,0.0,0.0,0.0,0.0
2026-02-13,0.12199702248233768,0.0,0.0,0.07458034720042615,0.06850497020877903,0.18792542728550343,0.08950426361626496,0.0,0.0,0.010403260871818122,0.11801740200682828,0.0,0.0270393967345427,0.009479744133616753,0.0,0.0,0.03251937770385935,0.0,0.08950426361626496,0.0,0.0,0.07475246176708232,0.0270393967345427,0.0,0.0,0.06873266563813364,0.0,0.0,0.0,0.0,0.0,0.0,0.0,0.0,0.0
2026-02-20,0.12199702248233757,0.0,0.0,0.0751685748172239,0.06951975821859459,0.18853294469215057,0.08950426361626496,0.0,0.0,0.01337100382841639,0.11801740200682828,0.0,0.0270393967345427,0.004036975010891025,0.0,0.0,0.03136839901957092,0.0,0.08950426361626496,0.0,0.0,0.07561438740881561,0.0270393967345427,0.0,0.0,0.06928621181355579,0.0,0.0,0.0,0.0,0.0,0.0,0.0,0.0,0.0
2026-02-27,0.11750056097230321,0.0,0.0,0.0703832838852951,0.009169142649118943,0.13264411736078052,0.14729428380345383,0.0,0.0,0.011746705193235093,0.11799132203967495,0.0,0.03033804470934622,0.0038694237743994117,0.0,0.0,0.033429264733944246,0.0,0.14729428380345383,0.0,0.0,0.07463276637860555,0.029302961763778865,0.0,0.0,0.07440383893261031,0.0,0.0,0.0,0.0,0.0,0.0,0.0,0.0,0.0
2026-03-06,0.11750056097230321,0.0,0.0,0.07001537660419527,0.009379822747126069,0.13404131635030803,0.14729428380345383,0.0,0.0,0.010657406462906121,0.11799132203967495,0.0,0.03361915756336228,0.004456138410152271,0.0,0.0,0.03386186836599264,0.0,0.14729428380345383,0.0,0.0,0.07113119992318134,0.029302961763778865,0.0,0.0,0.07345430119011138,0.0,0.0,0.0,0.0,0.0,0.0,0.0,0.0,0.0
2026-03-13,0.11750056097230299,0.0,0.0,0.07006188554642596,0.013640931289001235,0.1361762527422654,0.14729428380345383,0.0,0.0,0.01178920896729972,0.11799132203967495,0.0,0.030330648824331147,0.0027749385341702733,0.0,0.0,0.03490351966051218,0.0,0.14729428380345383,0.0,0.0,0.0698932144332177,0.029302961763778865,0.0,0.0,0.07104598762011177,0.0,0.0,0.0,0.0,0.0,0.0,0.0,0.0,0.0
2026-03-20,0.1175005609723031,0.0,0.0,0.07353978874975027,0.017957135025541127,0.13490090876552774,0.14729428380345383,0.0,0.0,0.01075364777786454,0.11799132203967495,0.0,0.029302961763778865,0.0,0.0,0.0,0.03138351501544506,0.0,0.14729428380345383,0.0,0.0,0.07094406831462621,0.029302961763778865,0.0,0.0,0.07183456220480158,0.0,0.0,0.0,0.0,0.0,0.0,0.0,0.0,0.0
2026-03-27,0.3582637564936595,0.0,0.0,0.09364321740411169,0.0670053098028609,0.12910903015573932,0.10682922643357072,0.0,0.0,0.014648177828720856,0.07167436741638775,0.0,0.03675502749364569,0.0,0.0,0.0,0.008149590230651906,0.0,0.0,0.0,0.0,0.03913390710430063,0.0,0.0,0.0,0.07478838963635101,0.0,0.0,0.0,0.0,0.0,0.0,0.0,0.0,0.0
2026-04-03,0.3582637564936595,0.0,0.0,0.09863481810577186,0.06979976247163448,0.13111084986822052,0.10682922643357072,0.0,0.0,0.012003333511197293,0.07167436741638775,0.0,0.038848066055269574,0.0,0.0,0.0,0.0,0.0,0.0,0.0,0.0,0.040738318814665,0.0,0.0,0.0,0.0720975008296233,0.0,0.0,0.0,0.0,0.0,0.0,0.0,0.0,0.0
2026-04-10,0.3549756199531474,0.0,0.0,0.06857786238667253,0.06618960129510915,0.09823143951328356,0.06626899825485602,0.0,0.0,0.023753256271656392,0.06483507116247439,0.0,0.05825682871827276,0.020745004061174466,0.0,0.0,0.030909264508968307,0.0,0.06626899825485602,0.0,0.0,0.037311771919415454,0.021838141850056777,0.0,0.0,0.021838141850056777,0.0,0.0,0.0,0.0,0.0,0.0,0.0,0.0,0.0
