,BIL,DBA,EEM,EFA,EWJ,GLD,HYG,IAU,IEF,IWM,LQD,MBB,PDBC,QQQ,SHY,SLV,SPY,TIP,TLT,USO,UUP,VEA,VNQ,VTV,VUG,VWO,XLB,XLE,XLF,XLI,XLK,XLP,XLU,XLV,XLY
2005-01-14,1.0,0.0,0.0,0.0,0.0,0.0,0.0,0.0,0.0,0.0,0.0,0.0,0.0,0.0,0.0,0.0,0.0,0.0,0.0,0.0,0.0,0.0,0.0,0.0,0.0,0.0,0.0,0.0,0.0,0.0,0.0,0.0,0.0,0.0,0.0
2005-01-21,1.0,0.0,0.0,0.0,0.0,0.0,0.0,0.0,0.0,0.0,0.0,0.0,0.0,0.0,0.0,0.0,0.0,0.0,0.0,0.0,0.0,0.0,0.0,0.0,0.0,0.0,0.0,0.0,0.0,0.0,0.0,0.0,0.0,0.0,0.0
2005-01-28,1.0,0.0,0.0,0.0,0.0,0.0,0.0,0.0,0.0,0.0,0.0,0.0,0.0,0.0,0.0,0.0,0.0,0.0,0.0,0.0,0.0,0.0,0.0,0.0,0.0,0.0,0.0,0.0,0.0,0.0,0.0,0.0,0.0,0.0,0.0
2005-02-04,1.0,0.0,0.0,0.0,0.0,0.0,0.0,0.0,0.0,0.0,0.0,0.0,0.0,0.0,0.0,0.0,0.0,0.0,0.0,0.0,0.0,0.0,0.0,0.0,0.0,0.0,0.0,0.0,0.0,0.0,0.0,0.0,0.0,0.0,0.0
2005-02-11,1.0,0.0,0.0,0.0,0.0,0.0,0.0,0.0,0.0,0.0,0.0,0.0,0.0,0.0,0.0,0.0,0.0,0.0,0.0,0.0,0.0,0.0,0.0,0.0,0.0,0.0,0.0,0.0,0.0,0.0,0.0,0.0,0.0,0.0,0.0
2005-02-18,1.0,0.0,0.0,0.0,0.0,0.0,0.0,0.0,0.0,0.0,0.0,0.0,0.0,0.0,0.0,0.0,0.0,0.0,0.0,0.0,0.0,0.0,0.0,0.0,0.0,0.0,0.0,0.0,0.0,0.0,0.0,0.0,0.0,0.0,0.0
2005-02-25,1.0,0.0,0.0,0.0,0.0,0.0,0.0,0.0,0.0,0.0,0.0,0.0,0.0,0.0,0.0,0.0,0.0,0.0,0.0,0.0,0.0,0.0,0.0,0.0,0.0,0.0,0.0,0.0,0.0,0.0,0.0,0.0,0.0,0.0,0.0
2005-03-04,1.0,0.0,0.0,0.0,0.0,0.0,0.0,0.0,0.0,0.0,0.0,0.0,0.0,0.0,0.0,0.0,0.0,0.0,0.0,0.0,0.0,0.0,0.0,0.0,0.0,0.0,0.0,0.0,0.0,0.0,0.0,0.0,0.0,0.0,0.0
2005-03-11,1.0,0.0,0.0,0.0,0.0,0.0,0.0,0.0,0.0,0.0,0.0,0.0,0.0,0.0,0.0,0.0,0.0,0.0,0.0,0.0,0.0,0.0,0.0,0.0,0.0,0.0,0.0,0.0,0.0,0.0,0.0,0.0,0.0,0.0,0.0
2005-03-18,1.0,0.0,0.0,0.0,0.0,0.0,0.0,0.0,0.0,0.0,0.0,0.0,0.0,0.0,0.0,0.0,0.0,0.0,0.0,0.0,0.0,0.0,0.0,0.0,0.0,0.0,0.0,0.0,0.0,0.0,0.0,0.0,0.0,0.0,0.0
2005-03-25,1.0,0.0,0.0,0.0,0.0,0.0,0.0,0.0,0.0,0.0,0.0,0.0,0.0,0.0,0.0,0.0,0.0,0.0,0.0,0.0,0.0,0.0,0.0,0.0,0.0,0.0,0.0,0.0,0.0,0.0,0.0,0.0,0.0,0.0,0.0
2005-04-01,1.0,0.0,0.0,0.0,0.0,0.0,0.0,0.0,0.0,0.0,0.0,0.0,0.0,0.0,0.0,0.0,0.0,0.0,0.0,0.0,0.0,0.0,0.0,0.0,0.0,0.0,0.0,0.0,0.0,0.0,0.0,0.0,0.0,0.0,0.0
2005-04-08,1.0,0.0,0.0,0.0,0.0,0.0,0.0,0.0,0.0,0.0,0.0,0.0,0.0,0.0,0.0,0.0,0.0,0.0,0.0,0.0,0.0,0.0,0.0,0.0,0.0,0.0,0.0,0.0,0.0,0.0,0.0,0.0,0.0,0.0,0.0
2005-04-15,1.0,0.0,0.0,0.0,0.0,0.0,0.0,0.0,0.0,0.0,0.0,0.0,0.0,0.0,0.0,0.0,0.0,0.0,0.0,0.0,0.0,0.0,0.0,0.0,0.0,0.0,0.0,0.0,0.0,0.0,0.0,0.0,0.0,0.0,0.0
2005-04-22,1.0,0.0,0.0,0.0,0.0,0.0,0.0,0.0,0.0,0.0,0.0,0.0,0.0,0.0,0.0,0.0,0.0,0.0,0.0,0.0,0.0,0.0,0.0,0.0,0.0,0.0,0.0,0.0,0.0,0.0,0.0,0.0,0.0,0.0,0.0
2005-04-29,1.0,0.0,0.0,0.0,0.0,0.0,0.0,0.0,0.0,0.0,0.0,0.0,0.0,0.0,0.0,0.0,0.0,0.0,0.0,0.0,0.0,0.0,0.0,0.0,0.0,0.0,0.0,0.0,0.0,0.0,0.0,0.0,0.0,0.0,0.0
2005-05-06,1.0,0.0,0.0,0.0,0.0,0.0,0.0,0.0,0.0,0.0,0.0,0.0,0.0,0.0,0.0,0.0,0.0,0.0,0.0,0.0,0.0,0.0,0.0,0.0,0.0,0.0,0.0,0.0,0.0,0.0,0.0,0.0,0.0,0.0,0.0
2005-05-13,1.0,0.0,0.0,0.0,0.0,0.0,0.0,0.0,0.0,0.0,0.0,0.0,0.0,0.0,0.0,0.0,0.0,0.0,0.0,0.0,0.0,0.0,0.0,0.0,0.0,0.0,0.0,0.0,0.0,0.0,0.0,0.0,0.0,0.0,0.0
2005-05-20,1.0,0.0,0.0,0.0,0.0,0.0,0.0,0.0,0.0,0.0,0.0,0.0,0.0,0.0,0.0,0.0,0.0,0.0,0.0,0.0,0.0,0.0,0.0,0.0,0.0,0.0,0.0,0.0,0.0,0.0,0.0,0.0,0.0,0.0,0.0
2005-05-27,1.0,0.0,0.0,0.0,0.0,0.0,0.0,0.0,0.0,0.0,0.0,0.0,0.0,0.0,0.0,0.0,0.0,0.0,0.0,0.0,0.0,0.0,0.0,0.0,0.0,0.0,0.0,0.0,0.0,0.0,0.0,0.0,0.0,0.0,0.0
2005-06-03,1.0,0.0,0.0,0.0,0.0,0.0,0.0,0.0,0.0,0.0,0.0,0.0,0.0,0.0,0.0,0.0,0.0,0.0,0.0,0.0,0.0,0.0,0.0,0.0,0.0,0.0,0.0,0.0,0.0,0.0,0.0,0.0,0.0,0.0,0.0
2005-06-10,1.0,0.0,0.0,0.0,0.0,0.0,0.0,0.0,0.0,0.0,0.0,0.0,0.0,0.0,0.0,0.0,0.0,0.0,0.0,0.0,0.0,0.0,0.0,0.0,0.0,0.0,0.0,0.0,0.0,0.0,0.0,0.0,0.0,0.0,0.0
2005-06-17,1.0,0.0,0.0,0.0,0.0,0.0,0.0,0.0,0.0,0.0,0.0,0.0,0.0,0.0,0.0,0.0,0.0,0.0,0.0,0.0,0.0,0.0,0.0,0.0,0.0,0.0,0.0,0.0,0.0,0.0,0.0,0.0,0.0,0.0,0.0
2005-06-24,1.0,0.0,0.0,0.0,0.0,0.0,0.0,0.0,0.0,0.0,0.0,0.0,0.0,0.0,0.0,0.0,0.0,0.0,0.0,0.0,0.0,0.0,0.0,0.0,0.0,0.0,0.0,0.0,0.0,0.0,0.0,0.0,0.0,0.0,0.0
2005-07-01,1.0,0.0,0.0,0.0,0.0,0.0,0.0,0.0,0.0,0.0,0.0,0.0,0.0,0.0,0.0,0.0,0.0,0.0,0.0,0.0,0.0,0.0,0.0,0.0,0.0,0.0,0.0,0.0,0.0,0.0,0.0,0.0,0.0,0.0,0.0
2005-07-08,1.0,0.0,0.0,0.0,0.0,0.0,0.0,0.0,0.0,0.0,0.0,0.0,0.0,0.0,0.0,0.0,0.0,0.0,0.0,0.0,0.0,0.0,0.0,0.0,0.0,0.0,0.0,0.0,0.0,0.0,0.0,0.0,0.0,0.0,0.0
2005-07-15,1.0,0.0,0.0,0.0,0.0,0.0,0.0,0.0,0.0,0.0,0.0,0.0,0.0,0.0,0.0,0.0,0.0,0.0,0.0,0.0,0.0,0.0,0.0,0.0,0.0,0.0,0.0,0.0,0.0,0.0,0.0,0.0,0.0,0.0,0.0
2005-07-22,1.0,0.0,0.0,0.0,0.0,0.0,0.0,0.0,0.0,0.0,0.0,0.0,0.0,0.0,0.0,0.0,0.0,0.0,0.0,0.0,0.0,0.0,0.0,0.0,0.0,0.0,0.0,0.0,0.0,0.0,0.0,0.0,0.0,0.0,0.0
2005-07-29,1.0,0.0,0.0,0.0,0.0,0.0,0.0,0.0,0.0,0.0,0.0,0.0,0.0,0.0,0.0,0.0,0.0,0.0,0.0,0.0,0.0,0.0,0.0,0.0,0.0,0.0,0.0,0.0,0.0,0.0,0.0,0.0,0.0,0.0,0.0
2005-08-05,1.0,0.0,0.0,0.0,0.0,0.0,0.0,0.0,0.0,0.0,0.0,0.0,0.0,0.0,0.0,0.0,0.0,0.0,0.0,0.0,0.0,0.0,0.0,0.0,0.0,0.0,0.0,0.0,0.0,0.0,0.0,0.0,0.0,0.0,0.0
2005-08-12,1.0,0.0,0.0,0.0,0.0,0.0,0.0,0.0,0.0,0.0,0.0,0.0,0.0,0.0,0.0,0.0,0.0,0.0,0.0,0.0,0.0,0.0,0.0,0.0,0.0,0.0,0.0,0.0,0.0,0.0,0.0,0.0,0.0,0.0,0.0
2005-08-19,1.0,0.0,0.0,0.0,0.0,0.0,0.0,0.0,0.0,0.0,0.0,0.0,0.0,0.0,0.0,0.0,0.0,0.0,0.0,0.0,0.0,0.0,0.0,0.0,0.0,0.0,0.0,0.0,0.0,0.0,0.0,0.0,0.0,0.0,0.0
2005-08-26,1.0,0.0,0.0,0.0,0.0,0.0,0.0,0.0,0.0,0.0,0.0,0.0,0.0,0.0,0.0,0.0,0.0,0.0,0.0,0.0,0.0,0.0,0.0,0.0,0.0,0.0,0.0,0.0,0.0,0.0,0.0,0.0,0.0,0.0,0.0
2005-09-02,1.0,0.0,0.0,0.0,0.0,0.0,0.0,0.0,0.0,0.0,0.0,0.0,0.0,0.0,0.0,0.0,0.0,0.0,0.0,0.0,0.0,0.0,0.0,0.0,0.0,0.0,0.0,0.0,0.0,0.0,0.0,0.0,0.0,0.0,0.0
2005-09-09,1.0,0.0,0.0,0.0,0.0,0.0,0.0,0.0,0.0,0.0,0.0,0.0,0.0,0.0,0.0,0.0,0.0,0.0,0.0,0.0,0.0,0.0,0.0,0.0,0.0,0.0,0.0,0.0,0.0,0.0,0.0,0.0,0.0,0.0,0.0
2005-09-16,1.0,0.0,0.0,0.0,0.0,0.0,0.0,0.0,0.0,0.0,0.0,0.0,0.0,0.0,0.0,0.0,0.0,0.0,0.0,0.0,0.0,0.0,0.0,0.0,0.0,0.0,0.0,0.0,0.0,0.0,0.0,0.0,0.0,0.0,0.0
2005-09-23,1.0,0.0,0.0,0.0,0.0,0.0,0.0,0.0,0.0,0.0,0.0,0.0,0.0,0.0,0.0,0.0,0.0,0.0,0.0,0.0,0.0,0.0,0.0,0.0,0.0,0.0,0.0,0.0,0.0,0.0,0.0,0.0,0.0,0.0,0.0
2005-09-30,1.0,0.0,0.0,0.0,0.0,0.0,0.0,0.0,0.0,0.0,0.0,0.0,0.0,0.0,0.0,0.0,0.0,0.0,0.0,0.0,0.0,0.0,0.0,0.0,0.0,0.0,0.0,0.0,0.0,0.0,0.0,0.0,0.0,0.0,0.0
2005-10-07,1.0,0.0,0.0,0.0,0.0,0.0,0.0,0.0,0.0,0.0,0.0,0.0,0.0,0.0,0.0,0.0,0.0,0.0,0.0,0.0,0.0,0.0,0.0,0.0,0.0,0.0,0.0,0.0,0.0,0.0,0.0,0.0,0.0,0.0,0.0
2005-10-14,1.0,0.0,0.0,0.0,0.0,0.0,0.0,0.0,0.0,0.0,0.0,0.0,0.0,0.0,0.0,0.0,0.0,0.0,0.0,0.0,0.0,0.0,0.0,0.0,0.0,0.0,0.0,0.0,0.0,0.0,0.0,0.0,0.0,0.0,0.0
2005-10-21,1.0,0.0,0.0,0.0,0.0,0.0,0.0,0.0,0.0,0.0,0.0,0.0,0.0,0.0,0.0,0.0,0.0,0.0,0.0,0.0,0.0,0.0,0.0,0.0,0.0,0.0,0.0,0.0,0.0,0.0,0.0,0.0,0.0,0.0,0.0
2005-10-28,1.0,0.0,0.0,0.0,0.0,0.0,0.0,0.0,0.0,0.0,0.0,0.0,0.0,0.0,0.0,0.0,0.0,0.0,0.0,0.0,0.0,0.0,0.0,0.0,0.0,0.0,0.0,0.0,0.0,0.0,0.0,0.0,0.0,0.0,0.0
2005-11-04,1.0,0.0,0.0,0.0,0.0,0.0,0.0,0.0,0.0,0.0,0.0,0.0,0.0,0.0,0.0,0.0,0.0,0.0,0.0,0.0,0.0,0.0,0.0,0.0,0.0,0.0,0.0,0.0,0.0,0.0,0.0,0.0,0.0,0.0,0.0
2005-11-11,1.0,0.0,0.0,0.0,0.0,0.0,0.0,0.0,0.0,0.0,0.0,0.0,0.0,0.0,0.0,0.0,0.0,0.0,0.0,0.0,0.0,0.0,0.0,0.0,0.0,0.0,0.0,0.0,0.0,0.0,0.0,0.0,0.0,0.0,0.0
2005-11-18,1.0,0.0,0.0,0.0,0.0,0.0,0.0,0.0,0.0,0.0,0.0,0.0,0.0,0.0,0.0,0.0,0.0,0.0,0.0,0.0,0.0,0.0,0.0,0.0,0.0,0.0,0.0,0.0,0.0,0.0,0.0,0.0,0.0,0.0,0.0
2005-11-25,1.0,0.0,0.0,0.0,0.0,0.0,0.0,0.0,0.0,0.0,0.0,0.0,0.0,0.0,0.0,0.0,0.0,0.0,0.0,0.0,0.0,0.0,0.0,0.0,0.0,0.0,0.0,0.0,0.0,0.0,0.0,0.0,0.0,0.0,0.0
2005-12-02,1.0,0.0,0.0,0.0,0.0,0.0,0.0,0.0,0.0,0.0,0.0,0.0,0.0,0.0,0.0,0.0,0.0,0.0,0.0,0.0,0.0,0.0,0.0,0.0,0.0,0.0,0.0,0.0,0.0,0.0,0.0,0.0,0.0,0.0,0.0
2005-12-09,1.0,0.0,0.0,0.0,0.0,0.0,0.0,0.0,0.0,0.0,0.0,0.0,0.0,0.0,0.0,0.0,0.0,0.0,0.0,0.0,0.0,0.0,0.0,0.0,0.0,0.0,0.0,0.0,0.0,0.0,0.0,0.0,0.0,0.0,0.0
2005-12-16,1.0,0.0,0.0,0.0,0.0,0.0,0.0,0.0,0.0,0.0,0.0,0.0,0.0,0.0,0.0,0.0,0.0,0.0,0.0,0.0,0.0,0.0,0.0,0.0,0.0,0.0,0.0,0.0,0.0,0.0,0.0,0.0,0.0,0.0,0.0
2005-12-23,1.0,0.0,0.0,0.0,0.0,0.0,0.0,0.0,0.0,0.0,0.0,0.0,0.0,0.0,0.0,0.0,0.0,0.0,0.0,0.0,0.0,0.0,0.0,0.0,0.0,0.0,0.0,0.0,0.0,0.0,0.0,0.0,0.0,0.0,0.0
2005-12-30,1.0,0.0,0.0,0.0,0.0,0.0,0.0,0.0,0.0,0.0,0.0,0.0,0.0,0.0,0.0,0.0,0.0,0.0,0.0,0.0,0.0,0.0,0.0,0.0,0.0,0.0,0.0,0.0,0.0,0.0,0.0,0.0,0.0,0.0,0.0
2006-01-06,1.0,0.0,0.0,0.0,0.0,0.0,0.0,0.0,0.0,0.0,0.0,0.0,0.0,0.0,0.0,0.0,0.0,0.0,0.0,0.0,0.0,0.0,0.0,0.0,0.0,0.0,0.0,0.0,0.0,0.0,0.0,0.0,0.0,0.0,0.0
2006-01-13,1.0,0.0,0.0,0.0,0.0,0.0,0.0,0.0,0.0,0.0,0.0,0.0,0.0,0.0,0.0,0.0,0.0,0.0,0.0,0.0,0.0,0.0,0.0,0.0,0.0,0.0,0.0,0.0,0.0,0.0,0.0,0.0,0.0,0.0,0.0
2006-01-20,1.0,0.0,0.0,0.0,0.0,0.0,0.0,0.0,0.0,0.0,0.0,0.0,0.0,0.0,0.0,0.0,0.0,0.0,0.0,0.0,0.0,0.0,0.0,0.0,0.0,0.0,0.0,0.0,0.0,0.0,0.0,0.0,0.0,0.0,0.0
2006-01-27,1.0,0.0,0.0,0.0,0.0,0.0,0.0,0.0,0.0,0.0,0.0,0.0,0.0,0.0,0.0,0.0,0.0,0.0,0.0,0.0,0.0,0.0,0.0,0.0,0.0,0.0,0.0,0.0,0.0,0.0,0.0,0.0,0.0,0.0,0.0
2006-02-03,1.0,0.0,0.0,0.0,0.0,0.0,0.0,0.0,0.0,0.0,0.0,0.0,0.0,0.0,0.0,0.0,0.0,0.0,0.0,0.0,0.0,0.0,0.0,0.0,0.0,0.0,0.0,0.0,0.0,0.0,0.0,0.0,0.0,0.0,0.0
2006-02-10,1.0,0.0,0.0,0.0,0.0,0.0,0.0,0.0,0.0,0.0,0.0,0.0,0.0,0.0,0.0,0.0,0.0,0.0,0.0,0.0,0.0,0.0,0.0,0.0,0.0,0.0,0.0,0.0,0.0,0.0,0.0,0.0,0.0,0.0,0.0
2006-02-17,1.0,0.0,0.0,0.0,0.0,0.0,0.0,0.0,0.0,0.0,0.0,0.0,0.0,0.0,0.0,0.0,0.0,0.0,0.0,0.0,0.0,0.0,0.0,0.0,0.0,0.0,0.0,0.0,0.0,0.0,0.0,0.0,0.0,0.0,0.0
2006-02-24,1.0,0.0,0.0,0.0,0.0,0.0,0.0,0.0,0.0,0.0,0.0,0.0,0.0,0.0,0.0,0.0,0.0,0.0,0.0,0.0,0.0,0.0,0.0,0.0,0.0,0.0,0.0,0.0,0.0,0.0,0.0,0.0,0.0,0.0,0.0
2006-03-03,1.0,0.0,0.0,0.0,0.0,0.0,0.0,0.0,0.0,0.0,0.0,0.0,0.0,0.0,0.0,0.0,0.0,0.0,0.0,0.0,0.0,0.0,0.0,0.0,0.0,0.0,0.0,0.0,0.0,0.0,0.0,0.0,0.0,0.0,0.0
2006-03-10,1.0,0.0,0.0,0.0,0.0,0.0,0.0,0.0,0.0,0.0,0.0,0.0,0.0,0.0,0.0,0.0,0.0,0.0,0.0,0.0,0.0,0.0,0.0,0.0,0.0,0.0,0.0,0.0,0.0,0.0,0.0,0.0,0.0,0.0,0.0
2006-03-17,1.0,0.0,0.0,0.0,0.0,0.0,0.0,0.0,0.0,0.0,0.0,0.0,0.0,0.0,0.0,0.0,0.0,0.0,0.0,0.0,0.0,0.0,0.0,0.0,0.0,0.0,0.0,0.0,0.0,0.0,0.0,0.0,0.0,0.0,0.0
2006-03-24,1.0,0.0,0.0,0.0,0.0,0.0,0.0,0.0,0.0,0.0,0.0,0.0,0.0,0.0,0.0,0.0,0.0,0.0,0.0,0.0,0.0,0.0,0.0,0.0,0.0,0.0,0.0,0.0,0.0,0.0,0.0,0.0,0.0,0.0,0.0
2006-03-31,1.0,0.0,0.0,0.0,0.0,0.0,0.0,0.0,0.0,0.0,0.0,0.0,0.0,0.0,0.0,0.0,0.0,0.0,0.0,0.0,0.0,0.0,0.0,0.0,0.0,0.0,0.0,0.0,0.0,0.0,0.0,0.0,0.0,0.0,0.0
2006-04-07,1.0,0.0,0.0,0.0,0.0,0.0,0.0,0.0,0.0,0.0,0.0,0.0,0.0,0.0,0.0,0.0,0.0,0.0,0.0,0.0,0.0,0.0,0.0,0.0,0.0,0.0,0.0,0.0,0.0,0.0,0.0,0.0,0.0,0.0,0.0
2006-04-14,1.0,0.0,0.0,0.0,0.0,0.0,0.0,0.0,0.0,0.0,0.0,0.0,0.0,0.0,0.0,0.0,0.0,0.0,0.0,0.0,0.0,0.0,0.0,0.0,0.0,0.0,0.0,0.0,0.0,0.0,0.0,0.0,0.0,0.0,0.0
2006-04-21,1.0,0.0,0.0,0.0,0.0,0.0,0.0,0.0,0.0,0.0,0.0,0.0,0.0,0.0,0.0,0.0,0.0,0.0,0.0,0.0,0.0,0.0,0.0,0.0,0.0,0.0,0.0,0.0,0.0,0.0,0.0,0.0,0.0,0.0,0.0
2006-04-28,1.0,0.0,0.0,0.0,0.0,0.0,0.0,0.0,0.0,0.0,0.0,0.0,0.0,0.0,0.0,0.0,0.0,0.0,0.0,0.0,0.0,0.0,0.0,0.0,0.0,0.0,0.0,0.0,0.0,0.0,0.0,0.0,0.0,0.0,0.0
2006-05-05,1.0,0.0,0.0,0.0,0.0,0.0,0.0,0.0,0.0,0.0,0.0,0.0,0.0,0.0,0.0,0.0,0.0,0.0,0.0,0.0,0.0,0.0,0.0,0.0,0.0,0.0,0.0,0.0,0.0,0.0,0.0,0.0,0.0,0.0,0.0
2006-05-12,1.0,0.0,0.0,0.0,0.0,0.0,0.0,0.0,0.0,0.0,0.0,0.0,0.0,0.0,0.0,0.0,0.0,0.0,0.0,0.0,0.0,0.0,0.0,0.0,0.0,0.0,0.0,0.0,0.0,0.0,0.0,0.0,0.0,0.0,0.0
2006-05-19,1.0,0.0,0.0,0.0,0.0,0.0,0.0,0.0,0.0,0.0,0.0,0.0,0.0,0.0,0.0,0.0,0.0,0.0,0.0,0.0,0.0,0.0,0.0,0.0,0.0,0.0,0.0,0.0,0.0,0.0,0.0,0.0,0.0,0.0,0.0
2006-05-26,1.0,0.0,0.0,0.0,0.0,0.0,0.0,0.0,0.0,0.0,0.0,0.0,0.0,0.0,0.0,0.0,0.0,0.0,0.0,0.0,0.0,0.0,0.0,0.0,0.0,0.0,0.0,0.0,0.0,0.0,0.0,0.0,0.0,0.0,0.0
2006-06-02,1.0,0.0,0.0,0.0,0.0,0.0,0.0,0.0,0.0,0.0,0.0,0.0,0.0,0.0,0.0,0.0,0.0,0.0,0.0,0.0,0.0,0.0,0.0,0.0,0.0,0.0,0.0,0.0,0.0,0.0,0.0,0.0,0.0,0.0,0.0
2006-06-09,1.0,0.0,0.0,0.0,0.0,0.0,0.0,0.0,0.0,0.0,0.0,0.0,0.0,0.0,0.0,0.0,0.0,0.0,0.0,0.0,0.0,0.0,0.0,0.0,0.0,0.0,0.0,0.0,0.0,0.0,0.0,0.0,0.0,0.0,0.0
2006-06-16,1.0,0.0,0.0,0.0,0.0,0.0,0.0,0.0,0.0,0.0,0.0,0.0,0.0,0.0,0.0,0.0,0.0,0.0,0.0,0.0,0.0,0.0,0.0,0.0,0.0,0.0,0.0,0.0,0.0,0.0,0.0,0.0,0.0,0.0,0.0
2006-06-23,1.0,0.0,0.0,0.0,0.0,0.0,0.0,0.0,0.0,0.0,0.0,0.0,0.0,0.0,0.0,0.0,0.0,0.0,0.0,0.0,0.0,0.0,0.0,0.0,0.0,0.0,0.0,0.0,0.0,0.0,0.0,0.0,0.0,0.0,0.0
2006-06-30,0.356,0.0,0.0,0.1884724012007934,0.05758279639761987,0.1884724012007934,0.0,0.0,0.0,0.0,0.021000000000000005,0.0,0.0,0.0,0.0,0.0,0.021000000000000005,0.0,0.0,0.0,0.0,0.0,0.05372927676340715,0.0,0.0,0.11374312443738624,0.0,0.0,0.0,0.0,0.0,0.0,0.0,0.0,0.0
2006-07-07,0.356,0.0,0.0,0.1884724012007934,0.05758279639761987,0.1884724012007934,0.0,0.0,0.0,0.0,0.021000000000000005,0.0,0.0,0.0,0.0,0.0,0.021000000000000005,0.0,0.0,0.0,0.0,0.0,0.05372927676340715,0.0,0.0,0.11374312443738624,0.0,0.0,0.0,0.0,0.0,0.0,0.0,0.0,0.0
2006-07-14,0.356,0.0,0.0,0.1884724012007934,0.05758279639761987,0.1884724012007934,0.0,0.0,0.0,0.0,0.021000000000000005,0.0,0.0,0.0,0.0,0.0,0.021000000000000005,0.0,0.0,0.0,0.0,0.0,0.05372927676340715,0.0,0.0,0.11374312443738624,0.0,0.0,0.0,0.0,0.0,0.0,0.0,0.0,0.0
2006-07-21,0.356,0.0,0.0,0.1884724012007934,0.05758279639761987,0.1884724012007934,0.0,0.0,0.0,0.0,0.021000000000000005,0.0,0.0,0.0,0.0,0.0,0.021000000000000005,0.0,0.0,0.0,0.0,0.0,0.05372927676340715,0.0,0.0,0.11374312443738624,0.0,0.0,0.0,0.0,0.0,0.0,0.0,0.0,0.0
2006-07-28,0.25596851263824943,0.0,0.0,0.2076473727519814,0.10712924628951895,0.20711080372264348,0.0,0.0,0.0,0.0,0.0,0.0,0.0,0.0,0.0,0.0,0.0,0.0,0.0,0.0,0.0,0.0,0.15939340839915764,0.0,0.0,0.06275065619844894,0.0,0.0,0.0,0.0,0.0,0.0,0.0,0.0,0.0
2006-08-04,0.25596851263824943,0.0,0.0,0.20607115599589118,0.11267579876573104,0.20540473479482443,0.0,0.0,0.0,0.0,0.0,0.0,0.0,0.0,0.0,0.0,0.0,0.0,0.0,0.0,0.0,0.0,0.1571291416068549,0.0,0.0,0.06275065619844894,0.0,0.0,0.0,0.0,0.0,0.0,0.0,0.0,0.0
2006-08-11,0.25596851263824943,0.0,0.0,0.2039009157668508,0.1114961582221115,0.20801636168870227,0.0,0.0,0.0,0.0,0.0,0.0,0.0,0.0,0.0,0.0,0.0,0.0,0.0,0.0,0.0,0.0,0.15786739548563697,0.0,0.0,0.06275065619844894,0.0,0.0,0.0,0.0,0.0,0.0,0.0,0.0,0.0
2006-08-18,0.25596851263824943,0.0,0.0,0.2024927726882225,0.08780653288505805,0.22077123096872484,0.0,0.0,0.0,0.0,0.0,0.0,0.0,0.0,0.0,0.0,0.0,0.0,0.0,0.0,0.0,0.0,0.17021029462129614,0.0,0.0,0.06275065619844894,0.0,0.0,0.0,0.0,0.0,0.0,0.0,0.0,0.0
2006-08-25,0.19999999999999996,0.0,0.0,0.15744671887909853,0.08251910489994195,0.20923135734389808,0.0,0.0,0.0,0.0,0.0,0.0,0.0,0.0,0.0,0.0,0.021603815960487063,0.0,0.021603815960487063,0.0,0.0,0.0,0.23615215100392406,0.0,0.0,0.0714430359521632,0.0,0.0,0.0,0.0,0.0,0.0,0.0,0.0,0.0
2006-09-01,0.19999999999999996,0.0,0.0,0.16611182167782734,0.09326643216030782,0.2011501011847514,0.0,0.0,0.0,0.0,0.0,0.0,0.0,0.0,0.0,0.0,0.021603815960487063,0.0,0.021603815960487063,0.0,0.0,0.0,0.22482097710397597,0.0,0.0,0.0714430359521632,0.0,0.0,0.0,0.0,0.0,0.0,0.0,0.0,0.0
2006-09-08,0.19999999999999996,0.0,0.0,0.16333077422741582,0.08272531460879926,0.1995675081688621,0.0,0.0,0.0,0.0,0.0,0.0,0.0,0.0,0.0,0.0,0.021603815960487063,0.0,0.021603815960487063,0.0,0.0,0.0,0.22319345065518098,0.0,0.0,0.08797532041876767,0.0,0.0,0.0,0.0,0.0,0.0,0.0,0.0,0.0
2006-09-15,0.19999999999999996,0.0,0.0,0.14910149815110346,0.09841610617564939,0.19507681233189456,0.0,0.0,0.0,0.0,0.0,0.0,0.0,0.0,0.0,0.0,0.021603815960487063,0.0,0.021603815960487063,0.0,0.0,0.0,0.19901689149459978,0.0,0.0,0.11518105992577858,0.0,0.0,0.0,0.0,0.0,0.0,0.0,0.0,0.0
2006-09-22,0.19999999999999996,0.0,0.0,0.1595830088999025,0.0938972346603445,0.18671484752233775,0.0,0.0,0.0,0.0,0.0,0.0,0.0,0.0,0.0,0.0,0.021603815960487063,0.0,0.021603815960487063,0.0,0.0,0.0,0.21190032240991158,0.0,0.0,0.10469695458652946,0.0,0.0,0.0,0.0,0.0,0.0,0.0,0.0,0.0
2006-09-29,0.19999999999999987,0.0,0.0,0.17041165827736993,0.00331748666245624,0.17467633026454077,0.0,0.0,0.0,0.0,0.05080962243262464,0.0,0.0,0.0,0.0,0.0,0.02480773851170961,0.0,0.02480773851170961,0.0,0.0,0.0,0.23469788775186595,0.0,0.0,0.11647153758772336,0.0,0.0,0.0,0.0,0.0,0.0,0.0,0.0,0.0
2006-10-06,0.19999999999999987,0.0,0.0,0.17511944170474758,0.0,0.16195742239349137,0.0,0.0,0.0,0.0,0.05080962243262464,0.0,0.0,0.0,0.0,0.0,0.031444108022145215,0.0,0.02480773851170961,0.0,0.0,0.0,0.2516360045150761,0.0,0.0,0.10422566242020556,0.0,0.0,0.0,0.0,0.0,0.0,0.0,0.0,0.0
2006-10-13,0.19999999999999987,0.0,0.0,0.1529095982127774,0.0,0.16043923862011106,0.0,0.0,0.0,0.0,0.05080962243262464,0.0,0.0,0.0,0.0,0.0,0.032829261029438436,0.0,0.02480773851170961,0.0,0.0,0.0,0.28210676795523415,0.0,0.0,0.09609777323810476,0.0,0.0,0.0,0.0,0.0,0.0,0.0,0.0,0.0
2006-10-20,0.19999999999999987,0.0,0.0,0.1616481469102114,0.0,0.10579119706431815,0.0,0.0,0.0,0.011229997731171093,0.05080962243262464,0.0,0.0,0.0,0.0,0.0,0.07268440106855874,0.0,0.02480773851170961,0.0,0.0,0.0,0.2621060052033423,0.0,0.0,0.11092289107806415,0.0,0.0,0.0,0.0,0.0,0.0,0.0,0.0,0.0
2006-10-27,0.04213919370926321,0.0,0.0,0.21620141669351936,0.0,0.11578688040962724,0.0,0.0,0.0,0.0,0.05737193802116945,0.0,0.0,0.0,0.0,0.0,0.12053424267273345,0.0,0.03001019523863201,0.0,0.0,0.0,0.30563327171611543,0.0,0.0,0.11232286153893982,0.0,0.0,0.0,0.0,0.0,0.0,0.0,0.0,0.0
2006-11-03,0.04213919370926321,0.0,0.0,0.21741577926110006,0.0,0.11578688040962724,0.0,0.0,0.0,0.0,0.05737193802116945,0.0,0.0,0.0,0.0,0.0,0.1275789204582032,0.0,0.04276939273565186,0.0,0.0,0.0,0.30851275777789516,0.0,0.0,0.0884251376270898,0.0,0.0,0.0,0.0,0.0,0.0,0.0,0.0,0.0
2006-11-10,0.04213919370926321,0.0,0.0,0.1886470906431292,0.0,0.11578688040962724,0.0,0.0,0.0,0.0,0.05737193802116945,0.0,0.0,0.0,0.0,0.0,0.13770110014685283,0.0,0.03001019523863201,0.0,0.0,0.0,0.3277705121748482,0.0,0.0,0.10057308965647778,0.0,0.0,0.0,0.0,0.0,0.0,0.0,0.0,0.0
2006-11-17,0.04213919370926321,0.0,0.0,0.1931137792977426,0.0,0.11578688040962724,0.0,0.0,0.0,0.052037083951796376,0.05737193802116945,0.0,0.0,0.00520148203852272,0.0,0.0,0.09086571920333208,0.0,0.03001019523863201,0.0,0.0,0.0,0.30631306996266405,0.0,0.0,0.1071606581672502,0.0,0.0,0.0,0.0,0.0,0.0,0.0,0.0,0.0
2006-11-24,0.0,0.0,0.0,0.24719247412423243,0.0,0.02550836705996541,0.0,0.0,0.0,0.034512815353173486,0.056618866950436664,0.0,0.0,0.0,0.0,0.0,0.2213540132643149,0.0,0.02550836705996541,0.0,0.0,0.0,0.27900185779043263,0.0,0.0,0.11030323839747902,0.0,0.0,0.0,0.0,0.0,0.0,0.0,0.0,0.0
2006-12-01,0.0,0.0,0.0,0.2699217140024353,0.0,0.02550836705996541,0.0,0.0,0.0,0.025812898044495713,0.056618866950436664,0.0,0.0,0.0,0.0,0.0,0.18911709110606348,0.0,0.02550836705996541,0.0,0.0,0.0,0.2871433741121845,0.0,0.0,0.12036932166445338,0.0,0.0,0.0,0.0,0.0,0.0,0.0,0.0,0.0
2006-12-08,0.0,0.0,0.0,0.27127159854108057,0.0,0.052934861727607,0.0,0.0,0.0,0.0,0.056618866950436664,0.0,0.0,0.0,0.0,0.0,0.15190138736308206,0.0,0.02550836705996541,0.0,0.0,0.0,0.2723768225704447,0.0,0.0,0.16938809578738348,0.0,0.0,0.0,0.0,0.0,0.0,0.0,0.0,0.0
2006-12-15,0.0,0.0,0.0,0.29300088157147974,0.0,0.04902142598786213,0.0,0.0,0.0,0.0,0.056618866950436664,0.0,0.0,0.0,0.0,0.0,0.10348216873083199,0.0,0.02550836705996541,0.0,0.0,0.0,0.25981262559649404,0.0,0.0,0.21255566410293,0.0,0.0,0.0,0.0,0.0,0.0,0.0,0.0,0.0
2006-12-22,0.0,0.0,0.0,0.24468340059762447,0.0,0.08669428592681057,0.0,0.0,0.0,0.035657500231870205,0.056618866950436664,0.0,0.0,0.0,0.0,0.0,0.10348216873083199,0.0,0.02550836705996541,0.0,0.0,0.0,0.25304934590998784,0.0,0.0,0.19430606459247282,0.0,0.0,0.0,0.0,0.0,0.0,0.0,0.0,0.0
2006-12-29,0.0,0.0,0.0,0.17170889775641635,0.0,0.21668727932727602,0.0,0.0,0.0,0.005502064963843563,0.050120523784813714,0.0,0.0,0.015820318896014936,0.0,0.0,0.028627263317437028,0.0,0.028627263317437028,0.0,0.0,0.0,0.28118664431308166,0.0,0.0,0.20171974432367945,0.0,0.0,0.0,0.0,0.0,0.0,0.0,0.0,0.0
2007-01-05,0.0,0.0,0.0,0.21651759208394386,0.0,0.1712810949186196,0.0,0.0,0.0,0.0,0.050120523784813714,0.0,0.0,0.0,0.0,0.0,0.058650035708531625,0.0,0.028627263317437028,0.0,0.0,0.0,0.27884724229980673,0.0,0.0,0.1959562478868474,0.0,0.0,0.0,0.0,0.0,0.0,0.0,0.0,0.0
2007-01-12,0.0,0.0,0.0,0.21148917329937073,0.0,0.1332037377147846,0.0,0.0,0.0,0.017318684165330243,0.050120523784813714,0.0,0.0,0.0,0.0,0.0,0.08233545158863605,0.0,0.028627263317437028,0.0,0.0,0.0,0.27093563610873295,0.0,0.0,0.20596953002089458,0.0,0.0,0.0,0.0,0.0,0.0,0.0,0.0,0.0
2007-01-19,0.0,0.0,0.0,0.2215805807014986,0.0,0.1332037377147846,0.0,0.0,0.0,0.005426508299758744,0.050120523784813714,0.0,0.0,0.0,0.0,0.0,0.09901926422756333,0.0,0.028627263317437028,0.0,0.0,0.0,0.26249879926473835,0.0,0.0,0.19952332268940556,0.0,0.0,0.0,0.0,0.0,0.0,0.0,0.0,0.0
2007-01-26,0.0,0.0,0.0,0.2719039587678204,0.0,0.02837739511767186,0.0,0.0,0.0,0.0,0.04647852850894798,0.0,0.0,0.0,0.0,0.0,0.11767487786052752,0.0,0.07485592362661984,0.0,0.0,0.0,0.22929497662745868,0.0,0.0,0.23141433949095358,0.0,0.0,0.0,0.0,0.0,0.0,0.0,0.0,0.0
2007-02-02,0.0,0.0,0.0,0.27141642503155783,0.0,0.02837739511767186,0.0,0.0,0.0,0.0,0.04647852850894798,0.0,0.0,0.0,0.0,0.0,0.11657490447754676,0.0,0.07485592362661984,0.0,0.0,0.0,0.24415215906487528,0.0,0.0,0.21814466417278033,0.0,0.0,0.0,0.0,0.0,0.0,0.0,0.0,0.0
2007-02-09,0.0,0.0,0.0,0.26775280989297123,0.0,0.02837739511767186,0.0,0.0,0.0,0.0,0.04647852850894798,0.0,0.0,0.025143170251122143,0.0,0.0,0.1219138597735566,0.0,0.07485592362661984,0.0,0.0,0.0,0.2634794836926622,0.0,0.0,0.17199882913644812,0.0,0.0,0.0,0.0,0.0,0.0,0.0,0.0,0.0
2007-02-16,0.0,0.0,0.0,0.2435251359910083,0.0,0.02837739511767186,0.0,0.0,0.0,0.005281360096376612,0.04647852850894798,0.0,0.0,0.09630296916212787,0.0,0.0,0.11926682319797449,0.0,0.07485592362661984,0.0,0.0,0.0,0.24781330142338942,0.0,0.0,0.13809856287588368,0.0,0.0,0.0,0.0,0.0,0.0,0.0,0.0,0.0
2007-02-23,0.05642876810524162,0.0,0.0,0.28112149177153956,0.0,0.029568586901972418,0.0,0.0,0.0,0.0,0.042321576078931215,0.0,0.0,0.0,0.0,0.0,0.16546553554061338,0.0,0.029568586901972418,0.0,0.0,0.0,0.2160744122293286,0.0,0.0,0.17945104247040067,0.0,0.0,0.0,0.0,0.0,0.0,0.0,0.0,0.0
2007-03-02,0.05642876810524162,0.0,0.0,0.2516189938376842,0.0,0.029568586901972418,0.0,0.0,0.0,0.0,0.042321576078931215,0.0,0.0,0.0,0.0,0.0,0.17069980035706317,0.0,0.029568586901972418,0.0,0.0,0.0,0.24307751193600563,0.0,0.0,0.1767161758811292,0.0,0.0,0.0,0.0,0.0,0.0,0.0,0.0,0.0
2007-03-09,0.05642876810524162,0.0,0.0,0.24376209555359307,0.0,0.029568586901972418,0.0,0.0,0.0,0.0,0.042321576078931215,0.0,0.0,0.0,0.0,0.0,0.1728703117892706,0.0,0.029568586901972418,0.0,0.0,0.0,0.24648041398103776,0.0,0.0,0.1789996606879809,0.0,0.0,0.0,0.0,0.0,0.0,0.0,0.0,0.0
2007-03-16,0.05642876810524162,0.0,0.0,0.2693057597387634,0.0,0.05225396112237831,0.0,0.0,0.0,0.017168970266817497,0.042321576078931215,0.0,0.0,0.0,0.0,0.0,0.10315692286851762,0.0,0.029568586901972418,0.0,0.0,0.0,0.2438066993614857,0.0,0.0,0.18598875555589206,0.0,0.0,0.0,0.0,0.0,0.0,0.0,0.0,0.0
2007-03-23,0.05642876810524162,0.0,0.0,0.2383183511078702,0.0,0.09672419663602362,0.0,0.0,0.0,0.01613271452558248,0.042321576078931215,0.0,0.0,0.0,0.0,0.0,0.1022573945652579,0.0,0.029568586901972418,0.0,0.0,0.0,0.24041884798632146,0.0,0.0,0.17782956409279893,0.0,0.0,0.0,0.0,0.0,0.0,0.0,0.0,0.0
2007-03-30,0.1954486799406794,0.0,0.0,0.15338686125983125,0.0,0.11186368497543608,0.0,0.0,0.0,0.033475665335995344,0.020606886230056323,0.0,0.0,0.014054456228416298,0.0,0.0,0.06174897453324227,0.0,0.04904031259204946,0.0,0.0,0.0,0.20244796657500994,0.0,0.0,0.15792651232928331,0.0,0.0,0.0,0.0,0.0,0.0,0.0,0.0,0.0
2007-04-06,0.1954486799406794,0.0,0.0,0.1387089621949781,0.0,0.07088398516771784,0.0,0.0,0.0,0.0,0.09963542449437576,0.0,0.0,0.0,0.0,0.0,0.07743511632440697,0.0,0.12330989169608014,0.0,0.0,0.0,0.1800110102131013,0.0,0.0,0.1145669299686602,0.0,0.0,0.0,0.0,0.0,0.0,0.0,0.0,0.0
2007-04-13,0.1954486799406794,0.0,0.0,0.16406330862726437,0.0,0.10165140761719935,0.0,0.0,0.0,0.005577435481437982,0.020606886230056323,0.0,0.0,0.0,0.0,0.0,0.09964833635902069,0.0,0.04904031259204946,0.0,0.0,0.0,0.21606555823669668,0.0,0.0,0.1478980749155955,0.0,0.0,0.0,0.0,0.0,0.0,0.0,0.0,0.0
2007-04-20,0.1954486799406794,0.0,0.0,0.14644642031825228,0.0,0.07864420634160443,0.0,0.0,0.0,0.0,0.020606886230056323,0.0,0.0,0.0,0.0,0.0,0.1008379610464758,0.0,0.1487511626357635,0.0,0.0,0.0,0.17744014231857225,0.0,0.0,0.13182454116859582,0.0,0.0,0.0,0.0,0.0,0.0,0.0,0.0,0.0
2007-04-27,0.10202699499087559,0.04478074568604749,0.0,0.19106612789309435,0.0,0.041218747405780715,0.0,0.0,0.0,0.05049207250680869,0.04478074568604749,0.0,0.0,0.0052139388091790246,0.0,0.0,0.10634704792298227,0.0,0.07488448532138313,0.0,0.0,0.0,0.21703384519049376,0.0,0.0,0.12215524858730721,0.0,0.0,0.0,0.0,0.0,0.0,0.0,0.0,0.0
2007-05-04,0.10202699499087559,0.04478074568604749,0.0,0.20118296904826183,0.0,0.041218747405780715,0.0,0.0,0.0,0.0437062126829987,0.04478074568604749,0.0,0.0,0.0,0.0,0.0,0.0938673738544968,0.0,0.07488448532138313,0.0,0.0,0.0,0.20542534111033292,0.0,0.0,0.14812638421377522,0.0,0.0,0.0,0.0,0.0,0.0,0.0,0.0,0.0
2007-05-11,0.10202699499087559,0.04478074568604749,0.0,0.1965290050987387,0.0,0.041218747405780715,0.0,0.0,0.0,0.0,0.04478074568604749,0.0,0.0,0.03925238137794896,0.0,0.0,0.10885294501693618,0.0,0.07488448532138313,0.0,0.0,0.0,0.202449273761566,0.0,0.0,0.14522467565467553,0.0,0.0,0.0,0.0,0.0,0.0,0.0,0.0,0.0
2007-05-18,0.10202699499087559,0.04478074568604749,0.0,0.19526396366756685,0.0,0.041218747405780715,0.0,0.0,0.0,0.05550058211239844,0.04478074568604749,0.0,0.0,0.01711355747027493,0.0,0.0,0.07720924803334141,0.0,0.07488448532138313,0.0,0.0,0.0,0.19345822866497153,0.0,0.0,0.15376270096131223,0.0,0.0,0.0,0.0,0.0,0.0,0.0,0.0,0.0
2007-05-25,0.09972968500594334,0.0,0.0,0.24533942837244802,0.0,0.036132341205804684,0.0,0.0,0.0,0.006143810896951049,0.043160418484122776,0.0,0.0,0.0,0.0,0.0,0.11624018514994097,0.0,0.07929275968992747,0.0,0.0,0.0,0.17146026148540888,0.0,0.0,0.20250110970945281,0.0,0.0,0.0,0.0,0.0,0.0,0.0,0.0,0.0
2007-06-01,0.09972968500594334,0.0,0.0,0.2531778009592768,0.0,0.036132341205804684,0.0,0.0,0.0,0.0,0.043160418484122776,0.0,0.0,0.06788222210906428,0.0,0.0,0.10302350394264237,0.0,0.07929275968992747,0.0,0.0,0.0,0.10944652503915854,0.0,0.0,0.20815474356405977,0.0,0.0,0.0,0.0,0.0,0.0,0.0,0.0,0.0
2007-06-08,0.09972968500594334,0.0,0.0,0.25619740553178066,0.0,0.036132341205804684,0.0,0.0,0.0,0.0,0.043160418484122776,0.0,0.0,0.07204920199689921,0.0,0.0,0.10419278974212984,0.0,0.07929275968992747,0.0,0.0,0.0,0.09485697170566387,0.0,0.0,0.21438842663772814,0.0,0.0,0.0,0.0,0.0,0.0,0.0,0.0,0.0
2007-06-15,0.09972968500594334,0.0,0.0,0.26482474372887,0.0,0.036132341205804684,0.0,0.0,0.0,0.006384890076259502,0.043160418484122776,0.0,0.0,0.06858332093397312,0.0,0.0,0.1020074264026315,0.0,0.07929275968992747,0.0,0.0,0.0,0.09485697170566387,0.0,0.0,0.20502744276680374,0.0,0.0,0.0,0.0,0.0,0.0,0.0,0.0,0.0
2007-06-22,0.09972968500594334,0.0,0.0,0.2538498827040674,0.0,0.036132341205804684,0.0,0.0,0.0,0.0,0.043160418484122776,0.0,0.0,0.04784557237865451,0.0,0.0,0.13588648050342136,0.0,0.07929275968992747,0.0,0.0,0.0,0.09485697170566387,0.0,0.0,0.20924588832239463,0.0,0.0,0.0,0.0,0.0,0.0,0.0,0.0,0.0
2007-06-29,0.0981261566727907,0.0,0.0,0.2727208100594521,0.0,0.04623296561225144,0.04202033406539797,0.0,0.0,0.0071817274369064136,0.04202033406539797,0.0,0.0,0.07762987573112974,0.0,0.0,0.14252425480912562,0.0,0.04202033406539797,0.0,0.0,0.0,0.0,0.0,0.0,0.22952320748214988,0.0,0.0,0.0,0.0,0.0,0.0,0.0,0.0,0.0
2007-07-06,0.0981261566727907,0.0,0.0,0.2597444027178721,0.0,0.04623296561225144,0.04202033406539797,0.0,0.0,0.019395845617887774,0.04202033406539797,0.0,0.0,0.09767265291707178,0.0,0.0,0.13784682551321595,0.0,0.04202033406539797,0.0,0.0,0.0,0.0,0.0,0.0,0.2149201487527162,0.0,0.0,0.0,0.0,0.0,0.0,0.0,0.0,0.0
2007-07-13,0.0981261566727907,0.0,0.0,0.25110286118906655,0.0,0.04623296561225144,0.04202033406539797,0.0,0.0,0.04335119212572026,0.04202033406539797,0.0,0.0,0.09434994445851592,0.0,0.0,0.13543745229153525,0.0,0.04202033406539797,0.0,0.0,0.0,0.0,0.0,0.0,0.20533842545392583,0.0,0.0,0.0,0.0,0.0,0.0,0.0,0.0,0.0
2007-07-20,0.0981261566727907,0.0,0.0,0.23986112695743067,0.0,0.04623296561225144,0.04202033406539797,0.0,0.0,0.044617231420602046,0.04202033406539797,0.0,0.0,0.10028599745001722,0.0,0.0,0.13654537825112742,0.0,0.04202033406539797,0.0,0.0,0.0,0.0,0.0,0.0,0.20827014143958641,0.0,0.0,0.0,0.0,0.0,0.0,0.0,0.0,0.0
2007-07-27,0.25109982000995623,0.0,0.0,0.14082610599936726,0.0,0.03804713252353134,0.038324865007467165,0.0,0.0,0.042422250312716674,0.038324865007467165,0.0,0.0,0.09811593000967504,0.0,0.0,0.13858545867395158,0.0,0.038324865007467165,0.0,0.0,0.0,0.0,0.0,0.0,0.17592870744840045,0.0,0.0,0.0,0.0,0.0,0.0,0.0,0.0,0.0
2007-08-03,0.25109982000995623,0.0,0.0,0.16034400707402854,0.0,0.03804713252353134,0.038324865007467165,0.0,0.0,0.0418058118529766,0.038324865007467165,0.0,0.0,0.08392530197237026,0.0,0.0,0.1382010033487522,0.0,0.038324865007467165,0.0,0.0,0.0,0.0,0.0,0.0,0.1716023281959833,0.0,0.0,0.0,0.0,0.0,0.0,0.0,0.0,0.0
2007-08-10,0.25109982000995623,0.0,0.0,0.13887290561941393,0.0,0.03804713252353134,0.038324865007467165,0.0,0.0,0.040138028725132856,0.038324865007467165,0.0,0.0,0.10670839761270012,0.0,0.0,0.13821910576753826,0.0,0.038324865007467165,0.0,0.0,0.0,0.0,0.0,0.0,0.17194001471932574,0.0,0.0,0.0,0.0,0.0,0.0,0.0,0.0,0.0
2007-08-17,0.25109982000995623,0.0,0.0,0.14158394935550908,0.0,0.03804713252353134,0.038324865007467165,0.0,0.0,0.03302824464127527,0.038324865007467165,0.0,0.0,0.11033884344388643,0.0,0.0,0.13932893494544143,0.0,0.038324865007467165,0.0,0.0,0.0,0.0,0.0,0.0,0.1715984800579987,0.0,0.0,0.0,0.0,0.0,0.0,0.0,0.0,0.0
2007-08-24,0.25109982000995623,0.0,0.0,0.14390585459529906,0.0,0.03804713252353134,0.038324865007467165,0.0,0.0,0.005295689194451244,0.038324865007467165,0.0,0.0,0.11590275269178824,0.0,0.0,0.15491405373710376,0.0,0.038324865007467165,0.0,0.0,0.0,0.0,0.0,0.0,0.17586010222546866,0.0,0.0,0.0,0.0,0.0,0.0,0.0,0.0,0.0
2007-08-31,0.6748339419202337,0.0,0.0,0.06355075079022236,0.0,0.01537948964445815,0.010073799873877598,0.0,0.0,0.0,0.010073799873877598,0.0,0.0,0.07046123724125324,0.0,0.0,0.05182377782511913,0.0,0.025453289518335746,0.0,0.0,0.0,0.0,0.0,0.0,0.07834991331262252,0.0,0.0,0.0,0.0,0.0,0.0,0.0,0.0,0.0
2007-09-07,0.6748339419202337,0.0,0.0,0.06653973031967392,0.0,0.03396029161223716,0.010073799873877598,0.0,0.0,0.0,0.010073799873877598,0.0,0.0,0.06641964585622577,0.0,0.0,0.037052047475539085,0.0,0.025453289518335746,0.0,0.0,0.0,0.0,0.0,0.0,0.07559345354999945,0.0,0.0,0.0,0.0,0.0,0.0,0.0,0.0,0.0
2007-09-14,0.6748339419202337,0.0,0.0,0.05030156094197773,0.0,0.03697742795118909,0.010073799873877598,0.0,0.0,0.0,0.010073799873877598,0.0,0.0,0.0733150943525662,0.0,0.0,0.037052047475539085,0.0,0.025453289518335746,0.0,0.0,0.0,0.0,0.0,0.0,0.08191903809240329,0.0,0.0,0.0,0.0,0.0,0.0,0.0,0.0,0.0
2007-09-21,0.6748339419202337,0.0,0.0,0.037052047475539085,0.0,0.04970200331217636,0.010073799873877598,0.0,0.0,0.0,0.010073799873877598,0.0,0.0,0.07071299545854573,0.0,0.0,0.037052047475539085,0.0,0.025453289518335746,0.0,0.0,0.0,0.0,0.0,0.0,0.08504607509187516,0.0,0.0,0.0,0.0,0.0,0.0,0.0,0.0,0.0
2007-09-28,0.11486958643012973,0.0,0.0,0.1301013004102138,0.0,0.04675001396356389,0.0977193479802112,0.0,0.0,0.0,0.06443447525486042,0.0,0.0,0.18899701485478704,0.0,0.0,0.09776448576579516,0.0,0.0977193479802112,0.0,0.0,0.0,0.0,0.0,0.0,0.16164442736022744,0.0,0.0,0.0,0.0,0.0,0.0,0.0,0.0,0.0
2007-10-05,0.11486958643012973,0.0,0.0,0.1290609528519504,0.0,0.055274312487058,0.0977193479802112,0.0,0.0,0.0,0.06443447525486042,0.0,0.0,0.18576101313999172,0.0,0.0,0.09756975977460873,0.0,0.0977193479802112,0.0,0.0,0.0,0.0,0.0,0.0,0.15759120410097846,0.0,0.0,0.0,0.0,0.0,0.0,0.0,0.0,0.0
2007-10-12,0.11486958643012973,0.0,0.0,0.09263109888126685,0.0,0.09973328040332538,0.0977193479802112,0.0,0.0,0.0,0.06443447525486042,0.0,0.0,0.14633196483294497,0.0,0.0,0.09263109888126685,0.0,0.1477419569931652,0.0,0.0,0.0,0.0,0.0,0.0,0.1439071903428293,0.0,0.0,0.0,0.0,0.0,0.0,0.0,0.0,0.0
2007-10-19,0.11486958643012973,0.0,0.0,0.09263109888126685,0.0,0.09648553313005614,0.0977193479802112,0.0,0.0,0.0,0.06443447525486042,0.0,0.0,0.14565491502992295,0.0,0.0,0.09263109888126685,0.0,0.15222414049093186,0.0,0.0,0.0,0.0,0.0,0.0,0.14334980392135388,0.0,0.0,0.0,0.0,0.0,0.0,0.0,0.0,0.0
2007-10-26,0.7020081430007166,0.005994028889356827,0.0,0.03587080053115081,0.0,0.08004837283052346,0.027983411724348057,0.0,0.0,0.0,0.01373186540394259,0.0,0.0,0.0317496566373093,0.0,0.0,0.015940308678846563,0.0,0.027983411724348057,0.0,0.0,0.0,0.0,0.0,0.0,0.05869000057945784,0.0,0.0,0.0,0.0,0.0,0.0,0.0,0.0,0.0
2007-11-02,0.7020081430007166,0.005994028889356827,0.0,0.04075550603755407,0.0,0.0737084780942314,0.027983411724348057,0.0,0.0,0.0,0.01373186540394259,0.0,0.0,0.033082912986160444,0.0,0.0,0.01576236907415399,0.0,0.027983411724348057,0.0,0.0,0.0,0.0,0.0,0.0,0.05898987306518808,0.0,0.0,0.0,0.0,0.0,0.0,0.0,0.0,0.0
2007-11-09,0.7020081430007166,0.005994028889356827,0.0,0.04132293464234406,0.0,0.0667227290758807,0.027983411724348057,0.0,0.0,0.0,0.01373186540394259,0.0,0.0,0.034881183163354305,0.0,0.0,0.018945990152008003,0.0,0.027983411724348057,0.0,0.0,0.0,0.0,0.0,0.0,0.06042630222370091,0.0,0.0,0.0,0.0,0.0,0.0,0.0,0.0,0.0
2007-11-16,0.7020081430007166,0.005994028889356827,0.0,0.04274260494596642,0.0,0.06842594536775513,0.027983411724348057,0.0,0.0,0.0,0.01373186540394259,0.0,0.0,0.03480438041323172,0.0,0.0,0.018459309328246902,0.0,0.027983411724348057,0.0,0.0,0.0,0.0,0.0,0.0,0.0578668992020878,0.0,0.0,0.0,0.0,0.0,0.0,0.0,0.0,0.0
2007-11-23,0.7020081430007166,0.005994028889356827,0.0,0.043574515269636196,0.0,0.07442118043548326,0.027983411724348057,0.0,0.0,0.0,0.01373186540394259,0.0,0.0,0.0313950664673975,0.0,0.0,0.014251546320405466,0.0,0.027983411724348057,0.0,0.0,0.0,0.0,0.0,0.0,0.05865683076436554,0.0,0.0,0.0,0.0,0.0,0.0,0.0,0.0,0.0
2007-11-30,0.70800488580043,0.012197382089232198,0.0,0.04321717239261777,0.0,0.0637094102018362,0.014539119242365544,0.0,0.0,0.0,0.014539119242365544,0.0,0.0,0.04358926225819698,0.0,0.0,0.014539119242365544,0.0,0.021998713333248772,0.0,0.0,0.0,0.0,0.0,0.0,0.06366581619734148,0.0,0.0,0.0,0.0,0.0,0.0,0.0,0.0,0.0
2007-12-07,0.70800488580043,0.012197382089232198,0.0,0.04255175313721565,0.0,0.0652298192914062,0.014539119242365544,0.0,0.0,0.0,0.014539119242365544,0.0,0.0,0.04430211671079033,0.0,0.0,0.014539119242365544,0.0,0.021998713333248772,0.0,0.0,0.0,0.0,0.0,0.0,0.062097971910580224,0.0,0.0,0.0,0.0,0.0,0.0,0.0,0.0,0.0
2007-12-14,0.70800488580043,0.012197382089232198,0.0,0.041122820716431085,0.0,0.0713047641480501,0.014539119242365544,0.0,0.0,0.0,0.014539119242365544,0.0,0.0,0.03744595361966689,0.0,0.0,0.014539119242365544,0.0,0.021998713333248772,0.0,0.0,0.0,0.0,0.0,0.0,0.06430812256584435,0.0,0.0,0.0,0.0,0.0,0.0,0.0,0.0,0.0
2007-12-21,0.70800488580043,0.012197382089232198,0.0,0.03347517493496643,0.0,0.06830514813864343,0.014539119242365544,0.0,0.0,0.0,0.014539119242365544,0.0,0.0,0.04047986067910514,0.0,0.0,0.014539119242365544,0.0,0.0317936038470856,0.0,0.0,0.0,0.0,0.0,0.0,0.06212658678344057,0.0,0.0,0.0,0.0,0.0,0.0,0.0,0.0,0.0
2007-12-28,0.28584840883096746,0.024657866500020435,0.0,0.04964083455895145,0.0,0.18303638617259482,0.09327398574176246,0.0,0.0,0.0,0.06438630662322571,0.0,0.0,0.03379037218453737,0.0,0.0,0.028887679118536742,0.0,0.13764263297295176,0.0,0.0,0.0,0.0,0.0,0.0,0.09883552729645151,0.0,0.0,0.0,0.0,0.0,0.0,0.0,0.0,0.0
2008-01-04,0.28584840883096746,0.024657866500020435,0.0,0.04964083455895145,0.0,0.1727840001181317,0.09327398574176246,0.0,0.0,0.0,0.06438630662322571,0.0,0.0,0.041668638925598266,0.0,0.0,0.028887679118536742,0.0,0.13588703181085765,0.0,0.0,0.0,0.0,0.0,0.0,0.10296524777194788,0.0,0.0,0.0,0.0,0.0,0.0,0.0,0.0,0.0
2008-01-11,0.28584840883096746,0.024657866500020435,0.0,0.04964083455895145,0.0,0.18429811832564516,0.09327398574176246,0.0,0.0,0.0,0.06438630662322571,0.0,0.0,0.03942332852282366,0.0,0.0,0.028887679118536742,0.0,0.1156976783049902,0.0,0.0,0.0,0.0,0.0,0.0,0.11388579347307648,0.0,0.0,0.0,0.0,0.0,0.0,0.0,0.0,0.0
2008-01-18,0.28584840883096746,0.024657866500020435,0.0,0.04964083455895145,0.0,0.19050374563256892,0.09327398574176246,0.0,0.0,0.0,0.06438630662322571,0.0,0.0,0.03052548063130158,0.0,0.0,0.028887679118536742,0.0,0.1322373738217086,0.0,0.0,0.0,0.0,0.0,0.0,0.10003831854095636,0.0,0.0,0.0,0.0,0.0,0.0,0.0,0.0,0.0
2008-01-25,0.7137617588881549,0.0121999592521337,0.0,0.010073833857165699,0.0,0.08158556341849683,0.015314082927251595,0.0,0.0,0.0,0.015314082927251595,0.0,0.0,0.033493432330398434,0.0,0.0,0.0,0.0,0.05337633000796724,0.0,0.0,0.0,0.0,0.0,0.0,0.06488095639118006,0.0,0.0,0.0,0.0,0.0,0.0,0.0,0.0,0.0
2008-02-01,0.7137617588881549,0.0121999592521337,0.0,0.010073833857165699,0.0,0.0786789741379244,0.015314082927251595,0.0,0.0,0.0,0.015314082927251595,0.0,0.0,0.024084088069502643,0.0,0.0,0.0,0.0,0.06841490106991453,0.0,0.0,0.0,0.0,0.0,0.0,0.062158318870701,0.0,0.0,0.0,0.0,0.0,0.0,0.0,0.0,0.0
2008-02-08,0.7137617588881549,0.0121999592521337,0.0,0.010073833857165699,0.0,0.07592147047844883,0.015314082927251595,0.0,0.0,0.0,0.015314082927251595,0.0,0.0,0.021517895969766294,0.0,0.0,0.0,0.0,0.07403504864901643,0.0,0.0,0.0,0.0,0.0,0.0,0.06186186705081102,0.0,0.0,0.0,0.0,0.0,0.0,0.0,0.0,0.0
2008-02-15,0.7137617588881549,0.0121999592521337,0.0,0.010073833857165699,0.0,0.0780244997508619,0.015314082927251595,0.0,0.0,0.0,0.015314082927251595,0.0,0.0,0.021517895969766294,0.0,0.0,0.0,0.0,0.07092137287206021,0.0,0.0,0.0,0.0,0.0,0.0,0.06287251355535417,0.0,0.0,0.0,0.0,0.0,0.0,0.0,0.0,0.0
2008-02-22,0.7137617588881549,0.0121999592521337,0.0,0.010073833857165699,0.0,0.06823795623238584,0.015314082927251595,0.0,0.0,0.0,0.02843315289847443,0.0,0.0,0.021517895969766294,0.0,0.0,0.0,0.0,0.0734628015688954,0.0,0.0,0.0,0.0,0.0,0.0,0.05699855840577221,0.0,0.0,0.0,0.0,0.0,0.0,0.0,0.0,0.0
2008-02-29,0.715057055332893,0.02767684133396219,0.0,0.0,0.0,0.06665016203087856,0.015488449756350959,0.0,0.0,0.0,0.03347365035387453,0.0,0.0,0.0,0.0,0.0,0.0,0.0,0.08702026988603212,0.0,0.0,0.0,0.0,0.0,0.0,0.0546335713060087,0.0,0.0,0.0,0.0,0.0,0.0,0.0,0.0,0.0
2008-03-07,0.715057055332893,0.02767684133396219,0.0,0.0,0.0,0.07271199174661959,0.015488449756350959,0.0,0.0,0.0,0.02187993407829416,0.0,0.0,0.0,0.0,0.0,0.0,0.0,0.08874739450580411,0.0,0.0,0.0,0.0,0.0,0.0,0.058438333246076044,0.0,0.0,0.0,0.0,0.0,0.0,0.0,0.0,0.0
2008-03-14,0.715057055332893,0.02767684133396219,0.0,0.0,0.0,0.0688367232851218,0.015488449756350959,0.0,0.0,0.0,0.03420047288226829,0.0,0.0,0.0,0.0,0.0,0.0,0.0,0.0838053875436108,0.0,0.0,0.0,0.0,0.0,0.0,0.05493506986579301,0.0,0.0,0.0,0.0,0.0,0.0,0.0,0.0,0.0
2008-03-21,0.715057055332893,0.02767684133396219,0.0,0.0,0.0,0.06941966013780528,0.015488449756350959,0.0,0.0,0.0,0.026010962537597243,0.0,0.0,0.0,0.0,0.0,0.0,0.0,0.08632217850840691,0.0,0.0,0.0,0.0,0.0,0.0,0.06002485239298448,0.0,0.0,0.0,0.0,0.0,0.0,0.0,0.0,0.0
2008-03-28,0.7158342331997358,0.027673557888399987,0.0,0.0,0.0,0.08259661637254614,0.01559306985381058,0.0,0.0,0.0,0.026129616615116133,0.0,0.0,0.0,0.0,0.0,0.0,0.0,0.10368215985273052,0.0,0.0,0.0,0.0,0.0,0.0,0.028490746217660783,0.0,0.0,0.0,0.0,0.0,0.0,0.0,0.0,0.0
2008-04-04,0.7158342331997358,0.027673557888399987,0.0,0.0,0.0,0.08201006451710878,0.01559306985381058,0.0,0.0,0.0,0.029392187826718867,0.0,0.0,0.0,0.0,0.0,0.0,0.0,0.10312537593169803,0.0,0.0,0.0,0.0,0.0,0.0,0.026371510782527918,0.0,0.0,0.0,0.0,0.0,0.0,0.0,0.0,0.0
2008-04-11,0.7158342331997358,0.027673557888399987,0.0,0.0,0.0,0.081467849743974,0.01559306985381058,0.0,0.0,0.0,0.0325963745487237,0.0,0.0,0.0,0.0,0.0,0.0,0.0,0.10257218797285271,0.0,0.0,0.0,0.0,0.0,0.0,0.024262726792503166,0.0,0.0,0.0,0.0,0.0,0.0,0.0,0.0,0.0
2008-04-18,0.7158342331997358,0.027673557888399987,0.0,0.0,0.0,0.0810017854439335,0.01559306985381058,0.0,0.0,0.0,0.03424884603235211,0.0,0.0,0.0,0.0,0.0,0.0,0.0,0.10331604371526523,0.0,0.0,0.0,0.0,0.0,0.0,0.022332463866502734,0.0,0.0,0.0,0.0,0.0,0.0,0.0,0.0,0.0
2008-04-25,0.6447309768922468,0.04562426948082515,0.0,0.0,0.0,0.08751396259049507,0.01834579719913663,0.0,0.0,0.0,0.05351466830031798,0.0,0.0,0.0,0.0,0.0,0.0,0.0,0.09545873860311462,0.0,0.0,0.0,0.02067250842286505,0.0,0.0,0.03413907851099862,0.0,0.0,0.0,0.0,0.0,0.0,0.0,0.0,0.0
2008-05-02,0.6447309768922468,0.04562426948082515,0.0,0.0,0.0,0.0867538063373005,0.01834579719913663,0.0,0.0,0.0,0.05373841361756109,0.0,0.0,0.0,0.0,0.0,0.0,0.0,0.0966211401565606,0.0,0.0,0.0,0.01834579719913663,0.0,0.0,0.035839799117232535,0.0,0.0,0.0,0.0,0.0,0.0,0.0,0.0,0.0
2008-05-09,0.6447309768922468,0.04562426948082515,0.0,0.0,0.0,0.09389074309289804,0.01834579719913663,0.0,0.0,0.0,0.04240897460926161,0.0,0.0,0.0,0.0,0.0,0.0,0.0,0.09840688778723924,0.0,0.0,0.0,0.01834579719913663,0.0,0.0,0.03824655373925584,0.0,0.0,0.0,0.0,0.0,0.0,0.0,0.0,0.0
2008-05-16,0.6447309768922468,0.04562426948082515,0.0,0.0,0.0,0.09105017009688521,0.01834579719913663,0.0,0.0,0.0,0.04188812477446902,0.0,0.0,0.0,0.0,0.0,0.0,0.0,0.10004211739838142,0.0,0.0,0.0,0.01834579719913663,0.0,0.0,0.03997274695891906,0.0,0.0,0.0,0.0,0.0,0.0,0.0,0.0,0.0
2008-05-23,0.6447309768922468,0.04562426948082515,0.0,0.0,0.0,0.09249673652229862,0.01834579719913663,0.0,0.0,0.0,0.042484746890648524,0.0,0.0,0.0,0.0,0.0,0.0,0.0,0.08779129964658994,0.0,0.0,0.0,0.02189828262916715,0.0,0.0,0.04662789073908713,0.0,0.0,0.0,0.0,0.0,0.0,0.0,0.0,0.0
2008-05-30,0.28967717227069595,0.09197176161870439,0.0,0.02962791939090755,0.0,0.18215777181194684,0.09688579859392961,0.0,0.0,0.0,0.005599854928938762,0.0,0.0,0.0,0.0,0.0,0.0,0.0,0.16058768044868862,0.0,0.0,0.0,0.04475781433013605,0.0,0.0,0.09873422660605218,0.0,0.0,0.0,0.0,0.0,0.0,0.0,0.0,0.0
2008-06-06,0.28967717227069595,0.09197176161870439,0.0,0.02962791939090755,0.0,0.18115221052069888,0.09688579859392961,0.0,0.0,0.0,0.0,0.0,0.0,0.0020437078210752625,0.0,0.0,0.0,0.0,0.15434659821660016,0.0,0.0,0.0,0.04295835006037121,0.0,0.0,0.11133648150701698,0.0,0.0,0.0,0.0,0.0,0.0,0.0,0.0,0.0
2008-06-13,0.28967717227069595,0.09197176161870439,0.0,0.02962791939090755,0.0,0.1713956209006571,0.09688579859392961,0.0,0.0,0.0,0.02134416656367572,0.0,0.0,0.004359466493288002,0.0,0.0,0.0,0.0,0.17400351839669473,0.0,0.0,0.0,0.02962791939090755,0.0,0.0,0.0911066563805394,0.0,0.0,0.0,0.0,0.0,0.0,0.0,0.0,0.0
2008-06-20,0.28967717227069595,0.09197176161870439,0.0,0.02962791939090755,0.012303495768181108,0.16553684399509844,0.09688579859392961,0.0,0.0,0.0,0.015056793160263388,0.0,0.0,0.014985788254218056,0.0,0.0,0.0,0.0,0.14144004908642302,0.0,0.0,0.0,0.04334055403612985,0.0,0.0,0.09917382382544859,0.0,0.0,0.0,0.0,0.0,0.0,0.0,0.0,0.0
2008-06-27,0.2898063033624176,0.025150858898064784,0.0,0.0,0.0,0.3265889024987976,0.06735472752181323,0.0,0.0,0.0,0.0848681830541792,0.0,0.0,0.0,0.0,0.0,0.0,0.0,0.1388097526102415,0.0,0.0,0.0,0.0,0.0,0.0,0.06742127205448604,0.0,0.0,0.0,0.0,0.0,0.0,0.0,0.0,0.0
2008-07-04,0.2898063033624176,0.05811643432024474,0.0,0.0,0.0,0.3261502400681997,0.06735472752181323,0.0,0.0,0.0,0.06735472752181323,0.0,0.0,0.012536490860182556,0.0,0.0,0.0,0.0,0.11256934669228802,0.0,0.0,0.0,0.0,0.0,0.0,0.06611172965304082,0.0,0.0,0.0,0.0,0.0,0.0,0.0,0.0,0.0
2008-07-11,0.2898063033624176,0.05145756790836145,0.0,0.0,0.0,0.31269726812416293,0.06735472752181323,0.0,0.0,0.0,0.09240481541497579,0.0,0.0,0.002753007140003237,0.0,0.0,0.0,0.0,0.1383116913577909,0.0,0.0,0.0,0.0,0.0,0.0,0.045214619170474785,0.0,0.0,0.0,0.0,0.0,0.0,0.0,0.0,0.0
2008-07-18,0.2898063033624176,0.07662515165738228,0.0,0.0,0.0,0.3303209045039986,0.06735472752181323,0.0,0.0,0.0,0.06735472752181323,0.0,0.0,0.0,0.0,0.0,0.0,0.0,0.12332356626210024,0.0,0.0,0.0,0.0,0.0,0.0,0.045214619170474785,0.0,0.0,0.0,0.0,0.0,0.0,0.0,0.0,0.0
2008-07-25,0.4465408602824884,0.08889389629285623,0.0,0.0,0.0,0.2347865615427611,0.044302350743224486,0.0,0.0,0.0,0.0933254514390806,0.0,0.0,0.0,0.0,0.0,0.0,0.0,0.09215087969958925,0.0,0.0,0.0,0.0,0.0,0.0,0.0,0.0,0.0,0.0,0.0,0.0,0.0,0.0,0.0,0.0
2008-08-01,0.4465408602824884,0.0837343180531187,0.0,0.0,0.0,0.22616364018249505,0.044302350743224486,0.0,0.0,0.0,0.08941638832767064,0.0,0.0,0.0,0.0,0.0,0.0,0.0,0.10984244241100277,0.0,0.0,0.0,0.0,0.0,0.0,0.0,0.0,0.0,0.0,0.0,0.0,0.0,0.0,0.0,0.0
2008-08-08,0.4465408602824884,0.08244961772618083,0.0,0.0,0.0,0.22445296025795428,0.044302350743224486,0.0,0.0,0.0,0.09788801056166166,0.0,0.0,0.0,0.0,0.0,0.0,0.0,0.10436620042849037,0.0,0.0,0.0,0.0,0.0,0.0,0.0,0.0,0.0,0.0,0.0,0.0,0.0,0.0,0.0,0.0
2008-08-15,0.4465408602824884,0.08206387773751893,0.0,0.0,0.0,0.2271189354773682,0.044302350743224486,0.0,0.0,0.0,0.08941460124609386,0.0,0.0,0.0,0.0,0.0,0.0,0.0,0.11055937451330619,0.0,0.0,0.0,0.0,0.0,0.0,0.0,0.0,0.0,0.0,0.0,0.0,0.0,0.0,0.0,0.0
2008-08-22,0.4465408602824884,0.07569775758578089,0.0,0.0,0.0,0.22821703556766834,0.044302350743224486,0.0,0.0,0.0,0.09893102582261701,0.0,0.0,0.0,0.0,0.0,0.0,0.0,0.10631096999822096,0.0,0.0,0.0,0.0,0.0,0.0,0.0,0.0,0.0,0.0,0.0,0.0,0.0,0.0,0.0,0.0
2008-08-29,0.19999999999999996,0.13204457323912783,0.0,0.0,0.0,0.17498474259699698,0.13691380937813713,0.0,0.0,0.006845392619819204,0.04643521788487666,0.0,0.0,0.0,0.0,0.0,0.0,0.0,0.30277626428104226,0.0,0.0,0.0,0.0,0.0,0.0,0.0,0.0,0.0,0.0,0.0,0.0,0.0,0.0,0.0,0.0
2008-09-05,0.19999999999999996,0.13124868176898932,0.0,0.0,0.0,0.17201520086326996,0.13691380937813713,0.0,0.0,0.006800065839195865,0.04685157007968187,0.0,0.0,0.0,0.0,0.0,0.0,0.0,0.30617067207072585,0.0,0.0,0.0,0.0,0.0,0.0,0.0,0.0,0.0,0.0,0.0,0.0,0.0,0.0,0.0,0.0
2008-09-12,0.19999999999999996,0.12118899055317547,0.0,0.0,0.0,0.17338429719044032,0.13691380937813713,0.0,0.0,0.011080976634259738,0.02870613903704475,0.0,0.0,0.002263071257557373,0.0,0.0,0.0,0.0,0.3264627159493853,0.0,0.0,0.0,0.0,0.0,0.0,0.0,0.0,0.0,0.0,0.0,0.0,0.0,0.0,0.0,0.0
2008-09-19,0.19999999999999996,0.1196421832450686,0.0,0.0,0.0,0.15053174824211246,0.13691380937813713,0.0,0.0,0.020235478370958567,0.027683989962745417,0.0,0.0,0.011378157824960253,0.0,0.0,0.0,0.0,0.32792161394734587,0.0,0.0,0.0,0.005693019028671749,0.0,0.0,0.0,0.0,0.0,0.0,0.0,0.0,0.0,0.0,0.0,0.0
2008-09-26,0.716945609984167,0.03946647234245431,0.0,0.0,0.0,0.02611885407392752,0.015742678267099387,0.0,0.0,0.010834496215199621,0.049715677213787605,0.0,0.0,0.009472957126492078,0.0,0.0,0.0,0.0,0.10422527741794133,0.0,0.0,0.0,0.02747797735893122,0.0,0.0,0.0,0.0,0.0,0.0,0.0,0.0,0.0,0.0,0.0,0.0
2008-10-03,0.716945609984167,0.03377879494511668,0.0,0.0,0.0,0.02624978556719118,0.015742678267099387,0.0,0.0,0.013852959254784528,0.04970794105247847,0.0,0.0,0.006687131723207352,0.0,0.0,0.0,0.0,0.10680772748722145,0.0,0.0,0.0,0.030227371718734013,0.0,0.0,0.0,0.0,0.0,0.0,0.0,0.0,0.0,0.0,0.0,0.0
2008-10-10,0.716945609984167,0.03033535517239909,0.0,0.0,0.0,0.025792190651070416,0.0197058316182639,0.0,0.0,0.01105327869232713,0.051720885423926034,0.0,0.0,0.006687131723207352,0.0,0.0,0.0,0.0,0.10639908456570399,0.0,0.0,0.0,0.03136063216893518,0.0,0.0,0.0,0.0,0.0,0.0,0.0,0.0,0.0,0.0,0.0,0.0
2008-10-17,0.716945609984167,0.02945328411888174,0.0,0.0,0.0,0.02543569520747505,0.01975946504285587,0.0,0.0,0.011281036676927578,0.04845808521039786,0.0,0.0,0.006687131723207352,0.0,0.0,0.0,0.0,0.10857771958217535,0.0,0.0,0.0,0.03340197245391227,0.0,0.0,0.0,0.0,0.0,0.0,0.0,0.0,0.0,0.0,0.0,0.0
2008-10-24,0.716945609984167,0.02945328411888174,0.0,0.0,0.0,0.029464256517637618,0.016224133865308438,0.0,0.0,0.017391701851948157,0.04117837347457444,0.0,0.0,0.006687131723207352,0.0,0.0,0.0,0.0,0.10564069440008786,0.0,0.0,0.0,0.03701481406418748,0.0,0.0,0.0,0.0,0.0,0.0,0.0,0.0,0.0,0.0,0.0,0.0
2008-10-31,0.7372925513872541,0.026065568716998073,0.0,0.0,0.0,0.0340115061261763,0.022881224814944593,0.0,0.0,0.010034561547890914,0.01574560696025963,0.0,0.0,0.0,0.0,0.0,0.0,0.0,0.1362757546807677,0.0,0.0,0.0,0.01769322576570852,0.0,0.0,0.0,0.0,0.0,0.0,0.0,0.0,0.0,0.0,0.0,0.0
2008-11-07,0.7372925513872541,0.023652798478629125,0.0,0.0,0.0,0.03449654903027206,0.027267904303816853,0.0,0.0,0.008306831046501607,0.021108530054853136,0.0,0.0,0.0,0.0,0.0,0.0,0.0,0.13290429187425085,0.0,0.0,0.0,0.014970543824422089,0.0,0.0,0.0,0.0,0.0,0.0,0.0,0.0,0.0,0.0,0.0,0.0
2008-11-14,0.7372925513872541,0.024989199919483954,0.0,0.0,0.0,0.03561665508578867,0.02379525494051164,0.0,0.0,0.0068456635219500935,0.024909503003951183,0.0,0.0,0.0,0.0,0.0,0.0,0.0,0.1301852595623725,0.0,0.0,0.0,0.016365912578687684,0.0,0.0,0.0,0.0,0.0,0.0,0.0,0.0,0.0,0.0,0.0,0.0
2008-11-21,0.7372925513872541,0.025840355730427686,0.0,0.0,0.0004057182721540847,0.03680473186868727,0.026889849379537322,0.0,0.0,0.008196904295238096,0.02575191941992734,0.0,0.0,0.0,0.0,0.0,0.0,0.0,0.12475544704057015,0.0,0.0,0.0,0.014062522606203779,0.0,0.0,0.0,0.0,0.0,0.0,0.0,0.0,0.0,0.0,0.0,0.0
2008-11-28,0.76121409582252,0.0014353406191080853,0.0,0.0,0.0,0.03669623735774322,0.033779655225431894,0.0,0.0,0.0,0.04381748964225743,0.0,0.0,0.0,0.0,0.0,0.0,0.0,0.12305718133293941,0.0,0.0,0.0,0.0,0.0,0.0,0.0,0.0,0.0,0.0,0.0,0.0,0.0,0.0,0.0,0.0
2008-12-05,0.76121409582252,0.0008180887245953477,0.0,0.0,0.0,0.0355633566511932,0.03441451318807853,0.0,0.0,0.0013663198019136188,0.043924700314969416,0.0,0.0,0.0,0.0,0.0,0.0,0.0,0.12269892549672992,0.0,0.0,0.0,0.0,0.0,0.0,0.0,0.0,0.0,0.0,0.0,0.0,0.0,0.0,0.0,0.0
2008-12-12,0.76121409582252,0.0007315331071042648,0.0,0.0,0.0015966724883101629,0.0347723979179434,0.03398213452697964,0.0,0.0,0.0,0.0440254719537188,0.0,0.0,0.0,0.0,0.0,0.0,0.0,0.12367769418342375,0.0,0.0,0.0,0.0,0.0,0.0,0.0,0.0,0.0,0.0,0.0,0.0,0.0,0.0,0.0,0.0
2008-12-19,0.76121409582252,0.0007833912898606468,0.0,0.0,0.0017177190281987354,0.0370035463754359,0.03382949053822483,0.0,0.0,0.0,0.04436413222869746,0.0,0.0,0.0,0.0,0.0,0.0,0.0,0.12108762471706247,0.0,0.0,0.0,0.0,0.0,0.0,0.0,0.0,0.0,0.0,0.0,0.0,0.0,0.0,0.0,0.0
2008-12-26,0.7518488379830386,0.01656843450198312,0.0,0.0,0.001853435868038115,0.02403304716468355,0.035139547231899666,0.0,0.0,0.0,0.049389408399575514,0.0,0.0,0.0,0.0,0.0,0.0,0.0,0.12116728885078148,0.0,0.0,0.0,0.0,0.0,0.0,0.0,0.0,0.0,0.0,0.0,0.0,0.0,0.0,0.0,0.0
2009-01-02,0.7518488379830386,0.015748418505693466,0.0,0.0,0.0018537263807597202,0.025209938495462235,0.035201381859774054,0.0,0.0,0.0,0.0497922780720134,0.0,0.0,0.0,0.0,0.0,0.0,0.0,0.12034541870325856,0.0,0.0,0.0,0.0,0.0,0.0,0.0,0.0,0.0,0.0,0.0,0.0,0.0,0.0,0.0,0.0
2009-01-09,0.7518488379830386,0.015748418505693466,0.0,0.0,0.001004505677058067,0.022787152745792016,0.035449902072537176,0.0,0.0,0.0,0.05130397836272145,0.0,0.0,0.0,0.0,0.0,0.0,0.0,0.12185720465315926,0.0,0.0,0.0,0.0,0.0,0.0,0.0,0.0,0.0,0.0,0.0,0.0,0.0,0.0,0.0,0.0
2009-01-16,0.7518488379830386,0.015748418505693466,0.0,0.0,0.002882500874236964,0.02358329139552283,0.034167616590051006,0.0,0.0,0.0,0.05058040632173077,0.0,0.0,0.0,0.0,0.0,0.0,0.0,0.12118892832972643,0.0,0.0,0.0,0.0,0.0,0.0,0.0,0.0,0.0,0.0,0.0,0.0,0.0,0.0,0.0,0.0
2009-01-23,0.7518488379830386,0.015748418505693466,0.0,0.0,0.0013207880707633585,0.02415238335830177,0.03652418603180249,0.0,0.0,0.0,0.05283956074174299,0.0,0.0,0.0,0.0,0.0,0.0,0.0,0.11756582530865738,0.0,0.0,0.0,0.0,0.0,0.0,0.0,0.0,0.0,0.0,0.0,0.0,0.0,0.0,0.0,0.0
2009-01-30,0.6742531301947847,0.0027421236524168033,0.0,0.0,0.035012125193557224,0.05076613766266215,0.0569036042604692,0.0,0.0,0.0,0.0699510333099166,0.0,0.0,0.0,0.0,0.0,0.0,0.0,0.11037184572619331,0.0,0.0,0.0,0.0,0.0,0.0,0.0,0.0,0.0,0.0,0.0,0.0,0.0,0.0,0.0,0.0
2009-02-06,0.6742531301947847,0.0012132010754675063,0.0,0.0,0.03416836166717364,0.05294427951109802,0.05694271266002429,0.0,0.0,0.0,0.07004946838435876,0.0,0.0,0.0,0.0,0.0,0.0,0.0,0.11042884650709307,0.0,0.0,0.0,0.0,0.0,0.0,0.0,0.0,0.0,0.0,0.0,0.0,0.0,0.0,0.0,0.0
2009-02-13,0.6742531301947847,0.004198836762613658,0.0,0.0,0.034132418182786055,0.049093947642636,0.05750845116342297,0.0,0.0,0.0,0.07184393288132812,0.0,0.0,0.0,0.0,0.0,0.0,0.0,0.10896928317242847,0.0,0.0,0.0,0.0,0.0,0.0,0.0,0.0,0.0,0.0,0.0,0.0,0.0,0.0,0.0,0.0
2009-02-20,0.6742531301947847,0.0012903538160903623,0.0,0.0,0.03416108226696654,0.04980163274887793,0.05794149985850028,0.0,0.0,0.0,0.07185937437514983,0.0,0.0,0.0,0.0,0.0,0.0,0.0,0.11069292673963031,0.0,0.0,0.0,0.0,0.0,0.0,0.0,0.0,0.0,0.0,0.0,0.0,0.0,0.0,0.0,0.0
2009-02-27,0.7432523191943031,0.0023391674901343607,0.0,0.0,0.016199307384303203,0.05316117612573536,0.0403953970617444,0.0,0.0,0.0,0.05100195997551968,0.0,0.0,0.0,0.0,0.0,0.0,0.0,0.0936506727682598,0.0,0.0,0.0,0.0,0.0,0.0,0.0,0.0,0.0,0.0,0.0,0.0,0.0,0.0,0.0,0.0
2009-03-06,0.7432523191943031,0.001335526863214918,0.0,0.0,0.016170271560820803,0.05585128182732778,0.03989111406210297,0.0,0.0,0.0,0.05153772538768356,0.0,0.0,0.0,0.0,0.0,0.0,0.0,0.09196176110454674,0.0,0.0,0.0,0.0,0.0,0.0,0.0,0.0,0.0,0.0,0.0,0.0,0.0,0.0,0.0,0.0
2009-03-13,0.7432523191943031,0.0033803304763940314,0.0,0.0,0.015749430662049646,0.057507222649241685,0.039051480335254816,0.0,0.0,0.0,0.04953015536068779,0.0,0.0,0.0,0.0,0.0,0.0,0.0,0.09152906132206881,0.0,0.0,0.0,0.0,0.0,0.0,0.0,0.0,0.0,0.0,0.0,0.0,0.0,0.0,0.0,0.0
2009-03-20,0.7432523191943031,0.001353793876512905,0.0,0.0,0.015749430662049646,0.05952167717273274,0.039817586445541314,0.0,0.0,0.0,0.05074172159772,0.0,0.0,0.00040420201822769923,0.0,0.0,0.0,0.0,0.08915926903291246,0.0,0.0,0.0,0.0,0.0,0.0,0.0,0.0,0.0,0.0,0.0,0.0,0.0,0.0,0.0,0.0
2009-03-27,0.7293025482783261,0.0022996120045880157,0.0,0.0,0.0,0.08826142080900662,0.03964972718537771,0.0,0.0,0.0,0.052318045299158136,0.0,0.0,0.0004083531835618373,0.0,0.0,0.0,0.0,0.0877602932399815,0.0,0.0,0.0,0.0,0.0,0.0,0.0,0.0,0.0,0.0,0.0,0.0,0.0,0.0,0.0,0.0
2009-04-03,0.7293025482783261,0.0023613121831344854,0.0,0.0,0.0,0.08720706582851942,0.040292473194611905,0.0,0.0,0.0,0.05126833146239702,0.0,0.0,0.0,0.0,0.0,0.0,0.0,0.089568269053011,0.0,0.0,0.0,0.0,0.0,0.0,0.0,0.0,0.0,0.0,0.0,0.0,0.0,0.0,0.0,0.0
2009-04-10,0.7293025482783261,0.005241350313889745,0.0,0.0,0.0,0.0829882990345561,0.040097900344505805,0.0,0.0,0.0,0.05205659580770428,0.0,0.0,0.0004066085738797104,0.0,0.0,0.0,0.0,0.08990669764713817,0.0,0.0,0.0,0.0,0.0,0.0,0.0,0.0,0.0,0.0,0.0,0.0,0.0,0.0,0.0,0.0
2009-04-17,0.7293025482783261,0.0024234205862067753,0.0,0.0,0.0,0.08414837950748956,0.04014103622225563,0.0,0.0,0.0,0.053096825539502006,0.0,0.0,0.0004155112293699685,0.0,0.0,0.0,0.0,0.09047227863684988,0.0,0.0,0.0,0.0,0.0,0.0,0.0,0.0,0.0,0.0,0.0,0.0,0.0,0.0,0.0,0.0
2009-04-24,0.3268453418322278,0.009319734936351005,0.0,0.0,0.0,0.19738116622385624,0.1364820274539934,0.0,0.0,0.0,0.13103878356041732,0.0,0.0,0.0,0.0,0.0,0.0,0.0,0.1989329459931544,0.0,0.0,0.0,0.0,0.0,0.0,0.0,0.0,0.0,0.0,0.0,0.0,0.0,0.0,0.0,0.0
2009-05-01,0.3268453418322278,0.0008993718111392484,0.0,0.0,0.0,0.19336735770618518,0.13502484966089026,0.0,0.0,0.0,0.1327798298240906,0.0,0.0,0.0,0.0,0.0,0.0,0.0,0.20488328688906204,0.0,0.0,0.0,0.0,0.0,0.0,0.006199962276405021,0.0,0.0,0.0,0.0,0.0,0.0,0.0,0.0,0.0
2009-05-08,0.3268453418322278,0.007580947235952574,0.0,0.0,0.0,0.1893761530939799,0.1327773715437986,0.0,0.0,0.0,0.13694821648620012,0.0,0.0,0.0,0.0,0.0,0.0,0.0,0.20208379546992017,0.0,0.0,0.0,0.0,0.0,0.0,0.0043881743379210305,0.0,0.0,0.0,0.0,0.0,0.0,0.0,0.0,0.0
2009-05-15,0.3268453418322278,0.00728813247482787,0.0,0.0,0.0,0.1885571937411489,0.13784889436233483,0.0,0.0,0.0,0.13595822940038102,0.0,0.0,0.0,0.0,0.0,0.0,0.0,0.20032799986109368,0.0,0.0,0.0,0.0,0.0,0.0,0.0031742083279860524,0.0,0.0,0.0,0.0,0.0,0.0,0.0,0.0,0.0
2009-05-22,0.3268453418322278,0.0022892306691193833,0.0,0.0,0.0,0.1856659568569769,0.1395600630531668,0.0,0.0,0.0,0.14066979286042663,0.0,0.0,0.0,0.0,0.0,0.0,0.0,0.19968075941255325,0.0,0.0,0.0,0.0,0.0,0.0,0.005288855315529369,0.0,0.0,0.0,0.0,0.0,0.0,0.0,0.0,0.0
2009-05-29,0.36231099721594784,0.0008017746648884475,0.0,0.016422833572036905,0.0,0.1472172337485686,0.13247086329392338,0.0,0.0,0.0,0.14059788874741375,0.0,0.0,0.0,0.0,0.0,0.0,0.0,0.1781913852099894,0.0,0.0,0.0,0.0,0.0,0.0,0.021987023547231577,0.0,0.0,0.0,0.0,0.0,0.0,0.0,0.0,0.0
2009-06-05,0.36231099721594784,0.005274064926988426,0.0,0.016422833572036905,0.0,0.13895305066627528,0.13613707006026798,0.0,0.0,0.0,0.15056824663325769,0.0,0.0,0.000694155886297795,0.0,0.0,0.0,0.0,0.16878844134091053,0.0,0.0,0.0,0.0,0.0,0.0,0.02085113969801747,0.0,0.0,0.0,0.0,0.0,0.0,0.0,0.0,0.0
2009-06-12,0.36231099721594784,0.022784874398852257,0.0,0.01851388769324795,0.0,0.15002172619357068,0.14038376297675625,0.0,0.0,0.0,0.12856982842765552,0.0,0.0,0.0,0.0,0.0,0.0,0.0,0.14346110929798347,0.0,0.0,0.0,0.0,0.0,0.0,0.033953813795985915,0.0,0.0,0.0,0.0,0.0,0.0,0.0,0.0,0.0
2009-06-19,0.36231099721594784,0.005577100951132475,0.0,0.016422833572036905,0.0,0.14761119377795145,0.126540127498387,0.0,0.0,0.0,0.1525150881608614,0.0,0.0,0.0,0.0,0.0,0.0,0.0,0.1671440970279089,0.0,0.0,0.0,0.0,0.0,0.0,0.02187856179577394,0.0,0.0,0.0,0.0,0.0,0.0,0.0,0.0,0.0
2009-06-26,0.030037375034143308,0.016777753049344615,0.0,0.012671928042616838,0.0,0.2477945330125862,0.18556208922634426,0.0,0.0,0.0,0.2599380023879252,0.0,0.0,0.0,0.0,0.0,0.012671928042616838,0.0,0.17638963855989817,0.0,0.0,0.0,0.0,0.0,0.0,0.05815675264452465,0.0,0.0,0.0,0.0,0.0,0.0,0.0,0.0,0.0
2009-07-03,0.030037375034143308,0.012985272050243779,0.0,0.012671928042616838,0.0,0.24845617348267202,0.18592184280918006,0.0,0.0,0.0,0.2567138437964773,0.0,0.0,0.004123549994348699,0.0,0.0,0.012671928042616838,0.0,0.17412493693350778,0.0,0.0,0.0,0.0,0.0,0.0,0.06229314981419335,0.0,0.0,0.0,0.0,0.0,0.0,0.0,0.0,0.0
2009-07-10,0.030037375034143308,0.013212971735953432,0.0,0.012671928042616838,0.0,0.24128571349188815,0.1900091631003712,0.0,0.0,0.0,0.253204328577326,0.0,0.0,0.012883904402419452,0.0,0.0,0.012671928042616838,0.0,0.17023330578318424,0.0,0.0,0.0,0.0,0.0,0.0,0.06378938178948063,0.0,0.0,0.0,0.0,0.0,0.0,0.0,0.0,0.0
2009-07-17,0.03003737503414331,0.0,0.0,0.015911139903038166,0.0015505516415241305,0.23865869721090638,0.2043831525177056,0.0,0.0,0.0,0.24820292078605755,0.0,0.0,0.008410937615695536,0.0,0.0,0.011650480086299441,0.0,0.14826809743009323,0.0,0.0,0.0034997808825164936,0.0,0.0,0.0,0.08942686689202016,0.0,0.0,0.0,0.0,0.0,0.0,0.0,0.0,0.0
2009-07-24,0.03003737503414331,0.0,0.0,0.01359089356352412,0.0,0.24365825095897342,0.20248955815521863,0.0,0.0,0.0,0.25044828579299333,0.0,0.0,0.008034533152900425,0.0,0.0,0.012318010588670807,0.0,0.14808965551150893,0.0,0.0,0.00042975163145348523,0.0,0.0,0.0,0.09090368561061357,0.0,0.0,0.0,0.0,0.0,0.0,0.0,0.0,0.0
2009-07-31,0.0300331000681537,0.0,0.0,0.011852317673038222,0.001718971392958043,0.24024473645267444,0.20135037004279424,0.0,0.0,0.0,0.18166076533580677,0.0,0.0,0.14324367811429572,0.0,0.0,0.006990746449674669,0.0,0.03403122966640276,0.0,0.0,0.005819990754117692,0.006990746449674669,0.0,0.0,0.13606334760040906,0.0,0.0,0.0,0.0,0.0,0.0,0.0,0.0,0.0
2009-08-07,0.030033100068153705,0.0,0.0,0.015025103746382145,0.0005663391333533677,0.23878926462805583,0.20337429082844066,0.0,0.0,0.0,0.1686553428638511,0.0,0.0,0.1340177639503501,0.0,0.0,0.015025103746382145,0.0,0.03724168462296193,0.0,0.0,0.0,0.015025103746382145,0.0,0.0,0.14224690266568685,0.0,0.0,0.0,0.0,0.0,0.0,0.0,0.0,0.0
2009-08-14,0.030033100068153705,0.0,0.0,0.011193960204359088,0.0,0.24076107238343464,0.19830809001925176,0.0,0.0,0.0,0.18123478061752396,0.0,0.0,0.13266994824152656,0.0,0.0,0.011193960204359088,0.0,0.0476512765713676,0.0,0.0,0.0,0.011193960204359088,0.0,0.0,0.1357598514856645,0.0,0.0,0.0,0.0,0.0,0.0,0.0,0.0,0.0
2009-08-21,0.0300331000681537,0.0,0.0,0.01226573763332298,0.0,0.24823640059577118,0.18942494818478167,0.0,0.0,0.0,0.17397505572116714,0.0,0.0,0.1560750010393571,0.0,0.0,0.0090502187743116,0.0,0.052378206790689864,0.0,0.0,0.005089218199649907,0.0090502187743116,0.0,0.0,0.1144218942184832,0.0,0.0,0.0,0.0,0.0,0.0,0.0,0.0,0.0
2009-08-28,0.04510371542546151,0.0,0.0,0.020113745296173966,0.0017088540217217768,0.1611580927300252,0.2029270433019954,0.0,0.0,0.00455248645343522,0.2231700372255668,0.0,0.0,0.07631139910564454,0.0,0.0,0.013867443361412839,0.0,0.12397568023642297,0.0,0.0,0.007483999048112198,0.013477104556388626,0.0,0.0,0.10615039923763903,0.0,0.0,0.0,0.0,0.0,0.0,0.0,0.0,0.0
2009-09-04,0.04510371542546151,0.0,0.0,0.0105864559867727,0.0036082069108168786,0.18025702270733304,0.21002367944336212,0.0,0.0,0.0011719730980367202,0.24290869191011502,0.0,0.0,0.05647439267150811,0.0,0.0,0.0062608271841567515,0.0,0.1537148762755732,0.0,0.0,0.005527802794620878,0.0062608271841567515,0.0,0.0,0.07810152840808632,0.0,0.0,0.0,0.0,0.0,0.0,0.0,0.0,0.0
2009-09-11,0.04510371542546151,0.0,0.0,0.014758033786026834,0.0006640426232512101,0.17941348788787367,0.21640894966783064,0.0,0.0,0.0021995177944112753,0.21708257644147702,0.0,0.0,0.06087083178179872,0.0,0.0,0.007242216173127067,0.0,0.1508495529480513,0.0,0.0,0.009528044284668798,0.013187828374025212,0.0,0.0,0.08269120281199663,0.0,0.0,0.0,0.0,0.0,0.0,0.0,0.0,0.0
2009-09-18,0.0451037154254615,0.0,0.0,0.011484022238142207,0.004542663925602794,0.18513404835858183,0.21190145602501143,0.0,0.0,0.001612336568899235,0.23258735189247898,0.0,0.0,0.05722194234477192,0.0,0.0,0.006552936478380055,0.0,0.15197302520055095,0.0,0.0,0.007231748935890669,0.006552936478380055,0.0,0.0,0.07810181612784839,0.0,0.0,0.0,0.0,0.0,0.0,0.0,0.0,0.0
2009-09-25,0.0,0.0,0.0,0.017920916410159672,0.009870235494159356,0.20972276359418815,0.22036933346214974,0.0,0.0,0.0,0.23768306068318446,0.0,0.0,0.03145273360491411,0.0,0.0,0.007118383154022494,0.0,0.02077636835964098,0.0,0.0,0.02526403675192028,0.007376926022779462,0.0,0.0,0.21244524246288132,0.0,0.0,0.0,0.0,0.0,0.0,0.0,0.0,0.0
2009-10-02,0.0,0.0,0.0,0.018448232944376558,0.0035971867827024424,0.21296580749699567,0.21439766912817396,0.0,0.0,0.0,0.23825956307613128,0.0,0.0,0.03135303807977842,0.0,0.0,0.009148002237539121,0.0,0.02124546161962421,0.0,0.0,0.022893089677554917,0.011341585282475164,0.0,0.0,0.21635036367464827,0.0,0.0,0.0,0.0,0.0,0.0,0.0,0.0,0.0
2009-10-09,0.0,0.0,0.0,0.02683148810761838,0.0044163992090946865,0.21868558902871196,0.20472354100996365,0.0,0.0,0.0,0.22959964651011644,0.0,0.0,0.03062810717670469,0.0,0.0,0.015695683400162717,0.0,0.018523435096525622,0.0,0.0,0.020562980167371854,0.015695683400162717,0.0,0.0,0.21463744689356706,0.0,0.0,0.0,0.0,0.0,0.0,0.0,0.0,0.0
2009-10-16,0.0,0.0,0.0,0.035385790603582046,0.0028691368340740594,0.2097992308805923,0.21589238019436388,0.0,0.0,0.006960566673225569,0.19386915183991849,0.0,0.0,0.029891584542231828,0.0,0.0,0.023348510121296163,0.0,0.01967387958464411,0.0,0.0,0.026868012769628878,0.015930079040673815,0.0,0.0,0.2195116769157688,0.0,0.0,0.0,0.0,0.0,0.0,0.0,0.0,0.0
2009-10-23,0.0,0.0,0.0,0.036103574528153014,0.0,0.20950054680488733,0.20770976925342172,0.0,0.0,0.009153529819009848,0.19373390158755155,0.0,0.0,0.02915080970817201,0.0,0.0,0.01669794198566746,0.0,0.02024201627439488,0.0,0.0,0.03146967760052176,0.024312516039820306,0.0,0.0,0.22192571639840009,0.0,0.0,0.0,0.0,0.0,0.0,0.0,0.0,0.0
2009-10-30,0.0,0.0,0.0,0.09578363890269842,0.0,0.006673164521461366,0.19243187592656472,0.0,0.0,0.007447221202368643,0.14984001361786756,0.0,0.0,0.06219588375823745,0.0,0.0,0.008955888177813044,0.0,0.0,0.0,0.0,0.2142821232460448,0.014829961341416896,0.0,0.0,0.24756022930552704,0.0,0.0,0.0,0.0,0.0,0.0,0.0,0.0,0.0
2009-11-06,0.0,0.0,0.0,0.08830726332950486,0.0,0.03116741162607941,0.20202859894056702,0.0,0.0,0.0033447806514609055,0.1495753522631308,0.0,0.0,0.04772871236092737,0.0,0.0,0.01731567839450627,0.0,0.0,0.0,0.0,0.19843997345379993,0.022721427628009258,0.0,0.0,0.2393708013520141,0.0,0.0,0.0,0.0,0.0,0.0,0.0,0.0,0.0
2009-11-13,0.0,0.0,0.0,0.11000719171702068,0.0,0.028315608067075775,0.1862071730841928,0.0,0.0,0.009438708535519572,0.12634936836454005,0.0,0.0,0.06591151921775205,0.0,0.0,0.019859163171880734,0.0,0.0,0.0,0.0,0.187183178647718,0.023913578558137045,0.0,0.0,0.2428145106361631,0.0,0.0,0.0,0.0,0.0,0.0,0.0,0.0,0.0
2009-11-20,0.0,0.0,0.0,0.08831754233311635,0.0,0.01577614653561899,0.19451030745684014,0.0,0.0,0.011536257301783771,0.14984296228822763,0.0,0.0,0.04169822234776914,0.0,0.0,0.01941718406216353,0.0,0.0,0.0,0.0,0.1978322744758471,0.032030235426490875,0.0,0.0,0.24903886777214254,0.0,0.0,0.0,0.0,0.0,0.0,0.0,0.0,0.0
2009-11-27,0.0,0.0,0.0,0.2393577019483832,0.0,0.015276747853004615,0.16750252485463094,0.0,0.0,0.009610010681043822,0.0,0.0,0.0,0.04619882398544415,0.0,0.0,0.016297106815619713,0.0,0.0,0.0,0.0,0.19914519284649443,0.05629358898192363,0.0,0.0,0.25031830203345545,0.0,0.0,0.0,0.0,0.0,0.0,0.0,0.0,0.0
2009-12-04,0.0,0.0,0.0,0.23493723563194724,0.0,0.017192638073125738,0.1882219361625856,0.0,0.0,0.002835746325049442,0.0,0.0,0.0,0.049613822367029124,0.0,0.0,0.019513465152940303,0.0,0.0,0.0,0.0,0.19142812651908056,0.05466670386891996,0.0,0.0,0.24159032589932203,0.0,0.0,0.0,0.0,0.0,0.0,0.0,0.0,0.0
2009-12-11,0.0,0.0,0.0,0.24341089144711098,0.0,0.015405859428398509,0.18215010512291704,0.0,0.0,0.002050651348493351,0.0,0.0,0.0,0.04240399670052703,0.0,0.0,0.015405859428398509,0.0,0.0,0.0,0.0,0.1997369815837527,0.05292742614921768,0.0,0.0,0.2465082287911842,0.0,0.0,0.0,0.0,0.0,0.0,0.0,0.0,0.0
2009-12-18,0.0,0.0,0.0,0.2344089643493765,0.0,0.025980036588075527,0.14808828253762676,0.0,0.0,0.0,0.0,0.0,0.0,0.07352577685726464,0.0,0.0,0.02060716231460536,0.0,0.0,0.0,0.0,0.19107905934779823,0.06031369583139782,0.0,0.0,0.24599702217385508,0.0,0.0,0.0,0.0,0.0,0.0,0.0,0.0,0.0
2009-12-25,0.0,0.0,0.0,0.02370627645696661,0.0,0.21448731362977919,0.1910215473987328,0.0,0.0,0.0,0.0,0.0,0.0,0.1943849035577857,0.0,0.0,0.02007674220020179,0.0,0.0,0.0,0.0,0.040881500270592466,0.06475596914098869,0.0,0.0,0.25068574734495275,0.0,0.0,0.0,0.0,0.0,0.0,0.0,0.0,0.0
2010-01-01,0.0,0.0,0.0,0.022591833555632657,0.0,0.2257011015226765,0.19143923315037323,0.0,0.0,0.0,0.0,0.0,0.0,0.19628404869269372,0.0,0.0,0.0171457454064569,0.0,0.0,0.0,0.0,0.037391387661645945,0.05953903006441945,0.0,0.0,0.2499076199461015,0.0,0.0,0.0,0.0,0.0,0.0,0.0,0.0,0.0
2010-01-08,0.0,0.0,0.0,0.029360365827088945,0.0,0.2046447721370603,0.17216570886802693,0.0,0.0,0.0,0.0,0.0,0.0,0.13884667463719386,0.0,0.0,0.024188803698975275,0.0,0.0,0.0,0.0,0.07497009085470277,0.09670753006549215,0.0,0.0,0.2591160539114597,0.0,0.0,0.0,0.0,0.0,0.0,0.0,0.0,0.0
2010-01-15,0.0,0.0,0.0,0.017873229470494807,0.0,0.23405404808246535,0.1940002114891033,0.0,0.0,0.0,0.0,0.0,0.0,0.14149758116274286,0.0,0.0,0.014822377245899543,0.0,0.0,0.0,0.0,0.04732974684937341,0.07393414885386522,0.0,0.0,0.2764886568460555,0.0,0.0,0.0,0.0,0.0,0.0,0.0,0.0,0.0
2010-01-22,0.0,0.0,0.0,0.025238930136765213,0.0,0.19772545414811762,0.17042168099241758,0.0,0.0,0.0011541856886243386,0.0,0.0,0.0,0.17493106923539464,0.0,0.0,0.029383733403249825,0.0,0.0,0.0,0.0,0.05258750117462141,0.09491944248410912,0.0,0.0,0.2536380027367003,0.0,0.0,0.0,0.0,0.0,0.0,0.0,0.0,0.0
2010-01-29,0.09628888689351262,0.0,0.0,0.10105698780645592,0.0,0.09486141310268163,0.02264474793254717,0.0,0.0,0.028023220149651192,0.0,0.0,0.0,0.13082087839485693,0.0,0.0,0.02471510165523477,0.0,0.0,0.0,0.0,0.03746547035293138,0.22477690725267188,0.0,0.0,0.23934638645945647,0.0,0.0,0.0,0.0,0.0,0.0,0.0,0.0,0.0
2010-02-05,0.09362623406342545,0.0,0.0,0.1095353172734901,0.0,0.09120814834391201,0.020988472796342927,0.0,0.0,0.01706749608255295,0.0,0.0,0.0,0.1296992928985035,0.0,0.0,0.03225376440887689,0.0,0.0,0.0,0.0,0.0416201032882739,0.22748098767967848,0.0,0.0,0.2365201831649436,0.0,0.0,0.0,0.0,0.0,0.0,0.0,0.0,0.0
2010-02-12,0.10462082076411296,0.0,0.0,0.10657327422895185,0.0,0.09846390633379615,0.01999829076071143,0.0,0.0,0.017719537152633087,0.0,0.0,0.0,0.12482408304791731,0.0,0.0,0.02742893861483158,0.0,0.0,0.0,0.0,0.0381755992451534,0.2272941325504142,0.0,0.0,0.23490141730147793,0.0,0.0,0.0,0.0,0.0,0.0,0.0,0.0,0.0
2010-02-19,0.09609274083822088,0.0,0.0,0.10581480335680316,0.0,0.09293289044720393,0.020863334818538283,0.0,0.0,0.020661666811368058,0.0,0.0,0.0,0.12305095771188553,0.0,0.0,0.027809674635727817,0.0,0.0,0.0,0.0,0.05607651801388178,0.22600279423581307,0.0,0.0,0.23069461913055725,0.0,0.0,0.0,0.0,0.0,0.0,0.0,0.0,0.0
2010-02-26,0.0,0.0,0.0,0.19190569414684,0.01250334170618626,0.01839659174763263,0.01839659174763263,0.0,0.0,0.026677964856154313,0.0,0.0,0.0,0.05847968855282196,0.0,0.0,0.030669709600378015,0.0,0.0,0.0,0.0,0.1498762518167377,0.24704226590172162,0.0,0.0,0.24605189992389492,0.0,0.0,0.0,0.0,0.0,0.0,0.0,0.0,0.0
2010-03-05,0.0,0.0,0.0,0.17748596709412784,0.00914188663002292,0.010567351994879928,0.05645983649430619,0.0,0.0,0.04219461084820171,0.0,0.0,0.0,0.05066524120750156,0.0,0.0,0.037655866519351926,0.0,0.0,0.0,0.0,0.14518609180844594,0.23908022651844874,0.0,0.0,0.23156292088471314,0.0,0.0,0.0,0.0,0.0,0.0,0.0,0.0,0.0
2010-03-12,0.0,0.0,0.0,0.17394239810900008,0.0055528382481636355,0.011108277854197254,0.07296086426809946,0.0,0.0,0.043042745866997405,0.0,0.0,0.0,0.04983700324614059,0.0,0.0,0.04726903842047678,0.0,0.0,0.0,0.0,0.13946640227844226,0.23692942455067603,0.0,0.0,0.2198910071578065,0.0,0.0,0.0,0.0,0.0,0.0,0.0,0.0,0.0
2010-03-19,0.0,0.0,0.0,0.17911791070652303,0.0,0.025249382292142977,0.010705334250449913,0.0,0.0,0.043708561392357986,0.0,0.0,0.0,0.06256754643942629,0.0,0.0,0.0428365449896411,0.0,0.0,0.0,0.0,0.15010075043871873,0.24996015640867794,0.0,0.0,0.235753813082062,0.0,0.0,0.0,0.0,0.0,0.0,0.0,0.0,0.0
2010-03-26,0.0,0.0,0.0,0.0494731039874944,0.0,0.023251161287662876,0.13242765230399364,0.0,0.0,0.19982437859059504,0.0,0.0,0.0,0.046738846681376824,0.0,0.0,0.1675550363214235,0.0,0.0,0.0,0.0,0.0,0.25741915716483793,0.0,0.0,0.12331066366261573,0.0,0.0,0.0,0.0,0.0,0.0,0.0,0.0,0.0
2010-04-02,0.0,0.0,0.0,0.05346606478879977,0.0,0.056738784671479255,0.16507700297087521,0.0,0.0,0.18922993533691865,0.0,0.0,0.0,0.03297403748444851,0.0,0.0,0.15848202426665398,0.0,0.0,0.0,0.0,0.0,0.2491949844036436,0.0,0.0,0.09483716607718123,0.0,0.0,0.0,0.0,0.0,0.0,0.0,0.0,0.0
2010-04-09,0.0,0.0,0.0,0.05270704836578312,0.0,0.05769280770164804,0.1333378761159618,0.0,0.0,0.19912385127381388,0.0,0.0,0.0,0.040702737146157665,0.0,0.0,0.1598494416899448,0.0,0.0,0.0,0.0,0.0,0.25774133439051267,0.0,0.0,0.0988449033161781,0.0,0.0,0.0,0.0,0.0,0.0,0.0,0.0,0.0
2010-04-16,0.0,0.0,0.0,0.08241288222402016,0.0,0.013600480724965721,0.08629411638829368,0.0,0.0,0.17319769754861286,0.0,0.0,0.0,0.1016378395259724,0.0,0.0,0.11952108260819677,0.0,0.0,0.0,0.0,0.0,0.2561734672600272,0.0,0.0,0.16716243371991113,0.0,0.0,0.0,0.0,0.0,0.0,0.0,0.0,0.0
2010-04-23,0.0,0.0,0.0,0.10556420628265889,0.0,0.015823532055841076,0.08658783567589104,0.0,0.0,0.15765578307604936,0.0,0.0,0.0,0.08413488929799183,0.0,0.0,0.11386613421480749,0.0,0.0,0.0,0.0,0.0,0.26396156525841513,0.0,0.0,0.17240605413834514,0.0,0.0,0.0,0.0,0.0,0.0,0.0,0.0,0.0
2010-04-30,0.0,0.0,0.0,0.039264715241789414,0.0,0.14653951854037314,0.006579727822791063,0.0,0.0,0.20539270854712904,0.0,0.0,0.0,0.0804974178206629,0.0,0.0,0.19432477050699878,0.0,0.0,0.0,0.0,0.0,0.24269455016098151,0.0,0.0,0.08470659135927408,0.0,0.0,0.0,0.0,0.0,0.0,0.0,0.0,0.0
2010-05-07,0.0,0.0,0.0,0.10848068062487516,0.0,0.08023695819834055,0.00856506383380779,0.0,0.0,0.16080642343628,0.0,0.0,0.0,0.08126793460170595,0.0,0.0,0.10062864389512369,0.0,0.0,0.0,0.0,0.0012959035974622652,0.26830191948856863,0.0,0.0,0.190416472323836,0.0,0.0,0.0,0.0,0.0,0.0,0.0,0.0,0.0
2010-05-14,0.0,0.0,0.0,0.0905276592200528,0.0,0.08219770274683082,0.007810172215216975,0.0,0.0,0.17331806671019623,0.0,0.0,0.0,0.09694114563867866,0.0,0.0,0.09461682902433861,0.0,0.0,0.0,0.0,0.0,0.2654672214705731,0.0,0.0,0.18912120297411267,0.0,0.0,0.0,0.0,0.0,0.0,0.0,0.0,0.0
2010-05-21,0.0,0.0,0.0,0.09322075070103948,0.0,0.07613487156738111,0.01311502822096163,0.0,0.0,0.16922241587090087,0.0,0.0,0.0,0.10640636642447272,0.0,0.0,0.11506610172016316,0.0,0.0,0.0,0.0,0.0,0.2594559424479383,0.0,0.0,0.16737852304714274,0.0,0.0,0.0,0.0,0.0,0.0,0.0,0.0,0.0
2010-05-28,0.25620933018996933,0.0,0.0,0.0,0.0,0.021772564378283253,0.017356209018976824,0.0,0.0,0.11225479735727982,0.0,0.0,0.0,0.11403894363820234,0.0,0.0,0.13403773427174254,0.0,0.017356209018976824,0.0,0.0,0.0,0.20228538041021712,0.0,0.0,0.12468883171635202,0.0,0.0,0.0,0.0,0.0,0.0,0.0,0.0,0.0
2010-06-04,0.25561949344205415,0.0,0.0,0.0,0.0,0.027846357700196334,0.01415662690755937,0.0,0.0,0.11831769130588628,0.0,0.0,0.0,0.12345398290061313,0.0,0.0,0.12451267900776593,0.0,0.011679012984815275,0.0,0.0,0.0,0.19799440306102087,0.0,0.0,0.12641975269008865,0.0,0.0,0.0,0.0,0.0,0.0,0.0,0.0,0.0
2010-06-11,0.26037922691793897,0.0,0.0,0.0,0.0,0.05274089168087891,0.014930058922563938,0.0,0.0,0.10143598936361928,0.01739812573177423,0.0,0.0,0.09731018904674266,0.0,0.0,0.11417353149889761,0.0,0.04098441988537664,0.0,0.0,0.0,0.19070060911445158,0.0,0.0,0.1099469578377561,0.0,0.0,0.0,0.0,0.0,0.0,0.0,0.0,0.0
2010-06-18,0.2651407814001514,0.0,0.0,0.0,0.0,0.052905009796802356,0.010007651692099205,0.0,0.0,0.11104358841219297,0.0,0.0,0.0,0.10890320187705149,0.0,0.0,0.12375867135041933,0.0,0.02918970155148444,0.0,0.0,0.0,0.19195758599515497,0.0,0.0,0.10709380792464372,0.0,0.0,0.0,0.0,0.0,0.0,0.0,0.0,0.0
2010-06-25,0.19999999999999996,0.0,0.0,0.0,0.0,0.21165082473744903,0.016460676199418347,0.0,0.0,0.10665406997271554,0.03225069334990815,0.0,0.0,0.04234558600726102,0.0,0.0,0.0673814052388302,0.0,0.05220476580439556,0.0,0.0,0.0,0.19317889925366805,0.0,0.0,0.07787307943635421,0.0,0.0,0.0,0.0,0.0,0.0,0.0,0.0,0.0
2010-07-02,0.19999999999999996,0.0,0.0,0.0,0.0,0.20280771560809777,0.024558566605289232,0.0,0.0,0.11153637189346734,0.029522699211106472,0.0,0.0,0.0492741285048947,0.0,0.0,0.07712621562930642,0.0,0.04883392971869746,0.0,0.0,0.0,0.1865178450011916,0.0,0.0,0.06982252782794902,0.0,0.0,0.0,0.0,0.0,0.0,0.0,0.0,0.0
2010-07-09,0.19999999999999996,0.0,0.0,0.0,0.0,0.20913805869063812,0.01115381105412382,0.0,0.0,0.12457252439890054,0.03127524704441723,0.0,0.0,0.039504203369781776,0.0,0.0,0.09249930238135916,0.0,0.031761575348612375,0.0,0.0,0.0,0.19529961771176188,0.0,0.0,0.06479566000040515,0.0,0.0,0.0,0.0,0.0,0.0,0.0,0.0,0.0
2010-07-16,0.19999999999999996,0.0,0.0,0.0,0.0,0.19004202436572382,0.02567014803139739,0.0,0.0,0.09265016882263748,0.08661916712563633,0.0,0.0,0.027387730293944826,0.0,0.0,0.08133799448227963,0.0,0.07685474805031953,0.0,0.0,0.0,0.1666559559248419,0.0,0.0,0.05278206290321905,0.0,0.0,0.0,0.0,0.0,0.0,0.0,0.0,0.0
2010-07-23,0.1999999999999999,0.0,0.0,0.0,0.0,0.20196457354030944,0.02522613368840012,0.0,0.0,0.09983592720434545,0.05880855008950681,0.0,0.0,0.030333916989242725,0.0,0.0,0.08476344579592855,0.0,0.07203156641426527,0.0,0.0,0.0,0.17161968516211334,0.0,0.0,0.05541620111588816,0.0,0.0,0.0,0.0,0.0,0.0,0.0,0.0,0.0
2010-07-30,0.19999999999999996,0.0,0.0,0.0,0.0,0.19753442066678567,0.030996008333546918,0.0,0.0,0.11067876255508896,0.05658036211185934,0.0,0.0,0.01520540791253513,0.0,0.0,0.014905815795376243,0.0,0.13829672215589134,0.0,0.0,0.0,0.17900123741225277,0.0,0.0,0.05680126305666358,0.0,0.0,0.0,0.0,0.0,0.0,0.0,0.0,0.0
2010-08-06,0.19999999999999996,0.0,0.0,0.0,0.0,0.20446423724523635,0.01650757190284568,0.0,0.0,0.13244658191987674,0.038593388814790075,0.0,0.0,0.012963988945511176,0.0,0.0,0.00577552718658313,0.0,0.1480548071325551,0.0,0.0,0.0,0.19030392235656732,0.0,0.0,0.05088997449603466,0.0,0.0,0.0,0.0,0.0,0.0,0.0,0.0,0.0
2010-08-13,0.19999999999999998,0.0,0.0,0.0,0.0,0.2030893020375487,0.018302561099371915,0.0,0.0,0.138681793209532,0.025917640601200415,0.0,0.0,0.02116187170501622,0.0,0.0,0.005518196443372023,0.0,0.13820432982312153,0.0,0.0,0.0,0.19338304510508397,0.0,0.0,0.05574125997575341,0.0,0.0,0.0,0.0,0.0,0.0,0.0,0.0,0.0
2010-08-20,0.19999999999999996,0.006408023525657884,0.0,0.0,0.0,0.1973202507108239,0.02143555524991063,0.0,0.0,0.1393323493367964,0.03244786856947564,0.0,0.0,0.025669750013553885,0.0,0.0,0.005776591486034696,0.0,0.13852706114589722,0.0,0.0,0.0,0.18851853400822596,0.0,0.0,0.044564015953623914,0.0,0.0,0.0,0.0,0.0,0.0,0.0,0.0,0.0
2010-08-27,0.19999999999999996,0.0,0.0,0.0,0.0,0.19852171134050295,0.15822483102219204,0.0,0.0,0.0021012577236665187,0.02173504827513854,0.0,0.0,0.0019627989426611787,0.0,0.0,0.0,0.0,0.15248846576527814,0.0,0.0,0.0,0.19569420738731824,0.0,0.0,0.06927167954324244,0.0,0.0,0.0,0.0,0.0,0.0,0.0,0.0,0.0
2010-09-03,0.1999999999999999,0.0,0.0,0.0,0.0,0.19246580605151214,0.14151181300440974,0.0,0.0,0.004811870502933873,0.041713831254760234,0.0,0.0,0.0020344205946523784,0.0,0.0,0.0,0.0,0.13728756671852294,0.0,0.0,0.0,0.19480830992158948,0.0,0.0,0.0853663819516191,0.0,0.0,0.0,0.0,0.0,0.0,0.0,0.0,0.0
2010-09-10,0.19999999999999996,0.0,0.0,0.00796760585482748,0.0,0.19388325882644442,0.13678803255665034,0.0,0.0,0.0,0.028040277931495543,0.0,0.0,0.0013329737109541854,0.0,0.0,0.0,0.0,0.13208436028422763,0.0,0.0,0.006196886992008678,0.19920837279407871,0.0,0.0,0.09449823104931308,0.0,0.0,0.0,0.0,0.0,0.0,0.0,0.0,0.0
2010-09-17,0.19999999999999996,0.01164304781989949,0.0,0.0,0.0,0.19945987930404854,0.13538581605197283,0.0,0.0,0.0,0.04306649419703477,0.0,0.0,0.0,0.0,0.0,0.0,0.0,0.14060557220541717,0.0,0.0,0.0,0.19200868952520903,0.0,0.0,0.07783050089641823,0.0,0.0,0.0,0.0,0.0,0.0,0.0,0.0,0.0
2010-09-24,0.04796475799703022,0.022251311539709426,0.0,0.006735904892807709,0.0,0.22526644070097265,0.16765814919865557,0.0,0.0,0.0,0.0694687086321791,0.0,0.0,0.0,0.0,0.0,0.006735904892807709,0.0,0.23144015376610053,0.0,0.0,0.0,0.20720005982512132,0.0,0.0,0.015278608554615611,0.0,0.0,0.0,0.0,0.0,0.0,0.0,0.0,0.0
2010-10-01,0.04796475799703023,0.014145073337413949,0.0,0.0065321488080861845,0.0,0.23267955301321935,0.17399542650658964,0.0,0.0,0.0,0.052831823890707084,0.0,0.0,0.0,0.0,0.0,0.0065321488080861845,0.0,0.23823178971302716,0.0,0.0,0.0,0.21638081753679023,0.0,0.0,0.010706460389050113,0.0,0.0,0.0,0.0,0.0,0.0,0.0,0.0,0.0
2010-10-08,0.047964757997030226,0.01716726515755685,0.0,0.006849139970432205,0.0,0.24353153964995822,0.16461632421071817,0.0,0.0,0.0,0.03077560292929441,0.0,0.0,0.0006457436315892239,0.0,0.0,0.006849139970432205,0.0,0.241087703537888,0.0,0.0,0.0,0.22553542486668604,0.0,0.0,0.014977358078414396,0.0,0.0,0.0,0.0,0.0,0.0,0.0,0.0,0.0
2010-10-15,0.04796475799703022,0.013327558254253516,0.0,0.007033700518128761,0.0,0.2519520526438208,0.1325978889817774,0.0,0.0,0.0,0.0401970918228371,0.0,0.0,0.0,0.0,0.0,0.007033700518128761,0.0,0.25228496207032347,0.0,0.0,0.0,0.2383350374294671,0.0,0.0,0.009273249764232768,0.0,0.0,0.0,0.0,0.0,0.0,0.0,0.0,0.0
2010-10-22,0.04796475799703021,0.017133468551657795,0.0,0.007019816234330362,0.0,0.2518122611423631,0.1289403676561491,0.0,0.0,0.0,0.02737245456465562,0.0,0.0,0.004795873776125726,0.0,0.0,0.007019816234330362,0.0,0.24947428442999436,0.0,0.0,0.0,0.24036792920822797,0.0,0.0,0.018098970205135394,0.0,0.0,0.0,0.0,0.0,0.0,0.0,0.0,0.0
2010-10-29,0.10124935318799791,0.04329329101846183,0.0,0.010723456764945037,0.0,0.2376940429284929,0.010723456764945037,0.0,0.0,0.0,0.10455141393298778,0.0,0.0,0.0057698600566946775,0.0,0.0,0.010723456764945037,0.0,0.23278478809040404,0.0,0.0,0.0,0.22452011122579607,0.0,0.0,0.017966769264329732,0.0,0.0,0.0,0.0,0.0,0.0,0.0,0.0,0.0
2010-11-05,0.10124935318799792,0.031454798090991866,0.0,0.011935371129476617,0.0,0.2388674104072836,0.011935371129476617,0.0,0.0,0.0029990141902844743,0.09630923522536813,0.0,0.0,0.00808079468402558,0.0,0.0,0.011935371129476617,0.0,0.23304908802860846,0.0,0.0,0.001668249227616097,0.22397911943240606,0.0,0.0,0.026536824136987925,0.0,0.0,0.0,0.0,0.0,0.0,0.0,0.0,0.0
2010-11-12,0.10124935318799792,0.06478905865178947,0.0,0.010698565042912944,0.0,0.2373972408897308,0.00867517421744273,0.0,0.0,0.007166469432218854,0.08646288477867028,0.0,0.0,0.007303376274160039,0.0,0.0,0.00867517421744273,0.0,0.21752555927268155,0.0,0.0,0.004665181967326423,0.21943362005749079,0.0,0.0,0.02595834201013547,0.0,0.0,0.0,0.0,0.0,0.0,0.0,0.0,0.0
2010-11-19,0.10124935318799792,0.04803306504775648,0.0,0.015170206848669578,0.0,0.24017547359870722,0.007785811579964326,0.0,0.0,0.0038031049805809527,0.08842139201204435,0.0,0.0,0.010497573774952534,0.0,0.0,0.007785811579964326,0.0,0.21827894307760312,0.0,0.0,0.008328760789078467,0.2266889428093982,0.0,0.0,0.023781560713282548,0.0,0.0,0.0,0.0,0.0,0.0,0.0,0.0,0.0
2010-11-26,0.11413758912706083,0.043381591027445765,0.0,0.025833763484039922,0.0,0.21635575352654038,0.01808097953286621,0.0,0.0,0.006193975841486441,0.0,0.0,0.0,0.0908344725304348,0.0,0.0,0.01808097953286621,0.0,0.05118106737109651,0.0,0.0,0.009551720033658097,0.21867146099847998,0.0,0.0,0.18769664699402483,0.0,0.0,0.0,0.0,0.0,0.0,0.0,0.0,0.0
2010-12-03,0.11413758912706082,0.06061361619415119,0.0,0.029762818046005307,0.0,0.20292207103599244,0.019732537102172366,0.0,0.0,0.0071648131575028935,0.0,0.0,0.0,0.10342151281100515,0.0,0.0,0.019732537102172366,0.0,0.05055791231250972,0.0,0.0,0.01444867369495434,0.1978905489762093,0.0,0.0,0.17961537044026393,0.0,0.0,0.0,0.0,0.0,0.0,0.0,0.0,0.0
2010-12-10,0.11413758912706082,0.053838361530764725,0.0,0.030294958048982173,0.0,0.21144576410967963,0.025928254960886358,0.0,0.0,0.007212802179896607,0.0,0.0,0.0,0.07471801755547118,0.0,0.0,0.025928254960886358,0.0,0.06224691813529215,0.0,0.0,0.006835477820044184,0.20934456958927417,0.0,0.0,0.17806903198176147,0.0,0.0,0.0,0.0,0.0,0.0,0.0,0.0,0.0
2010-12-17,0.11413758912706085,0.051119745555421106,0.0,0.019185465092092187,0.0,0.23298706067457967,0.01570830352053362,0.0,0.0,0.013278807074329895,0.0,0.0,0.0,0.1140891761945092,0.0,0.0,0.01570830352053362,0.0,0.04533264773549445,0.0,0.0,0.0057696409467026455,0.19135132210547112,0.0,0.0,0.18133193845327147,0.0,0.0,0.0,0.0,0.0,0.0,0.0,0.0,0.0
2010-12-24,0.1141375891270608,0.045761744861422926,0.0,0.0241465016943309,0.0,0.23156906388481385,0.01982749114384684,0.0,0.0,0.007189256916747972,0.0,0.0,0.0,0.08986132742442346,0.0,0.0,0.02056156333793987,0.0,0.05308366025265079,0.0,0.0,0.00552821268638106,0.20397453205402416,0.0,0.0,0.18435905661635732,0.0,0.0,0.0,0.0,0.0,0.0,0.0,0.0,0.0
2010-12-31,0.11455709940408351,0.10996487916888652,0.0,0.023651538004517567,0.0,0.24844523984684247,0.023651538004517567,0.0,0.0,0.03380686094110357,0.0,0.0,0.0,0.09963225612713583,0.0,0.0,0.0307314785727542,0.0,0.08085938426223563,0.0,0.0,0.0,0.14098957138296891,0.0,0.0,0.09371015428495391,0.0,0.0,0.0,0.0,0.0,0.0,0.0,0.0,0.0
2011-01-07,0.11455709940408357,0.09586890906641958,0.0,0.015335795646248514,0.0,0.23234545997347383,0.015335795646248514,0.0,0.0,0.014063070356343176,0.0,0.0,0.0,0.11050945647449376,0.0,0.0,0.018526282192799108,0.0,0.0970920734826197,0.0,0.0,0.0007800545903073104,0.1685753567667854,0.0,0.0,0.11701064640017757,0.0,0.0,0.0,0.0,0.0,0.0,0.0,0.0,0.0
2011-01-14,0.11455709940408354,0.09489419007674538,0.0,0.015917610444532354,0.0,0.2200230798605315,0.015917610444532354,0.0,0.0,0.026901470115195898,0.0,0.0,0.0,0.12371109349161587,0.0,0.0,0.026523323389947902,0.0,0.08442178638906023,0.0,0.0,0.0,0.15819392232846324,0.0,0.0,0.11893881405529162,0.0,0.0,0.0,0.0,0.0,0.0,0.0,0.0,0.0
2011-01-21,0.11455709940408354,0.09269449441854757,0.0,0.021169818770534306,0.0,0.21520333608803555,0.021169818770534306,0.0,0.0,0.02443992143087916,0.0,0.0,0.0,0.10943260090770818,0.0,0.0,0.034496341148500274,0.0,0.08709286580952119,0.0,0.0,0.0,0.16167625985902895,0.0,0.0,0.11806744339262687,0.0,0.0,0.0,0.0,0.0,0.0,0.0,0.0,0.0
2011-01-28,0.13456364796032766,0.13965175862590487,0.0,0.025307040818427457,0.0,0.21240585858723968,0.025307040818427457,0.0,0.0,0.13461986294766712,0.0,0.0,0.0,0.11180625808303638,0.0,0.0,0.05855970738157741,0.0,0.0,0.0,0.0,0.0,0.07559490426922279,0.0,0.0,0.08218392050816914,0.0,0.0,0.0,0.0,0.0,0.0,0.0,0.0,0.0
2011-02-04,0.13400227799182268,0.14026558532897754,0.0,0.024043947841367676,0.0,0.21622500368757136,0.024043947841367676,0.0,0.0,0.13035101581200026,0.0,0.0,0.0,0.1068190003058919,0.0,0.0,0.05477562505607628,0.0,0.0,0.0,0.0,0.0,0.07923654566796215,0.0,0.0,0.09023705046696252,0.0,0.0,0.0,0.0,0.0,0.0,0.0,0.0,0.0
2011-02-11,0.13554534953680827,0.1442401129422439,0.0,0.019213410159424425,0.0015600892796632257,0.19802707289570534,0.019213410159424425,0.0,0.0,0.14968565666855363,0.0,0.0,0.0,0.12927472717453184,0.0,0.0,0.048622079320640804,0.0,0.0,0.0,0.0,0.0,0.07049016975047509,0.0,0.0,0.08412792211252904,0.0,0.0,0.0,0.0,0.0,0.0,0.0,0.0,0.0
2011-02-18,0.13542622270005653,0.13174426032753014,0.0,0.03081968763827494,0.0,0.18414625737816262,0.02724785019026158,0.0,0.0,0.13532615299618175,0.0,0.0,0.0,0.11483519228750863,0.0,0.0,0.063098985829287,0.0,0.0,0.0,0.0,0.00596531451582304,0.07922242900698448,0.0,0.0,0.0921676471299292,0.0,0.0,0.0,0.0,0.0,0.0,0.0,0.0,0.0
2011-02-25,0.09080031372284031,0.15994004628820885,0.0,0.024767019079798006,0.0,0.10147050203422708,0.0195081535356656,0.0,0.0,0.1555720920717063,0.0,0.0,0.0,0.1278337009945433,0.0,0.0,0.07409650358296692,0.0,0.0,0.0,0.0,0.009478067532812924,0.06681912471696158,0.0,0.0,0.169714476440269,0.0,0.0,0.0,0.0,0.0,0.0,0.0,0.0,0.0
2011-03-04,0.09080031372284032,0.1574240253833732,0.0,0.030366276047449313,0.0,0.10443853516116022,0.015795214479914728,0.0,0.0,0.15380770868614763,0.0,0.0,0.0,0.12493066684848964,0.0,0.0,0.06888619978603802,0.0,0.0,0.0,0.0,0.016868873676604855,0.07225385506430398,0.0,0.0,0.16442833114367805,0.0,0.0,0.0,0.0,0.0,0.0,0.0,0.0,0.0
2011-03-11,0.09080031372284031,0.13595113847469867,0.0,0.03137737373058069,0.007438826313046694,0.12817340955054393,0.017758629605667438,0.0,0.0,0.13518033000514248,0.0,0.0,0.0,0.1047425923990683,0.0,0.0,0.07066110870680813,0.0,0.0,0.0,0.0,0.015749577607961925,0.09333419203458626,0.0,0.0,0.16883250784905518,0.0,0.0,0.0,0.0,0.0,0.0,0.0,0.0,0.0
2011-03-18,0.09080031372284031,0.15333195999857968,0.0,0.022416640484668085,0.00449794117858684,0.11213706115906008,0.014643182802899463,0.0,0.0,0.14814404766302852,0.0,0.0,0.0,0.11826537760971495,0.0,0.0,0.07968716113552864,0.0,0.0,0.0,0.0,0.010884532368665947,0.09129237120840768,0.0,0.0,0.1538994106680197,0.0,0.0,0.0,0.0,0.0,0.0,0.0,0.0,0.0
2011-03-25,0.1848609742742885,0.1283048246610241,0.0,0.03945754471944833,0.02745594177298015,0.07253062781260139,0.0156105266990083,0.0,0.0,0.11704943151173583,0.0,0.0,0.0,0.11529838325112798,0.0,0.0,0.14283577842341222,0.0,0.0,0.0,0.0,0.019776391955908003,0.1212090482194567,0.0,0.0,0.0156105266990083,0.0,0.0,0.0,0.0,0.0,0.0,0.0,0.0,0.0
2011-04-01,0.1843969084481017,0.12790370162094497,0.0,0.0342246361757591,0.02234254123897187,0.073784310958717,0.015443934221523981,0.0,0.0,0.1198775756078847,0.0,0.0,0.0,0.11182881353809221,0.0,0.0,0.1471300140283771,0.0,0.0,0.0,0.0,0.013829002545291808,0.13379462739481152,0.0,0.0,0.015443934221523981,0.0,0.0,0.0,0.0,0.0,0.0,0.0,0.0,0.0
2011-04-08,0.18384293346409253,0.12768880108256064,0.0,0.03443543401169853,0.012815715040783524,0.08546085491477477,0.01649224950208787,0.0,0.0,0.11093801248308345,0.0,0.0,0.0,0.11134109658458927,0.0,0.0,0.15326759743499965,0.0,0.0,0.0,0.0,0.008619715531832597,0.13860534044740905,0.0,0.0,0.01649224950208787,0.0,0.0,0.0,0.0,0.0,0.0,0.0,0.0,0.0
2011-04-15,0.183605408341887,0.11721907575829138,0.0,0.03315918935959502,0.01278374050510201,0.10355334424167158,0.02037544885449301,0.0,0.0,0.09890828041906441,0.0,0.0,0.0,0.0998426954981409,0.0,0.0,0.15852118201402424,0.0,0.0,0.0,0.0,0.0009243816649902877,0.15073180448824702,0.0,0.0,0.02037544885449301,0.0,0.0,0.0,0.0,0.0,0.0,0.0,0.0,0.0
2011-04-22,0.1867002089081526,0.12464687640026392,0.0,0.032039172135340355,0.013200348273637764,0.1095361710116248,0.021122450431386476,0.0,0.0,0.10936392132253013,0.0,0.0,0.0,0.089228325919296,0.0,0.0,0.15121666104280312,0.0,0.0,0.0,0.0,0.0,0.1441070406932622,0.0,0.0,0.01883882386170259,0.0,0.0,0.0,0.0,0.0,0.0,0.0,0.0,0.0
2011-04-29,0.09111570824562694,0.10569379297339944,0.0,0.04298740374010063,0.0,0.1847445881361638,0.08299564326647757,0.0,0.0,0.0639470563832595,0.0,0.0,0.0,0.05444038239649394,0.0,0.0,0.0902035319261995,0.0,0.0,0.0,0.0,0.0,0.16192393783902204,0.0,0.0,0.12194795509325654,0.0,0.0,0.0,0.0,0.0,0.0,0.0,0.0,0.0
2011-05-06,0.09111570824562691,0.11983734548520567,0.0,0.045461948284131075,0.0,0.15277327101176696,0.09516883890714606,0.0,0.0,0.0839468992181401,0.0,0.0,0.0,0.06363543739675884,0.0,0.0,0.1093229030045687,0.0,0.0,0.0,0.0,0.0,0.12923835416534227,0.0,0.0,0.10949929428131333,0.0,0.0,0.0,0.0,0.0,0.0,0.0,0.0,0.0
2011-05-13,0.09111570824562691,0.11754320083565285,0.0,0.047579379915064925,0.0,0.18135275662611824,0.10326965483614009,0.0,0.0,0.07573621044183941,0.0,0.0,0.0,0.04004316798993533,0.0,0.0,0.10326965483614009,0.0,0.0,0.0,0.0,0.00550356662009442,0.11033934110194446,0.0,0.0,0.124247358551443,0.0,0.0,0.0,0.0,0.0,0.0,0.0,0.0,0.0
2011-05-20,0.09111570824562693,0.10184007160155131,0.0,0.056445276524973845,0.0,0.18572076615136598,0.09497014644590085,0.0,0.0,0.07760900447437175,0.0,0.0,0.0,0.03054557869820794,0.0,0.0,0.09497014644590085,0.0,0.0,0.0,0.0,0.017742595726809376,0.11245347462130753,0.0,0.0,0.1365872310639835,0.0,0.0,0.0,0.0,0.0,0.0,0.0,0.0,0.0
2011-05-27,0.13749464859269955,0.06905300315245796,0.0,0.15999469042205736,0.0,0.0503006564371587,0.02781471846139847,0.0,0.0,0.06851673708191085,0.0,0.0,0.0,0.05530474591385465,0.0,0.0,0.02781471846139847,0.0,0.02781471846139847,0.0,0.0,0.053159508745790646,0.1125208723372664,0.0,0.0,0.2102109819326083,0.0,0.0,0.0,0.0,0.0,0.0,0.0,0.0,0.0
2011-06-03,0.13659761669853532,0.06433888982050004,0.0,0.16571462428251002,0.0,0.04526682184607302,0.02670500152671393,0.0,0.0,0.07385328624407082,0.0,0.0,0.0,0.05573261452010718,0.0,0.0,0.029547852544042165,0.0,0.02670500152671393,0.0,0.0,0.0806456058410086,0.09696931865347669,0.0,0.0,0.1979233664962481,0.0,0.0,0.0,0.0,0.0,0.0,0.0,0.0,0.0
2011-06-10,0.13125274317523902,0.057890239937299554,0.0,0.1687978723265573,0.0,0.026435187032388733,0.026435187032388733,0.0,0.0,0.07087056529759388,0.0,0.0,0.0,0.0646100558595004,0.0,0.0,0.06805842949940873,0.0,0.026435187032388733,0.0,0.0,0.0584849638204669,0.12044313655912249,0.0,0.0,0.18028643242764525,0.0,0.0,0.0,0.0,0.0,0.0,0.0,0.0,0.0
2011-06-17,0.15257727206903476,0.07550501548397441,0.0,0.14449933933962603,0.0,0.026069608698472274,0.018803601375005058,0.0,0.0,0.08206114745311602,0.0,0.0,0.0,0.07064113971970482,0.0,0.0,0.058986587097422785,0.0,0.018803601375005058,0.0,0.0,0.054131348752129965,0.12976550146294455,0.0,0.0,0.16815583717356422,0.0,0.0,0.0,0.0,0.0,0.0,0.0,0.0,0.0
2011-06-24,0.1507506096894457,0.05424139307389737,0.0,0.14940065218879234,0.0,0.0536860390877478,0.026409534644102672,0.0,0.0,0.07336266471972025,0.0,0.0,0.0,0.06483213071025248,0.0,0.0,0.17942326314280482,0.0,0.026409534644102672,0.0,0.0,0.04394509611647416,0.17753908198265952,0.0,0.0,0.0,0.0,0.0,0.0,0.0,0.0,0.0,0.0,0.0,0.0
2011-07-01,0.1924529977127475,0.08666766149040833,0.0,0.13504129153998665,0.0,0.05460571852643563,0.02013380462358533,0.0,0.0,0.07250136936117582,0.0,0.0,0.0,0.04152439911849106,0.0,0.0,0.15175086519501024,0.0,0.02013380462358533,0.0,0.0,0.07684786564879917,0.14834022215977488,0.0,0.0,0.0,0.0,0.0,0.0,0.0,0.0,0.0,0.0,0.0,0.0
2011-07-08,0.15437858218639477,0.060443776462626525,0.0,0.14953652875759496,0.0,0.07890442153978454,0.018798400589854356,0.0,0.0,0.0590053016227041,0.0,0.0,0.0,0.057072382140872825,0.0,0.0,0.1680404779221654,0.0,0.018798400589854356,0.0,0.0,0.05536869617104141,0.1796530320171067,0.0,0.0,0.0,0.0,0.0,0.0,0.0,0.0,0.0,0.0,0.0,0.0
2011-07-15,0.1971907483827032,0.11499376022596139,0.0,0.13636450453610213,0.0,0.08146007455267038,0.016485836393817562,0.0,0.0,0.0446137107132716,0.0,0.0,0.0,0.03870112334082473,0.0,0.0,0.14792977930668938,0.0,0.016485836393817562,0.0,0.0,0.0787675218983169,0.12700710425582504,0.0,0.0,0.0,0.0,0.0,0.0,0.0,0.0,0.0,0.0,0.0,0.0
2011-07-22,0.18692883364558183,0.07834087755395108,0.0,0.1539543891354263,0.0,0.07786002029292904,0.015821211759321316,0.0,0.0,0.04497035945951512,0.0,0.0,0.0,0.028068890663150027,0.0,0.0,0.1688052585856331,0.0,0.015821211759321316,0.0,0.0,0.0720405043981539,0.15738844274701697,0.0,0.0,0.0,0.0,0.0,0.0,0.0,0.0,0.0,0.0,0.0,0.0
2011-07-29,0.12980383274817897,0.10653487272191456,0.0,0.02257075094249318,0.0,0.24626518385996346,0.02257075094249318,0.0,0.0,0.06993608101655514,0.0,0.0,0.0,0.0,0.0,0.0,0.14313707149848415,0.0,0.02257075094249318,0.0,0.0,0.0,0.21403995438493065,0.0,0.0,0.02257075094249318,0.0,0.0,0.0,0.0,0.0,0.0,0.0,0.0,0.0
2011-08-05,0.129803832748179,0.07635080860952694,0.0,0.025641549329568074,0.0,0.22633142253177266,0.025641549329568074,0.0,0.0,0.08393564278330341,0.0,0.0,0.0,0.03000961831060716,0.0,0.0,0.1576052784499027,0.0,0.025641549329568074,0.0,0.0,0.0,0.19339719924843565,0.0,0.0,0.025641549329568074,0.0,0.0,0.0,0.0,0.0,0.0,0.0,0.0,0.0
2011-08-12,0.129803832748179,0.08251405973704165,0.0,0.015385245567907083,0.0,0.25158637834884845,0.015385245567907083,0.0,0.0,0.07367376239310892,0.0,0.0,0.0,0.03780757144688579,0.0,0.0,0.15488661561124586,0.0,0.015385245567907083,0.0,0.0,0.0,0.2081867974430618,0.0,0.0,0.015385245567907083,0.0,0.0,0.0,0.0,0.0,0.0,0.0,0.0,0.0
2011-08-19,0.12980383274817903,0.10311951726034617,0.0,0.014812662576690533,0.0,0.24167431719171828,0.014812662576690533,0.0,0.0,0.07451874259847262,0.0,0.0,0.0,0.033699928224418425,0.0,0.0,0.1521044994574445,0.0,0.014812662576690533,0.0,0.0,0.0,0.2058285122126588,0.0,0.0,0.014812662576690533,0.0,0.0,0.0,0.0,0.0,0.0,0.0,0.0,0.0
2011-08-26,0.6721646186716397,0.0,0.0,0.0,0.0,0.11168276291264653,0.009714467898105332,0.0,0.0,0.026862974039718046,0.0,0.0,0.0,0.026896217319245873,0.0,0.0,0.050427376336920404,0.0,0.028696254819699455,0.0,0.0,0.0,0.07355532800202469,0.0,0.0,0.0,0.0,0.0,0.0,0.0,0.0,0.0,0.0,0.0,0.0
2011-09-02,0.699592772187483,0.0,0.0,0.0,0.004313349950886343,0.09882607167260832,0.013406719332930379,0.0,0.0,0.01886858969281931,0.0,0.0,0.0,0.02445389743149386,0.0,0.0,0.04527727353078856,0.0,0.023149254205803958,0.0,0.0,0.0,0.06559120306012661,0.0,0.0,0.006520868935059759,0.0,0.0,0.0,0.0,0.0,0.0,0.0,0.0,0.0
2011-09-09,0.6934930882593666,0.007688190981372076,0.0,0.0,0.0,0.0921026192913648,0.014848329636871133,0.0,0.0,0.01326071629843129,0.02574028241814884,0.0,0.0,0.017652012549020806,0.0,0.0,0.043500156995676734,0.0,0.03495373027563965,0.0,0.0,0.0,0.056760873294108026,0.0,0.0,0.0,0.0,0.0,0.0,0.0,0.0,0.0,0.0,0.0,0.0
2011-09-16,0.682289375629573,0.007996676148872396,0.0,0.0,0.0,0.0961966944399133,0.011077415950134823,0.0,0.0,0.018226027206461038,0.02096707014277925,0.0,0.0,0.021754531334404966,0.0,0.0,0.04436398572906668,0.0,0.0343075536234597,0.0,0.0,0.0,0.06282066979533481,0.0,0.0,0.0,0.0,0.0,0.0,0.0,0.0,0.0,0.0,0.0,0.0
2011-09-23,0.6626114837770021,0.01045604382120792,0.0,0.0,0.0,0.10096149882625219,0.013726582222891645,0.0,0.0,0.01784474975092633,0.02418360375651752,0.0,0.0,0.01813736678627903,0.0,0.0,0.04804503170012399,0.0,0.03686543112421969,0.0,0.0,0.0,0.06716820823457963,0.0,0.0,0.0,0.0,0.0,0.0,0.0,0.0,0.0,0.0,0.0,0.0
2011-09-30,0.6557608283554976,0.034612814749194254,0.0,0.0,0.0,0.11020059288673263,0.009381928858377554,0.0,0.0,0.0,0.04200029597443323,0.0,0.0,0.0017969681333168802,0.0,0.0,0.0,0.0,0.10429551756363464,0.0,0.0,0.0,0.04195105347881307,0.0,0.0,0.0,0.0,0.0,0.0,0.0,0.0,0.0,0.0,0.0,0.0
2011-10-07,0.6541039986526083,0.03458606173643143,0.0,0.0,0.0,0.11057202992981677,0.011381234943642616,0.0,0.0,0.0,0.04539681095568983,0.0,0.0,0.0007186969416297724,0.0,0.0,0.0,0.0,0.10482425905198589,0.0,0.0,0.0,0.03841690778819542,0.0,0.0,0.0,0.0,0.0,0.0,0.0,0.0,0.0,0.0,0.0,0.0
2011-10-14,0.6680771347847893,0.027594237937044658,0.0,0.0,0.0,0.11138027508252206,0.011899378723880583,0.0,0.0,0.0,0.04375761268102356,0.0,0.0,0.0006981174379521885,0.0,0.0,0.0,0.0,0.10252923958399798,0.0,0.0,0.0,0.03406400376878967,0.0,0.0,0.0,0.0,0.0,0.0,0.0,0.0,0.0,0.0,0.0,0.0
2011-10-21,0.6525221535987236,0.024915915269516878,0.0,0.0,0.0,0.10776033266269501,0.00707028990752049,0.0,0.0,0.0,0.06330442218421072,0.0,0.0,0.006680088371747708,0.0,0.0,0.0,0.0,0.10156168932684752,0.0,0.0,0.0,0.03618510867873798,0.0,0.0,0.0,0.0,0.0,0.0,0.0,0.0,0.0,0.0,0.0,0.0
2011-10-28,0.6573315520299863,0.02492487399125721,0.0,0.0,0.0,0.09573683805740554,0.027164763287445583,0.0,0.0,0.0,0.09221778965491537,0.0,0.0,0.0027548549702872947,0.0,0.0,0.0,0.0,0.0998693280087028,0.0,0.0,0.0,0.0,0.0,0.0,0.0,0.0,0.0,0.0,0.0,0.0,0.0,0.0,0.0,0.0
2011-11-04,0.6678317647079124,0.02882715855823688,0.0,0.0,0.0,0.09361697379742782,0.017699147212666678,0.0,0.0,0.0,0.09459379732989966,0.0,0.0,0.002011213855093676,0.0,0.0,0.0,0.0,0.0954199445387629,0.0,0.0,0.0,0.0,0.0,0.0,0.0,0.0,0.0,0.0,0.0,0.0,0.0,0.0,0.0,0.0
2011-11-11,0.6569180763735958,0.03319421150002602,0.0,0.0,0.0,0.09682734379738255,0.01525266149337561,0.0,0.0,0.0,0.09548904160482341,0.0,0.0,0.002292645218961014,0.0,0.0,0.0,0.0,0.10002602001183572,0.0,0.0,0.0,0.0,0.0,0.0,0.0,0.0,0.0,0.0,0.0,0.0,0.0,0.0,0.0,0.0
2011-11-18,0.6724979192116852,0.033690146430269755,0.0,0.0,0.0,0.09194504168553848,0.01510163995226508,0.0,0.0,0.0,0.08415263714528722,0.0,0.0,0.007296109875603094,0.0,0.0,0.0,0.0,0.09531650569935106,0.0,0.0,0.0,0.0,0.0,0.0,0.0,0.0,0.0,0.0,0.0,0.0,0.0,0.0,0.0,0.0
2011-11-25,0.2565397412282887,0.0,0.0,0.0,0.0,0.21296792323124974,0.0028264659189005934,0.0,0.0,0.0,0.13406769548217562,0.0,0.0,0.0976013397112649,0.0,0.0,0.0075330098332933694,0.0,0.23173662172384019,0.0,0.0,0.0,0.056727202870986856,0.0,0.0,0.0,0.0,0.0,0.0,0.0,0.0,0.0,0.0,0.0,0.0
2011-12-02,0.25332859302214716,0.0,0.0,0.0,0.0,0.22587690778850658,0.0023753748100907904,0.0,0.0,0.0,0.1252850666805515,0.0,0.0,0.09222345547369977,0.0,0.0,0.004109895853058553,0.0,0.23070833171284919,0.0,0.0,0.0,0.0660923746590964,0.0,0.0,0.0,0.0,0.0,0.0,0.0,0.0,0.0,0.0,0.0,0.0
2011-12-09,0.2554566508790661,0.0,0.0,0.0,0.0,0.21090536895828277,0.010733867153335375,0.0,0.0,0.0,0.15337335906189592,0.0,0.0,0.07894667027459387,0.0,0.0,0.0012380627452683577,0.0,0.22413827769037675,0.0,0.0,0.0,0.06520774323718079,0.0,0.0,0.0,0.0,0.0,0.0,0.0,0.0,0.0,0.0,0.0,0.0
2011-12-16,0.27649865348099834,0.0,0.0,0.0,0.0,0.2271869770601342,0.001194554989326921,0.0,0.0,0.0,0.1017768053829901,0.0,0.0,0.09057186404030819,0.0,0.0,0.0033953147272063797,0.0,0.23525098772372544,0.0,0.0,0.0,0.0641248425953106,0.0,0.0,0.0,0.0,0.0,0.0,0.0,0.0,0.0,0.0,0.0,0.0
2011-12-23,0.27079057490227715,0.0,0.0,0.0,0.0,0.24216163755136852,0.0008780317075261989,0.0,0.0,0.0,0.11089911607917087,0.0,0.0,0.07691876486720958,0.0,0.0,0.0,0.0,0.24721442103748784,0.0,0.0,0.0,0.05113745385495977,0.0,0.0,0.0,0.0,0.0,0.0,0.0,0.0,0.0,0.0,0.0,0.0
2011-12-30,0.1549999999999999,0.0,0.0,0.0,0.0,0.16858800249455266,0.11977310778341721,0.0,0.0,0.0,0.1877775021377147,0.0,0.0,0.02641734287342588,0.0,0.0,0.0555968961673406,0.0,0.2312502523762084,0.0,0.0,0.0,0.0555968961673406,0.0,0.0,0.0,0.0,0.0,0.0,0.0,0.0,0.0,0.0,0.0,0.0
2012-01-06,0.15499999999999992,0.0,0.0,0.0,0.0,0.15622332230701622,0.1366668091339101,0.0,0.0,0.0,0.16629882396323528,0.0,0.0,0.025764374215042057,0.0,0.0,0.06590054829555474,0.0,0.228245573789687,0.0,0.0,0.0,0.06590054829555474,0.0,0.0,0.0,0.0,0.0,0.0,0.0,0.0,0.0,0.0,0.0,0.0
2012-01-13,0.15499999999999992,0.0,0.0,0.0,0.0,0.18899729552657182,0.11981261950010164,0.0,0.0,0.0,0.21027869780659042,0.0,0.0,0.024044420328485177,0.0,0.0,0.034670092604588094,0.0,0.2278068816825796,0.0,0.0,0.0,0.03938999255108336,0.0,0.0,0.0,0.0,0.0,0.0,0.0,0.0,0.0,0.0,0.0,0.0
2012-01-20,0.1549999999999999,0.0,0.0,0.0,0.0,0.16362334246941526,0.13791752340857205,0.0,0.0,0.0,0.18831758001957882,0.0,0.0,0.021775526452329587,0.0,0.0,0.052945917176078015,0.0,0.22374823229377175,0.0,0.0,0.0,0.05667187818025465,0.0,0.0,0.0,0.0,0.0,0.0,0.0,0.0,0.0,0.0,0.0,0.0
2012-01-27,0.06339729744044782,0.0,0.0,0.0,0.0,0.23227583888031506,0.14811087718093618,0.0,0.0,0.0,0.16738289505017384,0.0,0.0,0.0,0.0,0.0,0.02838733417806695,0.0,0.24427216636521376,0.0,0.0,0.0,0.11617359090484648,0.0,0.0,0.0,0.0,0.0,0.0,0.0,0.0,0.0,0.0,0.0,0.0
2012-02-03,0.06339729744044784,0.0,0.0,0.0,0.0,0.22730111035236186,0.14403296085921516,0.0,0.0,0.0,0.1631222461050182,0.0,0.0,0.0,0.0,0.0,0.030718697898691083,0.0,0.24541313553791944,0.0,0.0,0.0,0.12601455180634652,0.0,0.0,0.0,0.0,0.0,0.0,0.0,0.0,0.0,0.0,0.0,0.0
2012-02-10,0.06339729744044782,0.0,0.0,0.0,0.0,0.2312257740710395,0.13646797062800847,0.0,0.0,0.0,0.14895159991631626,0.0,0.0,0.0030535925497025456,0.0,0.0,0.03419436216290984,0.0,0.25403249520980486,0.0,0.0,0.0,0.12867690802177068,0.0,0.0,0.0,0.0,0.0,0.0,0.0,0.0,0.0,0.0,0.0,0.0
2012-02-17,0.06339729744044782,0.0,0.0,0.0,0.0,0.21912090281887878,0.12442764720320186,0.0,0.0,0.0,0.17626299032344891,0.0,0.0,0.0,0.0,0.0,0.03323666603654768,0.0,0.24882809442568302,0.0,0.0,0.0,0.13472640175179199,0.0,0.0,0.0,0.0,0.0,0.0,0.0,0.0,0.0,0.0,0.0,0.0
2012-02-24,0.05329192123604581,0.0,0.0,0.023132724339878754,0.0,0.1830135469306462,0.11280122250276117,0.0,0.0,0.0074763650987340995,0.175296735025209,0.0,0.0,0.03739377440622917,0.0,0.0,0.04755653928058393,0.0,0.2510362130049057,0.0,0.0,0.0,0.08586823383512732,0.0,0.0,0.023132724339878754,0.0,0.0,0.0,0.0,0.0,0.0,0.0,0.0,0.0
2012-03-02,0.053291921236045814,0.0,0.0,0.019437005319512667,0.0,0.19911551830195626,0.14301072900464754,0.0,0.0,0.01722480504547065,0.17533186013174037,0.0,0.0,0.029035887355649936,0.0,0.0,0.0294876389365262,0.0,0.23710641471772415,0.0,0.0,0.0,0.07752121463121364,0.0,0.0,0.019437005319512667,0.0,0.0,0.0,0.0,0.0,0.0,0.0,0.0,0.0
2012-03-09,0.05329192123604581,0.0,0.0,0.020862177110583892,0.0,0.15479441522953,0.10539359442621626,0.0,0.0,0.030069721276391646,0.19525045507739006,0.0,0.0,0.046583336407044915,0.0,0.0,0.04374614593037758,0.0,0.22474999816349167,0.0,0.0,0.0,0.10439605803234414,0.0,0.0,0.020862177110583892,0.0,0.0,0.0,0.0,0.0,0.0,0.0,0.0,0.0
2012-03-16,0.053291921236045814,0.0,0.0,0.02502730843336111,0.0,0.17748468436081222,0.09930205359448735,0.0,0.0,0.024636582596709596,0.15971390770584634,0.0,0.0,0.05598428998788309,0.0,0.0,0.05554939686799938,0.0,0.22783229347756673,0.0,0.0,0.0,0.09615025330592723,0.0,0.0,0.02502730843336111,0.0,0.0,0.0,0.0,0.0,0.0,0.0,0.0,0.0
2012-03-23,0.05329192123604581,0.0,0.0,0.02072128435261304,0.0,0.18009179619456095,0.10878682932332581,0.0,0.0,0.03622327969221488,0.16123237644379262,0.0,0.0,0.05926716497944437,0.0,0.0,0.05950302915390683,0.0,0.19809368732135008,0.0,0.0,0.0,0.10206734695013252,0.0,0.0,0.02072128435261304,0.0,0.0,0.0,0.0,0.0,0.0,0.0,0.0,0.0
2012-03-30,0.05420277270933521,0.0,0.0,0.024730150191732036,0.0,0.14560170021605462,0.024730150191732036,0.0,0.0,0.05801128769981453,0.109288122551052,0.0,0.0,0.17675634937494555,0.0,0.0,0.08203225514065214,0.0,0.15018331152150907,0.0,0.0,0.0,0.14425193472584596,0.0,0.0,0.03021196567732669,0.0,0.0,0.0,0.0,0.0,0.0,0.0,0.0,0.0
2012-04-06,0.05420277270933522,0.0,0.0,0.02476112171219919,0.0,0.12226711283712656,0.02476112171219919,0.0,0.0,0.03632387923083166,0.11012831207053257,0.0,0.0,0.17109854792584275,0.0,0.0,0.1027849957786046,0.0,0.16176574148473125,0.0,0.0,0.0,0.13701292579938437,0.0,0.0,0.05489346873921254,0.0,0.0,0.0,0.0,0.0,0.0,0.0,0.0,0.0
2012-04-13,0.05420277270933522,0.0,0.0,0.028713140308095207,0.0,0.11048070370244915,0.028713140308095207,0.0,0.0,0.03477814364667019,0.14902151394416313,0.0,0.0,0.14171973792282022,0.0,0.0,0.07614500686672111,0.0,0.19454049039912202,0.0,0.0,0.0,0.1497266496902169,0.0,0.0,0.03195870050231159,0.0,0.0,0.0,0.0,0.0,0.0,0.0,0.0,0.0
2012-04-20,0.05420277270933522,0.0,0.0,0.025579879140479413,0.0,0.08116919066259458,0.0357073474023411,0.0,0.0,0.03984604036482757,0.12994070218716533,0.0,0.0,0.16994795624306577,0.0,0.0,0.09516238862682408,0.0,0.1713674793468026,0.0,0.0,0.0,0.1714963641760849,0.0,0.0,0.025579879140479413,0.0,0.0,0.0,0.0,0.0,0.0,0.0,0.0,0.0
2012-04-27,0.10480312727880982,0.0,0.0,0.030994152726323502,0.0,0.06282100081950025,0.06973236164106296,0.0,0.0,0.034579206318329454,0.10839579526656176,0.0,0.0,0.1465882881385827,0.0,0.0,0.11210259387935614,0.0,0.19778864114195338,0.0,0.0,0.0,0.10120068006319649,0.0,0.0,0.030994152726323502,0.0,0.0,0.0,0.0,0.0,0.0,0.0,0.0,0.0
2012-05-04,0.10081480094315434,0.0,0.0,0.03610667971148551,0.0,0.03422256891154566,0.07185364387448336,0.0,0.0,0.03146934004892435,0.1104185498259003,0.0,0.0,0.15885370560083864,0.0,0.0,0.13220738634936915,0.0,0.1673695729832423,0.0,0.0,0.0,0.1205770720395708,0.0,0.0,0.03610667971148551,0.0,0.0,0.0,0.0,0.0,0.0,0.0,0.0,0.0
2012-05-11,0.09744828855405949,0.0,0.0,0.035763163951789904,0.0,0.03851000574685748,0.08518438539219597,0.0,0.0,0.030233710466341206,0.07173208561803418,0.0,0.0,0.17258100860070616,0.0,0.0,0.14332754196544364,0.0,0.15190201474070536,0.0,0.0,0.0,0.1375546310120765,0.0,0.0,0.035763163951789904,0.0,0.0,0.0,0.0,0.0,0.0,0.0,0.0,0.0
2012-05-18,0.09546882898955669,0.0,0.0,0.07294011091873971,0.0,0.02848092960869424,0.11587941483753919,0.0,0.0,0.01613580528782836,0.07686519845507275,0.0,0.0,0.09567866871003476,0.0,0.0,0.12318232478974016,0.0,0.17482344172144598,0.0,0.0,0.0,0.12760516576260839,0.0,0.0,0.07294011091873971,0.0,0.0,0.0,0.0,0.0,0.0,0.0,0.0,0.0
2012-05-25,0.22038090536261462,0.0,0.0,0.0,0.0,0.0,0.09271021114091495,0.0,0.0,0.009017308226348442,0.05327516034078319,0.0,0.0,0.09803513480442053,0.0,0.0,0.16489036821576314,0.0,0.18459825392499693,0.0,0.0,0.0,0.17709265798415816,0.0,0.0,0.0,0.0,0.0,0.0,0.0,0.0,0.0,0.0,0.0,0.0
2012-06-01,0.21980623389777704,0.0,0.0,0.0,0.0,0.0,0.10485190125257525,0.0,0.0,0.009845938338483674,0.05818552113057772,0.0,0.0,0.0860903572059002,0.0,0.0,0.1677253505011801,0.0,0.17821101600060554,0.0,0.0,0.0,0.17528368167290048,0.0,0.0,0.0,0.0,0.0,0.0,0.0,0.0,0.0,0.0,0.0,0.0
2012-06-08,0.2230361068018965,0.0,0.0,0.0,0.0,0.0,0.06460230932404777,0.0,0.0,0.005357746475370042,0.09356840603474231,0.0,0.0,0.10226523461417192,0.0,0.0,0.1401219349738238,0.0,0.18874280159768703,0.0,0.0,0.0,0.18230546017826063,0.0,0.0,0.0,0.0,0.0,0.0,0.0,0.0,0.0,0.0,0.0,0.0
2012-06-15,0.2643057098354755,0.0,0.0,0.0,0.0,0.0,0.04618306677995801,0.0,0.0,0.0036014340457349147,0.11389628914052496,0.0,0.0,0.11463196652616092,0.0,0.0,0.13599666617336628,0.0,0.18494204647693635,0.0,0.0,0.0,0.13644282102184294,0.0,0.0,0.0,0.0,0.0,0.0,0.0,0.0,0.0,0.0,0.0,0.0
2012-06-22,0.25856668580900427,0.0,0.0,0.0,0.0,0.0,0.05313560103981223,0.0,0.0,0.0,0.1398579686118383,0.0,0.0,0.10168038281992263,0.0,0.0,0.12214617330636214,0.0,0.1945797449390099,0.0,0.0,0.0,0.13003344347405052,0.0,0.0,0.0,0.0,0.0,0.0,0.0,0.0,0.0,0.0,0.0,0.0
2012-06-29,0.05765455073619793,0.0,0.0,0.0,0.0,0.0,0.1519104333448765,0.0,0.0,0.0,0.19647523752264034,0.0,0.0,0.047107373602828476,0.0,0.0,0.0583002134066203,0.0,0.24568968144955605,0.0,0.0,0.0,0.24286250993728042,0.0,0.0,0.0,0.0,0.0,0.0,0.0,0.0,0.0,0.0,0.0,0.0
2012-07-06,0.05765455073619793,0.0,0.0,0.0,0.0,0.004876579816685391,0.13854175327939772,0.0,0.0,0.0,0.24621786673462778,0.0,0.0,0.0391610071135294,0.0,0.0,0.03547879847131784,0.0,0.24262945207293823,0.0,0.0,0.0,0.23543999177530583,0.0,0.0,0.0,0.0,0.0,0.0,0.0,0.0,0.0,0.0,0.0,0.0
2012-07-13,0.05765455073619794,0.0,0.0,0.0,0.0,0.0,0.13727464674914325,0.0,0.0,0.0,0.2222136922443829,0.0,0.0,0.05523287167342507,0.0,0.0,0.04826381313781572,0.0,0.2418984232567727,0.0,0.0,0.0,0.23746200220226252,0.0,0.0,0.0,0.0,0.0,0.0,0.0,0.0,0.0,0.0,0.0,0.0
2012-07-20,0.05765455073619792,0.0,0.0,0.0,0.0,0.0,0.13662750194429069,0.0,0.0,0.0,0.2150195273593245,0.0,0.0,0.052377874198809043,0.0,0.0,0.049860807887880255,0.0,0.24853268874077367,0.0,0.0,0.0,0.23992704913272378,0.0,0.0,0.0,0.0,0.0,0.0,0.0,0.0,0.0,0.0,0.0,0.0
2012-07-27,0.0552751971343821,0.0,0.0,0.0,0.0,0.0,0.2084123457644908,0.0,0.0,0.0,0.18920675875458948,0.0,0.0,0.11620062176072281,0.0,0.0,0.06799620357874162,0.0,0.24835742706609534,0.0,0.0,0.0,0.1145514459409779,0.0,0.0,0.0,0.0,0.0,0.0,0.0,0.0,0.0,0.0,0.0,0.0
2012-08-03,0.05527519713438212,0.0,0.0,0.0,0.0,0.0,0.21998294464876048,0.0,0.0,0.0,0.1912582085607807,0.0,0.0,0.12569577772856577,0.0,0.0,0.06621291965272953,0.0,0.24367940228228221,0.0,0.0,0.0,0.09789554999249923,0.0,0.0,0.0,0.0,0.0,0.0,0.0,0.0,0.0,0.0,0.0,0.0
2012-08-10,0.05527519713438211,0.0,0.0,0.0,0.0,0.0,0.201768091411698,0.0,0.0,0.00937253284606736,0.16075799563195087,0.0,0.0,0.1396321746475096,0.0,0.0,0.07804615290735581,0.0,0.24184621088407146,0.0,0.0,0.0,0.11330164453696483,0.0,0.0,0.0,0.0,0.0,0.0,0.0,0.0,0.0,0.0,0.0,0.0
2012-08-17,0.0552751971343821,0.0,0.0,0.0,0.0,0.0,0.21233694939394582,0.0,0.0,0.007975230757792195,0.1956834584924889,0.0,0.0,0.1422608410707201,0.0,0.0,0.053405181371045926,0.0,0.2458541083827607,0.0,0.0,0.0,0.08720903339686419,0.0,0.0,0.0,0.0,0.0,0.0,0.0,0.0,0.0,0.0,0.0,0.0
2012-08-24,0.05527519713438211,0.0,0.0,0.0,0.0,0.0,0.20472757406714692,0.0,0.0,0.009648314898045105,0.1795967892966198,0.0,0.0,0.15073467704805438,0.0,0.0,0.07306362704347089,0.0,0.2278914799163722,0.0,0.0,0.0,0.09906234059590856,0.0,0.0,0.0,0.0,0.0,0.0,0.0,0.0,0.0,0.0,0.0,0.0
2012-08-31,0.05043529502759651,0.0,0.0,0.02836211778960581,0.0,0.02836211778960581,0.13613303459974513,0.0,0.0,0.007881680171450245,0.1048827136260678,0.0,0.0,0.05244980727685164,0.0,0.0,0.12639042026559752,0.0,0.20661103916817877,0.0,0.0,0.0,0.23012965649569495,0.0,0.0,0.02836211778960581,0.0,0.0,0.0,0.0,0.0,0.0,0.0,0.0,0.0
2012-09-07,0.050435295027596506,0.0,0.0,0.02689850492151171,0.0,0.02689850492151171,0.1484316572758702,0.0,0.0,0.00941219790970053,0.11378364732367165,0.0,0.0,0.056126207758947694,0.0,0.0,0.11464895452597529,0.0,0.19859111983396888,0.0,0.0,0.0,0.22787540557973396,0.0,0.0,0.02689850492151171,0.0,0.0,0.0,0.0,0.0,0.0,0.0,0.0,0.0
2012-09-14,0.05043529502759651,0.0,0.0,0.029954900883228164,0.0,0.029954900883228164,0.14161354099925233,0.0,0.0,0.009069151418531011,0.10352567678739073,0.0,0.0,0.060933458325574535,0.0,0.0,0.12265008093707598,0.0,0.19890369403585714,0.0,0.0,0.0,0.22300439981903722,0.0,0.0,0.029954900883228164,0.0,0.0,0.0,0.0,0.0,0.0,0.0,0.0,0.0
2012-09-21,0.05043529502759651,0.0,0.0,0.023862542784583354,0.0,0.022822157647929737,0.14503603923038436,0.0,0.0,0.01165341031218188,0.10551392715153211,0.0,0.0,0.06418719005823581,0.0,0.0,0.12449119074460677,0.0,0.1973272040161278,0.0,0.0,0.003153863328909426,0.22869502204998252,0.0,0.0,0.022822157647929737,0.0,0.0,0.0,0.0,0.0,0.0,0.0,0.0,0.0
2012-09-28,0.08431471637965093,0.0,0.0,0.019104984504912596,0.0,0.015890480574744303,0.1671959444039996,0.0,0.0,0.031560082614099316,0.07119599900911841,0.0,0.0,0.08616819711935585,0.0,0.0,0.2306247939338184,0.0,0.04101674178382177,0.0,0.0,0.001083269698107283,0.23595430940362705,0.0,0.0,0.015890480574744303,0.0,0.0,0.0,0.0,0.0,0.0,0.0,0.0,0.0
2012-10-05,0.08431471637965093,0.0,0.0,0.015493894013075053,0.0,0.015493894013075053,0.1672086999218494,0.0,0.0,0.036588706628505836,0.06705937822924396,0.0,0.0,0.0808771259809889,0.0,0.0,0.2341366629943234,0.0,0.04473801605926103,0.0,0.0,0.0,0.2385950117669513,0.0,0.0,0.015493894013075053,0.0,0.0,0.0,0.0,0.0,0.0,0.0,0.0,0.0
2012-10-12,0.08431471637965095,0.0,0.0,0.02010659670038561,0.0,0.015779466332023418,0.1382055689338222,0.0,0.0,0.0540500545608153,0.07003805805073511,0.0,0.0,0.10316294345120768,0.0,0.0,0.22090252405275196,0.0,0.03947638478572864,0.0,0.0,0.0014624127937305012,0.23672180762712516,0.0,0.0,0.015779466332023418,0.0,0.0,0.0,0.0,0.0,0.0,0.0,0.0,0.0
2012-10-19,0.08431471637965095,0.0,0.0,0.02884930897710653,0.0,0.01584593061369387,0.1386773765896268,0.0,0.0,0.05227301390351957,0.07073131787154245,0.0,0.0,0.09173509641617564,0.0,0.0,0.21814201103683095,0.0,0.04228934866829021,0.0,0.0,0.010251922075822935,0.23104402685404618,0.0,0.0,0.01584593061369387,0.0,0.0,0.0,0.0,0.0,0.0,0.0,0.0,0.0
2012-10-26,0.13220194483188666,0.0,0.0,0.021812757150033085,0.0,0.04319042613183866,0.1025986581232808,0.0,0.0,0.14591990343733047,0.047644646954700345,0.0,0.0,0.13139940129400757,0.0,0.0,0.15889069294583646,0.0,0.016213956552766404,0.0,0.0,0.0018905670845032628,0.18202308894104974,0.0,0.0,0.016213956552766404,0.0,0.0,0.0,0.0,0.0,0.0,0.0,0.0,0.0
2012-11-02,0.13330123073584962,0.0,0.0,0.01632720836281129,0.0,0.029909141737299805,0.11487291093943923,0.0,0.0,0.12512640834765285,0.11366435523402568,0.0,0.0,0.10921611853145372,0.0,0.0,0.15437843933609968,0.0,0.023694236875928268,0.0,0.0,0.0,0.16318274153662846,0.0,0.0,0.01632720836281129,0.0,0.0,0.0,0.0,0.0,0.0,0.0,0.0,0.0
2012-11-09,0.1312389306871062,0.0,0.0,0.023983653220129263,0.0,0.03423654928719837,0.10275378716037506,0.0,0.0,0.13851193107017679,0.08120389150544383,0.0,0.0,0.1196139781859315,0.0,0.0,0.16145529704240863,0.0,0.016114743877881702,0.0,0.0,0.004782812032576378,0.16998968205289047,0.0,0.0,0.016114743877881702,0.0,0.0,0.0,0.0,0.0,0.0,0.0,0.0,0.0
2012-11-16,0.10807964088120298,0.0,0.0,0.01695504931905723,0.0,0.024560198135913376,0.11080900964012855,0.0,0.0,0.12773172317384407,0.10174267029062753,0.0,0.0,0.1103947685927302,0.0,0.0,0.17930756144175497,0.0,0.017777659818099756,0.0,0.0,0.0,0.18568666938758394,0.0,0.0,0.01695504931905723,0.0,0.0,0.0,0.0,0.0,0.0,0.0,0.0,0.0
2012-11-23,0.09837515625365145,0.0,0.0,0.0370627001621406,0.0,0.016891373137856443,0.1170286315801331,0.0,0.0,0.11236053924949162,0.10482649478405534,0.0,0.0,0.09506506308951956,0.0,0.0,0.1753490264525362,0.0,0.016891373137856443,0.0,0.0,0.02264179536643519,0.18661647364846745,0.0,0.0,0.016891373137856443,0.0,0.0,0.0,0.0,0.0,0.0,0.0,0.0,0.0
2012-11-30,0.09327873339776102,0.0,0.0,0.10862822145048277,0.0,0.018116007706859016,0.10741871147065414,0.0,0.0,0.010971472458416754,0.14537886051835033,0.0,0.0,0.09428787002686774,0.0,0.0,0.1901683476217037,0.0,0.018116007706859016,0.0,0.0,0.11872005359438556,0.07575172781639067,0.0,0.0,0.019163986231269126,0.0,0.0,0.0,0.0,0.0,0.0,0.0,0.0,0.0
2012-12-07,0.1245781618969235,0.0,0.0,0.09688167229257792,0.0,0.01736792371190546,0.11097250158530736,0.0,0.0,0.003882150335416589,0.12857388424578423,0.0,0.0,0.0766824606975357,0.0,0.0,0.1974631583461988,0.0,0.01736792371190546,0.0,0.0,0.1288385825291375,0.08002365693540192,0.0,0.0,0.01736792371190546,0.0,0.0,0.0,0.0,0.0,0.0,0.0,0.0,0.0
2012-12-14,0.1292481393273315,0.0,0.0,0.09305363306796346,0.0,0.020295906934603404,0.11466756224550381,0.0,0.0,0.0,0.13404561026955983,0.0,0.0,0.07166109884837576,0.0,0.0,0.19122960864720268,0.0,0.026518435615185267,0.0,0.0,0.12430067980480132,0.07729395598816742,0.0,0.0,0.0176853692513055,0.0,0.0,0.0,0.0,0.0,0.0,0.0,0.0,0.0
2012-12-21,0.13244780911601745,0.0,0.0,0.07783142160587099,0.0,0.025385506125318133,0.12285321664054319,0.0,0.0,0.0,0.1577158994013289,0.0,0.0,0.06435877861195455,0.0,0.0,0.1825296036726883,0.0,0.03344828538951383,0.0,0.0,0.1141684232294192,0.07135818678240795,0.0,0.0,0.017902869424937528,0.0,0.0,0.0,0.0,0.0,0.0,0.0,0.0,0.0
2012-12-28,0.1111370496457221,0.0,0.0,0.19770206485723188,0.0,0.01782432139152267,0.1371659054128907,0.0,0.0,0.0,0.18514634362786123,0.0,0.0,0.0,0.0,0.0,0.13539707793695385,0.0,0.03254516273666361,0.0,0.0,0.0993980426242839,0.05929108188645524,0.0,0.0,0.02439294988041487,0.0,0.0,0.0,0.0,0.0,0.0,0.0,0.0,0.0
2013-01-04,0.1116374191446248,0.0,0.0,0.20696761924903287,0.0,0.0,0.14505732975228808,0.0,0.0,0.0,0.16760230749670132,0.0,0.0,0.005859381777654456,0.0,0.0,0.14501481923458764,0.0,0.02832843368321998,0.0,0.0,0.1002444610204577,0.06686303261489272,0.0,0.0,0.022425196026540264,0.0,0.0,0.0,0.0,0.0,0.0,0.0,0.0,0.0
2013-01-11,0.07787738226324335,0.0,0.0,0.21788968819712096,0.0,0.0,0.10862053397412055,0.0,0.0,0.0,0.16844569941992582,0.0,0.0,0.0,0.0,0.0,0.1691628752584181,0.0,0.028419404113012383,0.0,0.0,0.11831887986013087,0.07420930614247051,0.0,0.0,0.0370562307715574,0.0,0.0,0.0,0.0,0.0,0.0,0.0,0.0,0.0
2013-01-18,0.10006622994140557,0.0,0.0,0.21332680619548983,0.0,0.0,0.12382003545103856,0.0,0.0,0.0028719634495246015,0.1427627405575575,0.0,0.0,0.0,0.0,0.0,0.14816216346265804,0.0,0.020652517371295313,0.0,0.0,0.1379103070808709,0.05837887135196837,0.0,0.0,0.05204836513819128,0.0,0.0,0.0,0.0,0.0,0.0,0.0,0.0,0.0
2013-01-25,0.0,0.0,0.0,0.24142709030887682,0.00824717910217509,0.022933594450920622,0.165186704287274,0.0,0.0,0.010587363897997814,0.1308611410017118,0.0,0.0,0.0,0.0,0.0,0.10208870180445606,0.0,0.0,0.0,0.0,0.18309030853379263,0.061267655659476686,0.0,0.0,0.07431026095331843,0.0,0.0,0.0,0.0,0.0,0.0,0.0,0.0,0.0
2013-02-01,0.0,0.0,0.0,0.23365309033182685,0.00811099246873137,0.023364377361542437,0.17697332376197977,0.0,0.0,0.005396512853564509,0.15144121832856433,0.0,0.0,0.0,0.0,0.0,0.09061625367618015,0.0,0.0,0.0,0.0,0.18201133008049464,0.05570495748578075,0.0,0.0,0.07272794365133514,0.0,0.0,0.0,0.0,0.0,0.0,0.0,0.0,0.0
2013-02-08,0.0,0.0,0.0,0.24504039861499718,0.007772712941035478,0.023011854085554322,0.15476428391072003,0.0,0.0,0.014652318262766077,0.13001588370690487,0.0,0.0,0.0,0.0,0.0,0.10024603235566186,0.0,0.0,0.0,0.0,0.19171997568667115,0.05137021339859901,0.0,0.0,0.08140632703708992,0.0,0.0,0.0,0.0,0.0,0.0,0.0,0.0,0.0
2013-02-15,0.0,0.0,0.0,0.2439594227695119,0.0062410021766257755,0.022901407476325342,0.15732498976072992,0.0,0.0,0.013550346931727733,0.12926241262661228,0.0,0.0,0.0,0.0,0.0,0.10157809134374779,0.0,0.0,0.0,0.0,0.191736385992733,0.054045528590495474,0.0,0.0,0.07940041233149067,0.0,0.0,0.0,0.0,0.0,0.0,0.0,0.0,0.0
2013-02-22,0.11319604039474682,0.0,0.0,0.1928046981484787,0.0,0.0,0.1575492337833665,0.0,0.0,0.059662924896931396,0.0,0.0,0.0,0.0,0.0,0.0,0.07835508484342299,0.0,0.0,0.0,0.0,0.16318199457923283,0.06339580791757517,0.0,0.0,0.17185421543624552,0.0,0.0,0.0,0.0,0.0,0.0,0.0,0.0,0.0
2013-03-01,0.11514480789154803,0.0,0.0,0.1949599294970545,0.0008871251717093608,0.0,0.15603705242738847,0.0,0.0,0.05825226909974196,0.0,0.0,0.0,0.0,0.0,0.0,0.0762293273501573,0.0,0.0,0.0,0.0,0.16425425168735275,0.06624990863911528,0.0,0.0,0.16798532823593226,0.0,0.0,0.0,0.0,0.0,0.0,0.0,0.0,0.0
2013-03-08,0.1133933875910248,0.0,0.0,0.19595335348723217,0.0007339742230479689,0.0,0.15646866524117306,0.0,0.0,0.06041940349351364,0.0,0.0,0.0,0.0,0.0,0.0,0.0784365007848205,0.0,0.0,0.0,0.0,0.16430407665950864,0.061934203484783686,0.0,0.0,0.16835643503489553,0.0,0.0,0.0,0.0,0.0,0.0,0.0,0.0,0.0
2013-03-15,0.08545356127787707,0.0,0.0,0.18037127068048053,0.006947773737820762,0.0,0.15731183137015248,0.0,0.0,0.07450620687012155,0.0,0.0,0.0,0.0,0.0,0.0,0.10313159921929034,0.0,0.0,0.0,0.0,0.15364611713078472,0.08397984055412759,0.0,0.0,0.15465179915934493,0.0,0.0,0.0,0.0,0.0,0.0,0.0,0.0,0.0
2013-03-22,0.11161981167817946,0.0,0.0,0.1850599900689624,0.0009632001430391954,0.0,0.16053841098053817,0.0,0.0,0.06603940304454949,0.0,0.0,0.0,0.0,0.0,0.0,0.08900412929917453,0.0,0.0,0.0,0.0,0.15415253669445467,0.07295862903708351,0.0,0.0,0.1596638890540184,0.0,0.0,0.0,0.0,0.0,0.0,0.0,0.0,0.0
2013-03-29,0.10830642862313875,0.0,0.0,0.22047728322497462,0.0086742235685368,0.0,0.11245751481408595,0.0,0.0,0.06615460129831174,0.0,0.0,0.0,0.0,0.0,0.0,0.08577467519435665,0.0,0.0,0.0,0.0,0.14634333036723982,0.13665870125892324,0.0,0.0,0.11515324165043248,0.0,0.0,0.0,0.0,0.0,0.0,0.0,0.0,0.0
2013-04-05,0.10518761046924226,0.0,0.0,0.21479515063960863,0.010719031300594888,0.0,0.1265538964570747,0.0,0.0,0.05970651974406095,0.0,0.0,0.0,0.0,0.0,0.0,0.09138486481624042,0.0,0.0,0.0,0.0,0.13703386938110595,0.13050020424447917,0.0,0.0,0.12411885294759299,0.0,0.0,0.0,0.0,0.0,0.0,0.0,0.0,0.0
2013-04-12,0.0472974867573048,0.0,0.0,0.22942366058760197,0.01373272798720956,0.0,0.10478544448270732,0.0,0.0,0.07675266752096638,0.0,0.0,0.0,0.0,0.0,0.0,0.12678605622646952,0.0,0.0,0.0,0.0,0.11367016141128591,0.18193979215479397,0.0,0.0,0.10561200287166067,0.0,0.0,0.0,0.0,0.0,0.0,0.0,0.0,0.0
2013-04-19,0.09640670446213614,0.0,0.0,0.20859050494221018,0.018559552784147573,0.0,0.1283916273396705,0.0,0.0,0.07277494011227609,0.0,0.0,0.0,0.0,0.0,0.0,0.08279552152410342,0.0,0.0,0.0,0.0,0.138705664237169,0.12771288240794268,0.0,0.0,0.12606260219034437,0.0,0.0,0.0,0.0,0.0,0.0,0.0,0.0,0.0
2013-04-26,0.1347730069059613,0.0,0.0,0.20186819071759124,0.05702613364317809,0.0,0.10014632577909713,0.0,0.0,0.12748432522798803,0.0,0.0,0.0,0.0007725855336749703,0.0,0.0,0.1069450535744487,0.0,0.031121980446871415,0.0,0.0,0.12242742619062058,0.08631299153369701,0.0,0.0,0.031121980446871415,0.0,0.0,0.0,0.0,0.0,0.0,0.0,0.0,0.0
2013-05-03,0.09238098531281767,0.0,0.0,0.21341857593936678,0.08319835950765711,0.0,0.05801727399847419,0.0,0.0,0.1298872213466374,0.0,0.0,0.0,0.0013809716964335755,0.0,0.0,0.16001206126475603,0.0,0.020786944861106223,0.0,0.0,0.1099416187318436,0.11018904247980107,0.0,0.0,0.020786944861106223,0.0,0.0,0.0,0.0,0.0,0.0,0.0,0.0,0.0
2013-05-10,0.07692167679240403,0.0,0.0,0.18790469363595708,0.12990809755290292,0.0,0.05247726013961433,0.0,0.0,0.14713727009907063,0.0,0.0,0.0,0.0,0.0,0.0,0.12468922037158969,0.0,0.020949428208326203,0.0,0.0,0.1322776676364739,0.10678525735533498,0.0,0.0,0.020949428208326203,0.0,0.0,0.0,0.0,0.0,0.0,0.0,0.0,0.0
2013-05-17,0.07405861433485171,0.0,0.0,0.19713503494237752,0.05801220290439711,0.0,0.08150074781019495,0.0,0.0,0.09852089487512357,0.0,0.0,0.0,0.0022147643880805683,0.0,0.0,0.14909597599626662,0.0,0.05801219690630145,0.0,0.0,0.097070939747127,0.1263664311889779,0.0,0.0,0.05801219690630145,0.0,0.0,0.0,0.0,0.0,0.0,0.0,0.0,0.0
2013-05-24,0.08043567315638842,0.0,0.0,0.20671238035704173,0.04080572578014835,0.0,0.09367098525337901,0.0,0.0,0.09008060294767592,0.0,0.0,0.0,0.0,0.0,0.0,0.15303022788818002,0.0,0.05561783487078187,0.0,0.0,0.09497444301959904,0.12905429185602357,0.0,0.0,0.05561783487078187,0.0,0.0,0.0,0.0,0.0,0.0,0.0,0.0,0.0
2013-05-31,0.08963710577547088,0.0,0.0,0.17879911015571376,0.13589700377071992,0.0,0.05808641014564715,0.0,0.0,0.056348067856706624,0.06722782933160315,0.0,0.0,0.0009406067211658744,0.0,0.0,0.09432152348352335,0.0,0.0,0.0,0.0,0.13203155976656522,0.12862437284723682,0.0,0.0,0.05808641014564715,0.0,0.0,0.0,0.0,0.0,0.0,0.0,0.0,0.0
2013-06-07,0.045845357964227895,0.0,0.0,0.18757067470236705,0.11725437459932973,0.0,0.07543439925640659,0.0,0.0,0.0704568889949165,0.03438401847317092,0.0,0.0,0.0011278185812685054,0.0,0.0,0.11784011638975725,0.0,0.0,0.0,0.0,0.11756820621838418,0.15708374556376475,0.0,0.0,0.07543439925640659,0.0,0.0,0.0,0.0,0.0,0.0,0.0,0.0,0.0
2013-06-14,0.03767832566458506,0.0,0.0,0.17656922227808156,0.12074078336647319,0.0,0.07170718100579279,0.0,0.0,0.07523960530372123,0.028258744248438793,0.0,0.0,0.004693696097845654,0.0,0.0,0.12324990270143835,0.0,0.0,0.0,0.0,0.11467306722396728,0.17548229110386335,0.0,0.0,0.07170718100579279,0.0,0.0,0.0,0.0,0.0,0.0,0.0,0.0,0.0
2013-06-21,0.035708378454479855,0.0,0.0,0.15463979925836166,0.16062813627776376,0.0,0.03085281704731202,0.0,0.0,0.11419772173415609,0.02678128384085989,0.0,0.0,0.014752560171490268,0.0,0.0,0.12013927870605418,0.0,0.0,0.0,0.0,0.1285035024720904,0.18294370499011978,0.0,0.0,0.03085281704731202,0.0,0.0,0.0,0.0,0.0,0.0,0.0,0.0,0.0
2013-06-28,0.19590351985836169,0.0,0.0,0.19270129665895247,0.11615157443327569,0.0,0.025063223060969732,0.0,0.0,0.08851718151272138,0.0,0.0,0.0,0.010277890058267977,0.0,0.0,0.2183693323706163,0.0,0.0,0.0,0.0,0.09660982833117726,0.05640615371565742,0.0,0.0,0.0,0.0,0.0,0.0,0.0,0.0,0.0,0.0,0.0,0.0
2013-07-05,0.19709538100808122,0.0,0.0,0.18165613070395437,0.0996911887175665,0.0,0.02595711892325937,0.0,0.0,0.10146264183607273,0.0,0.0,0.0,0.023504780414251365,0.0,0.0,0.21897693517617822,0.0,0.0,0.0,0.0,0.10097221493948562,0.05068360828115064,0.0,0.0,0.0,0.0,0.0,0.0,0.0,0.0,0.0,0.0,0.0,0.0
2013-07-12,0.19761509505773833,0.0,0.0,0.18201339249175535,0.11681243386940948,0.0,0.026346904460502186,0.0,0.0,0.10595940553578359,0.0,0.0,0.0,0.013813561365840315,0.0,0.0,0.195790404948705,0.0,0.0,0.0,0.0,0.11513442618336452,0.04651437608690133,0.0,0.0,0.0,0.0,0.0,0.0,0.0,0.0,0.0,0.0,0.0,0.0
2013-07-19,0.19783204354585948,0.0,0.0,0.19088345895318087,0.11170464705578273,0.0,0.026509615826593065,0.0,0.0,0.10471208470315532,0.0,0.0,0.0,0.013182793044383535,0.0,0.0,0.1978465540928593,0.0,0.0,0.0,0.0,0.10539807619173283,0.05193072658645291,0.0,0.0,0.0,0.0,0.0,0.0,0.0,0.0,0.0,0.0,0.0,0.0
2013-07-26,0.026293418204689403,0.0,0.0,0.1645596038869901,0.09075009097297111,0.0,0.1583169932781561,0.0,0.0,0.10842430067696486,0.0,0.0,0.0,0.059620250095183916,0.0,0.0,0.2616967003729946,0.0,0.0,0.0,0.0,0.06559463253793385,0.06474400997411606,0.0,0.0,0.0,0.0,0.0,0.0,0.0,0.0,0.0,0.0,0.0,0.0
2013-08-02,0.026293418204689403,0.0,0.0,0.16686479843375912,0.0894694905088847,0.0,0.16103690447645772,0.0,0.0,0.1047173499759599,0.0,0.0,0.0,0.05484022290159549,0.0,0.0,0.2609313388314207,0.0,0.0,0.0,0.0,0.06997796655283621,0.0658685101143967,0.0,0.0,0.0,0.0,0.0,0.0,0.0,0.0,0.0,0.0,0.0,0.0
2013-08-09,0.0262934182046894,0.0,0.0,0.16805807215531562,0.08841840313070592,0.0,0.16805807215531562,0.0,0.0,0.10318293230550908,0.0,0.0,0.0,0.0553918292292002,0.0,0.0,0.2658572689142649,0.0,0.0,0.0,0.0,0.06140343101310357,0.0633365728918955,0.0,0.0,0.0,0.0,0.0,0.0,0.0,0.0,0.0,0.0,0.0,0.0
2013-08-16,0.026293418204689407,0.0,0.0,0.17037691012557354,0.08680991492486306,0.0,0.16913200121127978,0.0,0.0,0.09925541904675615,0.0,0.0,0.0,0.062085428945438025,0.0,0.0,0.2630150320170108,0.0,0.0,0.0,0.0,0.060354785506992796,0.06267709001739621,0.0,0.0,0.0,0.0,0.0,0.0,0.0,0.0,0.0,0.0,0.0,0.0
2013-08-23,0.0262934182046894,0.0,0.0,0.17431030718819562,0.08872668092096925,0.0,0.16702898371208813,0.0,0.0,0.10526625020395493,0.0,0.0,0.0,0.050082560220500116,0.0,0.0,0.26246228279183276,0.0,0.0,0.0,0.0,0.06483481671546006,0.06099470004230957,0.0,0.0,0.0,0.0,0.0,0.0,0.0,0.0,0.0,0.0,0.0,0.0
2013-08-30,0.16067014502488602,0.0,0.0,0.13986597472598014,0.09277209390412525,0.0,0.11835592436636436,0.0,0.0,0.12543753222362178,0.0,0.0,0.0,0.0403247725834978,0.0,0.0,0.25306781059417954,0.0,0.0,0.0,0.0,0.020725984903860403,0.04877976167348465,0.0,0.0,0.0,0.0,0.0,0.0,0.0,0.0,0.0,0.0,0.0,0.0
2013-09-06,0.160670145024886,0.0,0.0,0.14766817543850325,0.09883027345739107,0.0,0.11564581183368955,0.0,0.0,0.11404960376114232,0.0,0.0,0.0,0.03545161561804465,0.0,0.0,0.24414671213858619,0.0,0.0,0.0,0.0,0.02970903063108074,0.05382863209667608,0.0,0.0,0.0,0.0,0.0,0.0,0.0,0.0,0.0,0.0,0.0,0.0
2013-09-13,0.160670145024886,0.0,0.0,0.14765470099132605,0.09839283406514795,0.0,0.11166288038836727,0.0,0.0,0.11580165815159843,0.0,0.0,0.0,0.03826391147651688,0.0,0.0,0.2396054785622326,0.0,0.0,0.0,0.0,0.03011461528634025,0.057833776053584515,0.0,0.0,0.0,0.0,0.0,0.0,0.0,0.0,0.0,0.0,0.0,0.0
2013-09-20,0.16067014502488602,0.0,0.0,0.14248405595657404,0.10165109338860653,0.0,0.11220228422765598,0.0,0.0,0.11531268897881257,0.0,0.0,0.0,0.04259697816326623,0.0,0.0,0.2352962239535705,0.0,0.0,0.0,0.0,0.037436370755070836,0.05235015955155745,0.0,0.0,0.0,0.0,0.0,0.0,0.0,0.0,0.0,0.0,0.0,0.0
2013-09-27,0.16136965622113683,0.0,0.0,0.19360601011138195,0.035164623844960725,0.0,0.07868128022180405,0.0,0.0,0.14151005361927405,0.0,0.0,0.0,0.031572010511720434,0.0,0.0,0.21352677440708068,0.0,0.0,0.0,0.0,0.0956904551329615,0.0,0.0,0.0,0.04887913592967968,0.0,0.0,0.0,0.0,0.0,0.0,0.0,0.0,0.0
2013-10-04,0.16136965622113683,0.0,0.0,0.18865479218115272,0.0317919323855571,0.0,0.07809561103177101,0.0,0.0,0.14646788089877003,0.0,0.0,0.0,0.03918522107438889,0.0,0.0,0.21743724370051123,0.0,0.0,0.0,0.0,0.09345825288574044,0.0,0.0,0.0,0.043539409620971525,0.0,0.0,0.0,0.0,0.0,0.0,0.0,0.0,0.0
2013-10-11,0.16136965622113683,0.0,0.0,0.1882450701958766,0.04113041474959904,0.0,0.06612288111248422,0.0,0.0,0.15508943382267346,0.0,0.0,0.0,0.03622276411737001,0.0,0.0,0.2136168578644789,0.0,0.0,0.0,0.0,0.10285300630627,0.0,0.0,0.0,0.035349915610110846,0.0,0.0,0.0,0.0,0.0,0.0,0.0,0.0,0.0
2013-10-18,0.16136965622113683,0.0,0.0,0.18723499082173428,0.04329333314878752,0.0,0.05520835476224131,0.0,0.0,0.1691769019624546,0.0,0.0,0.0,0.03542266941240853,0.0,0.0,0.20956047978213285,0.0,0.0,0.0,0.0,0.10615933134574201,0.0,0.0,0.0,0.032574282543362025,0.0,0.0,0.0,0.0,0.0,0.0,0.0,0.0,0.0
2013-10-25,0.1429438189762951,0.0,0.0,0.07102780158907927,0.03654732084479399,0.0,0.028576227230395764,0.0,0.0,0.16092755617204535,0.0,0.0,0.0,0.16025191088236077,0.0,0.0,0.20114172895517832,0.0,0.0,0.0,0.0,0.11225031648844716,0.057757091631008686,0.0,0.0,0.028576227230395764,0.0,0.0,0.0,0.0,0.0,0.0,0.0,0.0,0.0
2013-11-01,0.147776831290526,0.0,0.0,0.06610078774187421,0.04576757099366602,0.0,0.02362372381642018,0.0,0.0,0.16105096177999292,0.0,0.0,0.0,0.16361215142618105,0.0,0.0,0.19980561568512747,0.0,0.0,0.0,0.0,0.11592179465896002,0.052716838790831846,0.0,0.0,0.02362372381642018,0.0,0.0,0.0,0.0,0.0,0.0,0.0,0.0,0.0
2013-11-08,0.14377347421639605,0.0,0.0,0.06940386574250959,0.04133403206588675,0.0,0.022852786802988304,0.0,0.0,0.16018180318257366,0.0,0.0,0.0,0.1623620123787294,0.0,0.0,0.20484773855887475,0.0,0.0,0.0,0.0,0.11422215080279953,0.05816934944625349,0.0,0.0,0.022852786802988304,0.0,0.0,0.0,0.0,0.0,0.0,0.0,0.0,0.0
2013-11-15,0.14733888793121344,0.0,0.0,0.06559486168015514,0.04446997747106511,0.0,0.022640669126303165,0.0,0.0,0.161960051863288,0.0,0.0,0.0,0.1634704597387986,0.0,0.0,0.20094877960936144,0.0,0.0,0.0,0.0,0.11716425792256357,0.05377138553094832,0.0,0.0,0.022640669126303165,0.0,0.0,0.0,0.0,0.0,0.0,0.0,0.0,0.0
2013-11-22,0.14851918236670797,0.0,0.0,0.06651326177030016,0.040444513314417056,0.0,0.019317384748763208,0.0,0.0,0.16461858842459773,0.0,0.0,0.0,0.16628356051093063,0.0,0.0,0.20351204535765574,0.0,0.0,0.0,0.0,0.11938733949435075,0.05208673926351347,0.0,0.0,0.019317384748763208,0.0,0.0,0.0,0.0,0.0,0.0,0.0,0.0,0.0
2013-11-29,0.06863315886793038,0.0,0.0,0.1479170148215035,0.05224689372063799,0.0,0.03314417815743177,0.0,0.0,0.15733938643739342,0.0,0.0,0.0,0.15377745470400733,0.0,0.0,0.20373845851449146,0.0,0.0,0.0,0.0,0.088721945621888,0.061337330997284265,0.0,0.0,0.03314417815743177,0.0,0.0,0.0,0.0,0.0,0.0,0.0,0.0,0.0
2013-12-06,0.06787678182119602,0.0,0.0,0.15285807349594038,0.05575838310685545,0.0,0.032031911273732554,0.0,0.0,0.1390460085900412,0.0,0.0,0.0,0.1570635146102497,0.0,0.0,0.20799094495591985,0.0,0.0,0.0,0.0,0.09071654586564551,0.06462592500668676,0.0,0.0,0.032031911273732554,0.0,0.0,0.0,0.0,0.0,0.0,0.0,0.0,0.0
2013-12-13,0.06800247931007103,0.0,0.0,0.1399380057828281,0.04537374217492107,0.0,0.033569625013686044,0.0,0.0,0.14573150234360002,0.0,0.0,0.0,0.15759402949294188,0.0,0.0,0.23015169777245245,0.0,0.0,0.0,0.0,0.07463644026957275,0.07143285282624053,0.0,0.0,0.033569625013686044,0.0,0.0,0.0,0.0,0.0,0.0,0.0,0.0,0.0
2013-12-20,0.06805054058510718,0.0,0.0,0.1359355327064903,0.056992394809306124,0.0,0.032707473983190044,0.0,0.0,0.14128097596462144,0.0,0.0,0.0,0.16220244093243258,0.0,0.0,0.23162533893368772,0.0,0.0,0.0,0.0,0.06685273896874386,0.07164508913323045,0.0,0.0,0.032707473983190044,0.0,0.0,0.0,0.0,0.0,0.0,0.0,0.0,0.0
2013-12-27,0.07059170246667038,0.0,0.0,0.13050011148842883,0.04602174411087943,0.0,0.14801833646868362,0.0,0.0,0.14275872912303791,0.0,0.0,0.0,0.15524464126212245,0.0,0.0,0.26218502064401933,0.0,0.0,0.0,0.0,0.04467971443615798,0.0,0.0,0.0,0.0,0.0,0.0,0.0,0.0,0.0,0.0,0.0,0.0,0.0
2014-01-03,0.07026727675844263,0.0,0.0,0.14382634184209192,0.04416160931457758,0.0,0.1635780126048484,0.0,0.0,0.13032585501161895,0.0,0.0,0.0,0.14610484660209433,0.0,0.0,0.26417363042499076,0.0,0.0,0.0,0.0,0.03756242744133547,0.0,0.0,0.0,0.0,0.0,0.0,0.0,0.0,0.0,0.0,0.0,0.0,0.0
2014-01-10,0.07077338915981146,0.0,0.0,0.1376610898601397,0.031218762243184952,0.0,0.1579613090814594,0.0,0.0,0.1329705877784445,0.0,0.0,0.0,0.15093670288379085,0.0,0.0,0.2651087226289256,0.0,0.0,0.0,0.0,0.05336943636424356,0.0,0.0,0.0,0.0,0.0,0.0,0.0,0.0,0.0,0.0,0.0,0.0,0.0
2014-01-17,0.06914914789832183,0.0,0.0,0.1114934145465295,0.035519369921628824,0.0,0.1357465021923904,0.0,0.0,0.15321721387708404,0.0,0.0,0.0,0.17800043853910727,0.0,0.0,0.255769237337849,0.0,0.0,0.0,0.0,0.06110467568708902,0.0,0.0,0.0,0.0,0.0,0.0,0.0,0.0,0.0,0.0,0.0,0.0,0.0
2014-01-24,0.07034966274171947,0.0,0.0,0.10958642024994919,0.046219801870863,0.0,0.13158306115557467,0.0,0.0,0.15698737748297975,0.0,0.0,0.0,0.184333009888051,0.0,0.0,0.2463152146106533,0.0,0.0,0.0,0.0,0.0546254520002096,0.0,0.0,0.0,0.0,0.0,0.0,0.0,0.0,0.0,0.0,0.0,0.0,0.0
2014-01-31,0.29725663987422574,0.0,0.0,0.08000004845212447,0.0025774084212277478,0.0,0.11146463212919525,0.0,0.0,0.12015413799958378,0.0,0.0,0.0,0.13453218385529753,0.0,0.0,0.1870660470973023,0.0,0.0,0.0,0.0,0.06694890217104314,0.0,0.0,0.0,0.0,0.0,0.0,0.0,0.0,0.0,0.0,0.0,0.0,0.0
2014-02-07,0.24679011196842063,0.0,0.0,0.07539535424780891,0.004072913276243834,0.0,0.0953370611744093,0.0,0.0,0.15188244552081423,0.0,0.0,0.0,0.14326428006313077,0.0,0.0,0.19641765875590506,0.0,0.0,0.0,0.0,0.08684017499326713,0.0,0.0,0.0,0.0,0.0,0.0,0.0,0.0,0.0,0.0,0.0,0.0,0.0
2014-02-14,0.2692458329699249,0.0,0.0,0.09165797200817558,0.005922308013809653,0.0,0.11842296313186057,0.0,0.0,0.12184332722964133,0.0,0.0,0.0,0.12437296469187445,0.0,0.0,0.19800301836687864,0.0,0.0,0.0,0.0,0.07053161358783468,0.0,0.0,0.0,0.0,0.0,0.0,0.0,0.0,0.0,0.0,0.0,0.0,0.0
2014-02-21,0.33142090614267283,0.0,0.0,0.07332813152454581,0.005454911994806224,0.0,0.10721304420967821,0.0,0.0,0.12072606213460464,0.0,0.0,0.0,0.12565099642197283,0.0,0.0,0.17544231043878605,0.0,0.0,0.0,0.0,0.06076363713293329,0.0,0.0,0.0,0.0,0.0,0.0,0.0,0.0,0.0,0.0,0.0,0.0,0.0
2014-02-28,0.3496490305392279,0.0,0.0,0.05545436248877315,0.005252915795914355,0.013903631664489277,0.09590215958461397,0.0,0.0,0.07389034916799397,0.04119140598662854,0.0,0.0,0.12508921946956705,0.0,0.0,0.15678055668625068,0.0,0.013903631664489277,0.0,0.0,0.05507910528756246,0.013903631664489277,0.0,0.0,0.0,0.0,0.0,0.0,0.0,0.0,0.0,0.0,0.0,0.0
2014-03-07,0.33978561715620725,0.0,0.0,0.06379182998139397,0.0,0.014037494686671505,0.11003830154525401,0.0,0.0,0.07098219784787112,0.03986363880045268,0.0,0.0,0.12029633516147442,0.0,0.0,0.1608719433086415,0.0,0.014037494686671505,0.0,0.0,0.05143487803555581,0.01486026878980604,0.0,0.0,0.0,0.0,0.0,0.0,0.0,0.0,0.0,0.0,0.0,0.0
2014-03-14,0.33984524471072386,0.0,0.0,0.05140068181490886,0.0,0.013343502980425047,0.09282148639380519,0.0,0.0,0.07360839806633247,0.0424412882062609,0.0,0.0,0.13045440842037118,0.0,0.0,0.1579577873745615,0.0,0.013343502980425047,0.0,0.0,0.06888376039982778,0.015899938652358003,0.0,0.0,0.0,0.0,0.0,0.0,0.0,0.0,0.0,0.0,0.0,0.0
2014-03-21,0.3511343386646141,0.0,0.0,0.056695698685892124,0.0,0.013058872701228113,0.08128453170292226,0.0,0.0,0.07181978127362149,0.04139135131119975,0.0,0.0,0.13605301250700202,0.0,0.0,0.1554056106050241,0.0,0.013058872701228113,0.0,0.0,0.06167038267053679,0.018427547176731007,0.0,0.0,0.0,0.0,0.0,0.0,0.0,0.0,0.0,0.0,0.0,0.0
2014-03-28,0.31392982948897585,0.006237700353619993,0.0,0.1017636609460481,0.0,0.015832184809549694,0.07435615895573588,0.0,0.0,0.07985953163386839,0.03697276604737958,0.0,0.0,0.14852753708495073,0.0,0.0,0.155552226560122,0.0,0.015832184809549694,0.0,0.0,0.02550698849996669,0.025629230810233338,0.0,0.0,0.0,0.0,0.0,0.0,0.0,0.0,0.0,0.0,0.0,0.0
2014-04-04,0.3158130905938516,0.018318744884204326,0.0,0.10223538843415705,0.0,0.0156724324990221,0.0736342521276096,0.0,0.0,0.07716784548346421,0.03722628196534362,0.0,0.0,0.14148369482807358,0.0,0.0,0.15604879774453348,0.0,0.0156724324990221,0.0,0.0,0.02519303668761773,0.021534002253100534,0.0,0.0,0.0,0.0,0.0,0.0,0.0,0.0,0.0,0.0,0.0,0.0
2014-04-11,0.34491079862786955,0.031972745551715,0.0,0.09477700815047302,0.0,0.01600008695334458,0.08875270198416933,0.0,0.0,0.06733769009631566,0.04114328112376911,0.0,0.0,0.11912149592147794,0.0,0.0,0.1539581813193343,0.0,0.01600008695334458,0.0,0.0,0.010025836364842299,0.01600008695334458,0.0,0.0,0.0,0.0,0.0,0.0,0.0,0.0,0.0,0.0,0.0,0.0
2014-04-18,0.3720597598800856,0.04272466202345096,0.0,0.07826313364302084,0.0,0.022615716492096597,0.09018633232905444,0.0,0.0,0.05355527985780383,0.04479794898464435,0.0,0.0,0.11204021857652574,0.0,0.0,0.14346546812456382,0.0,0.01950413492333243,0.0,0.0,0.001283210242089056,0.01950413492333243,0.0,0.0,0.0,0.0,0.0,0.0,0.0,0.0,0.0,0.0,0.0,0.0
2014-04-25,0.1478700272238474,0.13635491556253895,0.0,0.07944796857007547,0.0,0.0,0.14379765197155178,0.0,0.0,0.06321556095051512,0.0,0.0,0.0,0.1580771203309688,0.0,0.0,0.19897921087468098,0.0,0.022761888401193014,0.0,0.0,0.0039718793122424465,0.022761888401193014,0.0,0.0,0.022761888401193014,0.0,0.0,0.0,0.0,0.0,0.0,0.0,0.0,0.0
2014-05-02,0.14655775976970795,0.14776687996408144,0.0,0.08135278606153137,0.0,0.0,0.13979100365350877,0.0,0.0,0.04907035607329041,0.0,0.0,0.0,0.14894005503828367,0.0,0.0,0.2092344231382277,0.0,0.022668225507425976,0.0,0.0,0.009282059779090766,0.022668225507425976,0.0,0.0,0.022668225507425976,0.0,0.0,0.0,0.0,0.0,0.0,0.0,0.0,0.0
2014-05-09,0.14807231653543346,0.14917036324991031,0.0,0.08634228010385452,0.0,0.0,0.14596938943040308,0.0,0.0,0.046256709635826294,0.0,0.0,0.0,0.1262473634920392,0.0,0.0,0.2144648610699974,0.0,0.022776326770628703,0.0,0.0,0.015147736170649694,0.022776326770628703,0.0,0.0,0.022776326770628703,0.0,0.0,0.0,0.0,0.0,0.0,0.0,0.0,0.0
2014-05-16,0.14621050788838985,0.1631390416324758,0.0,0.08761668406137202,0.0,0.0,0.13426353573482713,0.0,0.0,0.040225984009964195,0.0,0.0,0.0,0.12542716567080042,0.0,0.0,0.21163467435622269,0.0,0.02264344045620208,0.0,0.0,0.023552085277341723,0.02264344045620208,0.0,0.0,0.02264344045620208,0.0,0.0,0.0,0.0,0.0,0.0,0.0,0.0,0.0
2014-05-23,0.14147160401954217,0.16351688133652037,0.0,0.0859372042448696,0.0,0.0,0.13028933577305768,0.0,0.0,0.03647030484161174,0.0,0.0,0.0,0.12128662859655404,0.0,0.0,0.21072239583857516,0.0,0.02230520189954203,0.0,0.0,0.021869027565199674,0.04382621398498544,0.0,0.0,0.02230520189954203,0.0,0.0,0.0,0.0,0.0,0.0,0.0,0.0,0.0
2014-05-30,0.1674941277166653,0.16375800258656856,0.0,0.056931310708842324,0.0,0.0,0.12861244402630329,0.0,0.0,0.028736978781492676,0.08268578327063406,0.0,0.0,0.03409857079297078,0.0,0.0,0.19385673638717144,0.0,0.02991245076013918,0.0,0.0,0.0143566497005226,0.07162796984258613,0.0,0.0,0.02792897542610357,0.0,0.0,0.0,0.0,0.0,0.0,0.0,0.0,0.0
2014-06-06,0.1712298171093674,0.15056048125086216,0.0,0.07268103243022805,0.0,0.0,0.13299576848082736,0.0,0.0,0.025339604272784772,0.08548755031516066,0.0,0.0,0.03196778151313822,0.0,0.0,0.17695391402772695,0.0,0.029741657198047975,0.0,0.0,0.023141648099879057,0.07160627636495112,0.0,0.0,0.0282944689370262,0.0,0.0,0.0,0.0,0.0,0.0,0.0,0.0,0.0
2014-06-13,0.17028756635171557,0.1397463783803651,0.0,0.06459388188246216,0.0,0.0,0.13210340986135782,0.0,0.0,0.03144528680645799,0.09523270858769373,0.0,0.0,0.03255396344672466,0.0,0.0,0.17685400830132889,0.0,0.03509174034456798,0.0,0.0,0.01340068055496559,0.07954163361138333,0.0,0.0,0.029148741870977043,0.0,0.0,0.0,0.0,0.0,0.0,0.0,0.0,0.0
2014-06-20,0.1779836261182245,0.12313698274844428,0.0,0.0690865546279998,0.0,0.0,0.14242039835394546,0.0,0.0,0.026965995744848835,0.09055290707180345,0.0,0.0,0.02786459875266107,0.0,0.0,0.17825606775291006,0.0,0.03267205581058061,0.0,0.0,0.015781764833323376,0.07248041771805988,0.0,0.0,0.04279863046719856,0.0,0.0,0.0,0.0,0.0,0.0,0.0,0.0,0.0
2014-06-27,0.0,0.10770218913688147,0.0,0.12869396607151712,0.0,0.029799004250820306,0.029799004250820306,0.0,0.0,0.0,0.08654052631456517,0.0,0.0,0.04152869525488804,0.0,0.0,0.10763929778873257,0.0,0.11633953056538548,0.0,0.0,0.06082989395968488,0.19641627604068956,0.0,0.0,0.09471161636601491,0.0,0.0,0.0,0.0,0.0,0.0,0.0,0.0,0.0
2014-07-04,0.0,0.10421535858044569,0.0,0.13564543747235053,0.0,0.02925032455196347,0.02925032455196347,0.0,0.0,0.0,0.08291846556668747,0.0,0.0,0.05810226886215979,0.0,0.0,0.12824197856924394,0.0,0.12019687795181935,0.0,0.0,0.05618567327388738,0.1779835692859536,0.0,0.0,0.07800972133352511,0.0,0.0,0.0,0.0,0.0,0.0,0.0,0.0,0.0
2014-07-11,0.0,0.10560566108423654,0.0,0.13478227560317307,0.0,0.030276980735959278,0.030276980735959278,0.0,0.0,0.0,0.08969584601900744,0.0,0.0,0.057061732363262396,0.0,0.0,0.1234924326467047,0.0,0.11997282675496672,0.0,0.0,0.06072187739547108,0.1718097824714237,0.0,0.0,0.07630360418983571,0.0,0.0,0.0,0.0,0.0,0.0,0.0,0.0,0.0
2014-07-18,0.0,0.09245347700286727,0.0,0.1500408376649178,0.0,0.035530916507308496,0.035530916507308496,0.0,0.0,0.0,0.08162571604538962,0.0,0.0,0.04457874887805119,0.0,0.0,0.14790539568927252,0.0,0.11715663255269812,0.0,0.0,0.03696911465892034,0.1420225502697858,0.0,0.0,0.11618569422348017,0.0,0.0,0.0,0.0,0.0,0.0,0.0,0.0,0.0
2014-07-25,0.07233647503598965,0.054252356276992236,0.0,0.1986941819608349,0.0,0.05089298211694561,0.05089298211694561,0.0,0.0,0.0,0.0,0.0,0.0,0.04956615042540057,0.0,0.0,0.1534934193841134,0.0,0.10514533839393785,0.0,0.0,0.02492775961899021,0.12605039634679566,0.0,0.0,0.11374795832305398,0.0,0.0,0.0,0.0,0.0,0.0,0.0,0.0,0.0
2014-08-01,0.08908849767909859,0.06681637325932394,0.0,0.20524355567718391,0.0,0.02614370444633364,0.02614370444633364,0.0,0.0,0.0,0.0,0.0,0.0,0.07288230042730454,0.0,0.0,0.15638558941405176,0.0,0.09296007770565758,0.0,0.0,0.03716829125939083,0.11713695298527192,0.0,0.0,0.1100309527000496,0.0,0.0,0.0,0.0,0.0,0.0,0.0,0.0,0.0
2014-08-08,0.08991622110027926,0.06743716582520945,0.0,0.2071541787841613,0.0,0.026452511659740212,0.026452511659740212,0.0,0.0,0.007675957619833462,0.0,0.0,0.0,0.06949203960672323,0.0,0.0,0.15556433301542139,0.0,0.09388967748494967,0.0,0.0,0.039630127940031845,0.1084781237180116,0.0,0.0,0.10785715158589818,0.0,0.0,0.0,0.0,0.0,0.0,0.0,0.0,0.0
2014-08-15,0.08808327380386935,0.066062455352902,0.0,0.20185043880251438,0.0,0.02602651833095041,0.02602651833095041,0.0,0.0,0.0,0.0,0.0,0.0,0.06916171103638619,0.0,0.0,0.15535149602848022,0.0,0.09311785292968877,0.0,0.0,0.029361287321545596,0.12508844322982934,0.0,0.0,0.11987000483288313,0.0,0.0,0.0,0.0,0.0,0.0,0.0,0.0,0.0
2014-08-22,0.08831301420966886,0.06623476065725165,0.0,0.20056029014356544,0.0,0.026053300808332448,0.026053300808332448,0.0,0.0,0.0,0.0,0.0,0.0,0.06741024541724484,0.0,0.0,0.1554240069684801,0.0,0.09329988261097757,0.0,0.0,0.028415273251795072,0.13775980133425653,0.0,0.0,0.11047612379009505,0.0,0.0,0.0,0.0,0.0,0.0,0.0,0.0,0.0
2014-08-29,0.0,0.0,0.0,0.014243300567506754,0.0005612499186782169,0.0,0.014243300567506754,0.0,0.0,0.0,0.131381162413168,0.0,0.0,0.05445049315088781,0.0,0.0,0.116036361682314,0.0,0.15370571185614237,0.0,0.0,0.0,0.26352138136751113,0.0,0.0,0.25185703847628493,0.0,0.0,0.0,0.0,0.0,0.0,0.0,0.0,0.0
2014-09-05,0.0,0.0,0.0,0.014221739541649809,0.002721364127223506,0.0,0.014221739541649809,0.0,0.0,0.0,0.13082623271989463,0.0,0.0,0.051693772879494164,0.0,0.0,0.11724239657567272,0.0,0.15054339392171528,0.0,0.0,0.000608895009571076,0.2634259169971941,0.0,0.0,0.25449454868593496,0.0,0.0,0.0,0.0,0.0,0.0,0.0,0.0,0.0
2014-09-12,0.0,0.0,0.0,0.015521745880933507,0.0,0.0,0.015521745880933507,0.0,0.0,0.0,0.12060442951427311,0.0,0.0,0.06754710093263251,0.0,0.0,0.13644510412006283,0.0,0.14334660492322984,0.0,0.0,0.0,0.2563530757202363,0.0,0.0,0.24466019302769837,0.0,0.0,0.0,0.0,0.0,0.0,0.0,0.0,0.0
2014-09-19,0.0,0.0,0.0,0.014466677624247953,0.000774912597825855,0.0,0.014466677624247953,0.0,0.0,0.0,0.10490932407673778,0.0,0.0,0.07182235867746897,0.0,0.0,0.14123320463103595,0.0,0.14130038140224568,0.0,0.0,0.0,0.26115853192459354,0.0,0.0,0.24986793144159625,0.0,0.0,0.0,0.0,0.0,0.0,0.0,0.0,0.0
2014-09-26,0.0,0.0,0.0,0.02343781587989661,0.0,0.0,0.02343781587989661,0.0,0.0,0.0,0.08199994174867614,0.0,0.0,0.09303518641448325,0.0,0.0,0.1434204459581001,0.0,0.21179129881586753,0.0,0.0,0.0,0.24791080609007116,0.0,0.0,0.17496668921300845,0.0,0.0,0.0,0.0,0.0,0.0,0.0,0.0,0.0
2014-10-03,0.0,0.0,0.0,0.020514392084709843,0.0,0.0,0.020514392084709843,0.0,0.0,0.0,0.06296287037015637,0.0,0.0,0.08154759975025837,0.0,0.0,0.18177381131736012,0.0,0.22010535051677252,0.0,0.0,0.0,0.2630048502858236,0.0,0.0,0.14957673359020932,0.0,0.0,0.0,0.0,0.0,0.0,0.0,0.0,0.0
2014-10-10,0.0,0.0,0.0,0.016267843608981224,0.0,0.0,0.016267843608981224,0.0,0.0,0.0,0.1308032432268727,0.0,0.0,0.0722864026552318,0.0,0.0,0.09226025598588738,0.0,0.21556902417765006,0.0,0.0,0.0,0.2504903009399861,0.0,0.0,0.20605508579640958,0.0,0.0,0.0,0.0,0.0,0.0,0.0,0.0,0.0
2014-10-17,0.0,0.0,0.0,0.019557263294065902,0.0,0.0,0.019557263294065902,0.0,0.0,0.0,0.11879535530797228,0.0,0.0,0.0953070800552901,0.0,0.0,0.1281752768549775,0.0,0.1995936311512682,0.0,0.0,0.0,0.22098063707904014,0.0,0.0,0.19803349296331985,0.0,0.0,0.0,0.0,0.0,0.0,0.0,0.0,0.0
2014-10-24,0.0,0.0,0.0,0.018588782513482317,0.0,0.0,0.018588782513482317,0.0,0.0,0.0,0.1330559187363261,0.0,0.0,0.08006903856085197,0.0,0.0,0.11939554182544562,0.0,0.21225031610604506,0.0,0.0,0.0,0.2211453629309755,0.0,0.0,0.19690625681339108,0.0,0.0,0.0,0.0,0.0,0.0,0.0,0.0,0.0
2014-10-31,0.09849426973401462,0.0,0.0,0.0,0.0,0.0,0.025131722488752447,0.0,0.0,0.0,0.012885003341699182,0.0,0.0,0.14519515266497668,0.0,0.0,0.2494879780892092,0.0,0.21837018947293602,0.0,0.0,0.0,0.13297182404056204,0.0,0.0,0.11746386016784978,0.0,0.0,0.0,0.0,0.0,0.0,0.0,0.0,0.0
2014-11-07,0.09904130523817439,0.0,0.0,0.0,0.0,0.0,0.026230419115441345,0.0,0.0,0.0,0.016672852165010438,0.0,0.0,0.13286905565418577,0.0,0.0,0.24273211512956172,0.0,0.2331014738272724,0.0,0.0,0.0,0.1403598936835211,0.0,0.0,0.10899288518683299,0.0,0.0,0.0,0.0,0.0,0.0,0.0,0.0,0.0
2014-11-14,0.1002608792767702,0.0009068876481611229,0.0,0.0,0.0,0.0,0.025595567605047484,0.0,0.0,0.0,0.03145432825060228,0.0,0.0,0.11771306415491298,0.0,0.0,0.22456756793011579,0.0,0.24457722614177596,0.0,0.0,0.0,0.14758892485526698,0.0,0.0,0.10733555413734727,0.0,0.0,0.0,0.0,0.0,0.0,0.0,0.0,0.0
2014-11-21,0.10146939691795706,0.0,0.0,0.0,0.0,0.0,0.025912878811770925,0.0,0.0,0.0,0.054299110792648785,0.0,0.0,0.11913512179444555,0.0,0.0,0.20696548716481522,0.0,0.24077886299655282,0.0,0.0,0.0,0.14418494217762845,0.0,0.0,0.10725419934418112,0.0,0.0,0.0,0.0,0.0,0.0,0.0,0.0,0.0
2014-11-28,0.021548272229145512,0.0,0.0,0.0,0.0,0.0,0.06172080188651777,0.0,0.0,0.0,0.05230967339104195,0.0,0.0,0.13172015264210346,0.0,0.0,0.20162825556507905,0.0,0.25331782022773486,0.0,0.0,0.0,0.2521605779854882,0.0,0.0,0.025594446072889285,0.0,0.0,0.0,0.0,0.0,0.0,0.0,0.0,0.0
2014-12-05,0.021548272229145512,0.0,0.0,0.0,0.0036610908527095545,0.0,0.07664177790782951,0.0,0.0,0.0,0.05153262464104105,0.0,0.0,0.10349547106694622,0.0,0.0,0.2031049437699301,0.0,0.25084957475385894,0.0,0.0,0.0,0.2606515008605949,0.0,0.0,0.028514743917944296,0.0,0.0,0.0,0.0,0.0,0.0,0.0,0.0,0.0
2014-12-12,0.021548272229145505,0.0,0.0,0.0,0.0,0.0,0.0691357883111911,0.0,0.0,0.0,0.04735800354194191,0.0,0.0,0.13513708477529815,0.0,0.0,0.19550830039262826,0.0,0.24587345763796073,0.0,0.0,0.0,0.2513659086251668,0.0,0.0,0.034073184486667435,0.0,0.0,0.0,0.0,0.0,0.0,0.0,0.0,0.0
2014-12-19,0.021548272229145512,0.0,0.0,0.0,0.0,0.0,0.06360191509808447,0.0,0.0,0.0,0.037227407049672465,0.0,0.0,0.12966827260927521,0.0,0.0,0.21016256879916514,0.0,0.2522022902350699,0.0,0.0,0.0,0.258403977743582,0.0,0.0,0.02718529623600538,0.0,0.0,0.0,0.0,0.0,0.0,0.0,0.0,0.0
2014-12-26,0.22967234508679651,0.0,0.0,0.0,0.0,0.0,0.0506491415468634,0.0,0.0,0.0,0.0506491415468634,0.0,0.0,0.0971540796770993,0.0,0.0,0.15090481696105618,0.0,0.2047546136428406,0.0,0.0,0.0,0.21230021812383182,0.0,0.0,0.003915643414648709,0.0,0.0,0.0,0.0,0.0,0.0,0.0,0.0,0.0
2015-01-02,0.22019771684468237,0.0,0.0,0.0,0.0,0.0,0.04354317036527776,0.0,0.0,0.0,0.050437772380602375,0.0,0.0,0.09809386870753518,0.0,0.0,0.16076556057499175,0.0,0.21033147301579602,0.0,0.0,0.0,0.21663043811111443,0.0,0.0,0.0,0.0,0.0,0.0,0.0,0.0,0.0,0.0,0.0,0.0
2015-01-09,0.19549845102385288,0.0,0.0,0.0,0.0,0.0,0.025018720999655627,0.0,0.0,0.004108454520625201,0.025018720999655627,0.0,0.0,0.11750995777069548,0.0,0.0,0.1867965608542253,0.0,0.2123775028421034,0.0,0.0,0.0,0.23367163098918645,0.0,0.0,0.0,0.0,0.0,0.0,0.0,0.0,0.0,0.0,0.0,0.0
2015-01-16,0.19694078302933407,0.0,0.0,0.0,0.0,0.0,0.026100470003766536,0.0,0.0,0.004875176301989908,0.026100470003766536,0.0,0.0,0.1182360413849748,0.0,0.0,0.1792780374722056,0.0,0.22356671098300973,0.0,0.0,0.0,0.22490231082095274,0.0,0.0,0.0,0.0,0.0,0.0,0.0,0.0,0.0,0.0,0.0,0.0
2015-01-23,0.19673527899839957,0.0,0.0,0.0,0.0,0.0,0.025946341980565668,0.0,0.0,0.007596676460946955,0.025946341980565668,0.0,0.0,0.12234371976724756,0.0,0.0,0.18257824018318405,0.0,0.2096259824265847,0.0,0.0,0.0,0.2292274182025057,0.0,0.0,0.0,0.0,0.0,0.0,0.0,0.0,0.0,0.0,0.0,0.0
2015-01-30,0.0419248443821392,0.0,0.0,0.0,0.0,0.0518186328843971,0.0,0.0,0.0,0.0117155149734608,0.0314436332866044,0.0,0.0314436332866044,0.14353831194992978,0.0,0.0,0.20376590292143065,0.0,0.22314778678036679,0.0,0.0,0.0,0.2612017395350669,0.0,0.0,0.0,0.0,0.0,0.0,0.0,0.0,0.0,0.0,0.0,0.0
2015-02-06,0.037355750926199076,0.0,0.0,0.0,0.0,0.04039934447295915,0.0,0.0,0.0,0.009738550452403263,0.028016813194649305,0.0,0.028016813194649305,0.14367948623903956,0.0,0.0,0.19664004927623402,0.0,0.24595561201838667,0.0,0.0,0.0,0.2701975802254795,0.0,0.0,0.0,0.0,0.0,0.0,0.0,0.0,0.0,0.0,0.0,0.0
2015-02-13,0.03366257150542982,0.0,0.0,0.0,0.0,0.06587366284853548,0.0,0.0,0.0,0.006815728697568329,0.029071835122757697,0.0,0.025246928629072365,0.08570304055326797,0.0,0.0,0.21309955095576769,0.0,0.26463641870236754,0.0,0.0,0.0,0.2758902629852329,0.0,0.0,0.0,0.0,0.0,0.0,0.0,0.0,0.0,0.0,0.0,0.0
2015-02-20,0.03259945268852964,0.0,0.0,0.0,0.0,0.08254507423594983,0.0,0.0,0.0,0.003575601140072809,0.04107255742049433,0.0,0.024449589516397228,0.07489378032706197,0.0,0.0,0.21515886938480744,0.0,0.2566378290127181,0.0,0.0,0.0,0.26906724627396866,0.0,0.0,0.0,0.0,0.0,0.0,0.0,0.0,0.0,0.0,0.0,0.0
2015-02-27,0.07799089621418706,0.0,0.0,0.0680655166521553,0.0,0.0,0.0680655166521553,0.0,0.0,0.0010259957612302813,0.039211797492161186,0.0,0.0,0.06501252449482471,0.0,0.0,0.21373770718969362,0.0,0.23108030540069702,0.0,0.0,0.0,0.23580974014289555,0.0,0.0,0.0,0.0,0.0,0.0,0.0,0.0,0.0,0.0,0.0,0.0
2015-03-06,0.07716880887983579,0.0,0.0,0.04969650076352527,0.0,0.0027244665434607036,0.04969650076352527,0.0,0.0,0.0,0.06667617753601818,0.0,0.0,0.07784097415542937,0.0,0.0,0.20867865282752482,0.0,0.231968423555098,0.0,0.0,0.0,0.23554949497558267,0.0,0.0,0.0,0.0,0.0,0.0,0.0,0.0,0.0,0.0,0.0,0.0
2015-03-13,0.0777189859902804,0.0,0.0,0.049281651903380325,0.0,0.0,0.049281651903380325,0.0,0.0,0.0029836684152756156,0.03802520550338423,0.0,0.0,0.08138003608880494,0.0,0.0,0.21748645056383006,0.0,0.23708265604477788,0.0,0.0,0.0,0.24675969358688626,0.0,0.0,0.0,0.0,0.0,0.0,0.0,0.0,0.0,0.0,0.0,0.0
2015-03-20,0.07618426216056506,0.0,0.0,0.06445517639444667,0.0007558842411922138,0.0,0.06445517639444667,0.0,0.0,0.002619022179894784,0.023650890374258892,0.0,0.0,0.08134503216680378,0.0,0.0,0.22248065897847719,0.0,0.22417665109894785,0.0,0.0,0.0,0.23987724601096694,0.0,0.0,0.0,0.0,0.0,0.0,0.0,0.0,0.0,0.0,0.0,0.0
2015-03-27,0.07150631864165158,0.0,0.0,0.05901874127584458,0.009957335823646378,0.0,0.05901874127584458,0.0,0.0,0.0031584628528812803,0.03460821398733283,0.0,0.0,0.07118917896692951,0.0,0.0,0.18949178729517907,0.0,0.2243491526514649,0.0,0.0,0.0,0.2430938532418924,0.0,0.0,0.03460821398733283,0.0,0.0,0.0,0.0,0.0,0.0,0.0,0.0,0.0
2015-04-03,0.07181885961121973,0.0,0.0,0.05911946734969908,0.007411397983135208,0.0,0.05911946734969908,0.0,0.0,0.012041455111091181,0.03484261971450894,0.0,0.0,0.06923149987708269,0.0,0.0,0.1876465406016637,0.0,0.22982160173557498,0.0,0.0,0.0,0.23410447095181647,0.0,0.0,0.03484261971450894,0.0,0.0,0.0,0.0,0.0,0.0,0.0,0.0,0.0
2015-04-10,0.07541345632055098,0.0,0.0,0.06173587125445318,0.016100972248299584,0.0,0.06173587125445318,0.0,0.0,0.012345984112837721,0.03753856724650738,0.0,0.0,0.06963418844071026,0.0,0.0,0.18494156878460608,0.0,0.21817446433963297,0.0,0.0,0.0,0.22484048875144128,0.0,0.0,0.03753856724650738,0.0,0.0,0.0,0.0,0.0,0.0,0.0,0.0,0.0
2015-04-17,0.07596648542895267,0.0,0.0,0.06072844519228581,0.025555598899824183,0.0,0.05953271637495358,0.0,0.0,0.025455800163452866,0.03795333907780865,0.0,0.0,0.06633342584022694,0.0,0.0,0.17783564289727855,0.0,0.2118044534514651,0.0,0.0,0.0,0.2208807535959429,0.0,0.0,0.03795333907780865,0.0,0.0,0.0,0.0,0.0,0.0,0.0,0.0,0.0
2015-04-24,0.05803470561751045,0.0,0.0,0.03759779229920581,0.020786919789983163,0.0,0.033719522842969966,0.0,0.0,0.07045102853160176,0.02923294220654643,0.0,0.0,0.12619815158224895,0.0,0.0,0.14868974661743214,0.0,0.2112238402984959,0.0,0.0,0.0013182050179849172,0.2290276223530503,0.0,0.0,0.033719522842969966,0.0,0.0,0.0,0.0,0.0,0.0,0.0,0.0,0.0
2015-05-01,0.05841432344333767,0.0,0.0,0.02356104618962157,0.033987859269089,0.0,0.022348304305430614,0.0,0.0,0.08189137864590038,0.029517655575916846,0.0,0.0,0.13851899733858394,0.0,0.0,0.1368383099304394,0.0,0.22806452080283895,0.0,0.0,0.0,0.22450930019341098,0.0,0.0,0.022348304305430614,0.0,0.0,0.0,0.0,0.0,0.0,0.0,0.0,0.0
2015-05-08,0.057807159250085685,0.0,0.0,0.025452881569667393,0.019481554909240147,0.0,0.025452881569667393,0.0,0.0,0.09438006128029156,0.02906228243097786,0.0,0.0,0.1352348221124813,0.0,0.0,0.13151104394046176,0.0,0.22191892437982236,0.0,0.0,0.0,0.23424550698763708,0.0,0.0,0.025452881569667393,0.0,0.0,0.0,0.0,0.0,0.0,0.0,0.0,0.0
2015-05-15,0.05846987896754183,0.0,0.0,0.025383296422280426,0.03584308533373605,0.0,0.025383296422280426,0.0,0.0,0.07911033577323945,0.029559322219069963,0.0,0.0,0.135207621917672,0.0,0.0,0.13979265379253075,0.0,0.22201192508233564,0.0,0.0,0.0,0.21815873468542768,0.0,0.0,0.031079849383885645,0.0,0.0,0.0,0.0,0.0,0.0,0.0,0.0,0.0
2015-05-22,0.05806013899937475,0.0,0.0,0.02098950473623667,0.028587024977573584,0.0,0.02098950473623667,0.0,0.0,0.08384192146845743,0.037126752250165054,0.0,0.0,0.1371011666339847,0.0,0.0,0.13217509837404398,0.0,0.23369176018073634,0.0,0.0,0.0,0.2264476229069542,0.0,0.0,0.02098950473623667,0.0,0.0,0.0,0.0,0.0,0.0,0.0,0.0,0.0
2015-05-29,0.07307824716759038,0.0,0.0,0.028058534615827094,0.14266907773420867,0.0,0.028058534615827094,0.0,0.0,0.10545988226765204,0.0,0.0,0.0,0.08922770601404464,0.0,0.0,0.11954866501303854,0.0,0.19648794834534763,0.0,0.0,0.0,0.18298001878766257,0.0,0.0,0.03443138543880117,0.0,0.0,0.0,0.0,0.0,0.0,0.0,0.0,0.0
2015-06-05,0.07296260475661792,0.0,0.0,0.03847668862446091,0.13476322605285682,0.0,0.03847668862446091,0.0,0.0,0.0787729632472722,0.0,0.0,0.0,0.08590055617621647,0.0,0.0,0.12940105486112086,0.0,0.17449126500189038,0.0,0.0,0.004783752415104982,0.19383910768099907,0.0,0.0,0.048132092558999404,0.0,0.0,0.0,0.0,0.0,0.0,0.0,0.0,0.0
2015-06-12,0.0822524647086819,0.0,0.0,0.03974691758871527,0.1362753682135481,0.0,0.03717990546180846,0.0,0.0,0.08042253546856883,0.0,0.0,0.0,0.08047717443319428,0.0,0.0,0.11995137945863907,0.0,0.18256197299298632,0.0,0.0,0.0043290897330085405,0.19565503056877007,0.0,0.0,0.04114816137207908,0.0,0.0,0.0,0.0,0.0,0.0,0.0,0.0,0.0
2015-06-19,0.07396159226833342,0.0,0.0,0.04444750165800055,0.17068801872305378,0.0,0.019473623585841152,0.0,0.0,0.09600106956199773,0.0,0.0,0.0,0.11459634824263411,0.0,0.0,0.09546163662217884,0.0,0.1676777244698226,0.0,0.0,0.028698485701936467,0.14883296158876644,0.0,0.0,0.04016103757743498,0.0,0.0,0.0,0.0,0.0,0.0,0.0,0.0,0.0
2015-06-26,0.21011138528342085,0.0,0.0,0.03681595543413227,0.13971504493655662,0.0,0.027160776686611505,0.0,0.0,0.05791056758799035,0.0,0.0,0.0,0.12682514029783337,0.0,0.0,0.20120783585500648,0.0,0.056156245395168815,0.0,0.0,0.047100429356905754,0.056156245395168815,0.0,0.0,0.04084037377120517,0.0,0.0,0.0,0.0,0.0,0.0,0.0,0.0,0.0
2015-07-03,0.2096507882694721,0.0,0.0,0.03334800885591032,0.15346313120768673,0.0,0.026888929455628582,0.0,0.0,0.067301314290752,0.0,0.0,0.0,0.14248994398984438,0.0,0.0,0.19601750621571942,0.0,0.04148016109796076,0.0,0.0,0.04525220420908238,0.05534506517353178,0.0,0.0,0.028762947234411536,0.0,0.0,0.0,0.0,0.0,0.0,0.0,0.0,0.0
2015-07-10,0.21070571733025556,0.0,0.0,0.04590977663829808,0.1532164696602786,0.0,0.03012932276225032,0.0,0.0,0.0706861970669983,0.0,0.0,0.0,0.1315490699011266,0.0,0.0,0.18975873345672709,0.0,0.042623377333759295,0.0,0.0,0.06031646398924709,0.042623377333759295,0.0,0.0,0.02248149452729978,0.0,0.0,0.0,0.0,0.0,0.0,0.0,0.0,0.0
2015-07-17,0.2098865265262823,0.0,0.0,0.049692886339653825,0.13052481309203795,0.0,0.03539686850265468,0.0,0.0,0.065912489956505,0.0,0.0,0.0,0.11674700441857594,0.0,0.0,0.20640522058094823,0.0,0.0555419524510521,0.0,0.0,0.05119092327506332,0.0555419524510521,0.0,0.0,0.023159362406174437,0.0,0.0,0.0,0.0,0.0,0.0,0.0,0.0,0.0
2015-07-24,0.2080669356693155,0.0,0.0,0.08510471228730773,0.11507351524109431,0.0,0.07491742250908547,0.0,0.0,0.0679438649651882,0.0,0.0,0.0,0.10845532034296572,0.0,0.0,0.20984378170256027,0.0,0.033392307804612706,0.0,0.0,0.04745944838531224,0.033392307804612706,0.0,0.0,0.016350383287945285,0.0,0.0,0.0,0.0,0.0,0.0,0.0,0.0,0.0
2015-07-31,0.21672170981901187,0.0,0.0,0.12297448486003612,0.1294989425427689,0.0,0.033425170318759544,0.0,0.0,0.12580180748125816,0.0,0.0,0.0,0.07540409250575078,0.0,0.0,0.23804249855949094,0.0,0.020248628470125173,0.0,0.0,0.017634036972673246,0.020248628470125173,0.0,0.0,0.0,0.0,0.0,0.0,0.0,0.0,0.0,0.0,0.0,0.0
2015-08-07,0.21842945029116867,0.0,0.0,0.0534777908994562,0.15320716809242524,0.0,0.0347059756728771,0.0,0.0,0.1596940532340836,0.0,0.0,0.0,0.098660730331559,0.0,0.0,0.20156846421638736,0.0,0.029771956375059257,0.0,0.0,0.02071245451192428,0.029771956375059257,0.0,0.0,0.0,0.0,0.0,0.0,0.0,0.0,0.0,0.0,0.0,0.0
2015-08-14,0.2220153389326976,0.0,0.0,0.055274178540566404,0.14817694104772886,0.0,0.03739539215402378,0.0,0.0,0.1533076615251567,0.0,0.0,0.0,0.09687600969569997,0.0,0.0,0.2025491785703313,0.0,0.03482025294288094,0.0,0.0,0.014764793648033615,0.03482025294288094,0.0,0.0,0.0,0.0,0.0,0.0,0.0,0.0,0.0,0.0,0.0,0.0
2015-08-21,0.21867478821429062,0.0,0.0,0.11991838957929367,0.11765518248000215,0.0,0.03488997911521859,0.0,0.0,0.11934317675298983,0.0,0.0,0.0,0.08461871135242399,0.0,0.0,0.24934213503066519,0.0,0.02382898366722555,0.0,0.0,0.005662224458996933,0.026066429348893305,0.0,0.0,0.0,0.0,0.0,0.0,0.0,0.0,0.0,0.0,0.0,0.0
2015-08-28,0.6535265169619371,0.0,0.0,0.0,0.03911213739035673,0.0,0.007205492667953064,0.0,0.0,0.046456285656385175,0.0,0.0,0.007205492667953064,0.041053828863676076,0.0,0.0,0.057555391949520404,0.0,0.13255838891918842,0.0,0.0,0.0,0.015326464923029864,0.0,0.0,0.0,0.0,0.0,0.0,0.0,0.0,0.0,0.0,0.0,0.0
2015-09-04,0.6654084236823918,0.0,0.0,0.0012695706992150114,0.042763980936164306,0.0,0.008804980111091197,0.0,0.0,0.04988167958011597,0.0,0.0,0.008804980111091197,0.04206631477335568,0.0,0.0,0.07285733717568223,0.0,0.08083303087710715,0.0,0.0,0.0,0.02730970205378545,0.0,0.0,0.0,0.0,0.0,0.0,0.0,0.0,0.0,0.0,0.0,0.0
2015-09-11,0.67202105020638,0.0,0.0,0.001364921417172404,0.025182130924415357,0.0,0.009695141373935755,0.0,0.0,0.024399315655686992,0.0,0.0,0.009695141373935755,0.023508966700468908,0.0,0.0,0.05201543998011193,0.0,0.15415106184942923,0.0,0.0,0.00045259490810683166,0.02751423561035684,0.0,0.0,0.0,0.0,0.0,0.0,0.0,0.0,0.0,0.0,0.0,0.0
2015-09-18,0.6748272800998881,0.0,0.0,0.0019147208728028694,0.02764519465353511,0.0,0.010072903090369541,0.0,0.0,0.023885662741700817,0.0,0.0,0.010072903090369541,0.02560577910485858,0.0,0.0,0.0664392928224527,0.0,0.11661536373814556,0.0,0.0,0.0006340032240154274,0.04228689656186176,0.0,0.0,0.0,0.0,0.0,0.0,0.0,0.0,0.0,0.0,0.0,0.0
2015-09-25,0.7531877345845581,0.0,0.0,0.013288240214876686,0.019211126508364318,0.0,0.0,0.0,0.0,0.010835055866500123,0.04159068882339097,0.0,0.0,0.017007780698203315,0.0,0.0,0.02992365447894365,0.0,0.06562172550775662,0.0,0.0,0.0,0.04933399331740615,0.0,0.0,0.0,0.0,0.0,0.0,0.0,0.0,0.0,0.0,0.0,0.0
2015-10-02,0.7856797330616538,0.0,0.0,0.015811040858603794,0.025360490183156028,0.0,0.003305070089942439,0.0,0.0,0.012337603355017795,0.01900659359278977,0.0,0.0,0.02610746792767469,0.0,0.0,0.034750201051586944,0.0,0.04876176651943008,0.0,0.0,0.0,0.028880033360144542,0.0,0.0,0.0,0.0,0.0,0.0,0.0,0.0,0.0,0.0,0.0,0.0
2015-10-09,0.7627610018229103,0.0,0.0,0.015428159468202998,0.013904552462060772,0.0,0.0067602386972784355,0.0,0.0,0.008429108430411975,0.04617534969704308,0.0,0.0,0.01816384465282399,0.0,0.0,0.02846879284166835,0.0,0.0582292885908441,0.0,0.0,0.0,0.04167966333675602,0.0,0.0,0.0,0.0,0.0,0.0,0.0,0.0,0.0,0.0,0.0,0.0
2015-10-16,0.7674803934709116,0.0,0.0,0.01566297166745081,0.01693256178673569,0.0,0.0044121048273724865,0.0,0.0,0.011509339726952655,0.03518828308046611,0.0,0.0,0.0239200017715581,0.0,0.0,0.028202845044430304,0.0,0.054377482665319395,0.0,0.0,0.0,0.04231401595880291,0.0,0.0,0.0,0.0,0.0,0.0,0.0,0.0,0.0,0.0,0.0,0.0
2015-10-23,0.7669542778285006,0.0,0.0,0.01568419880511875,0.01284093463226833,0.0,0.005829566927581954,0.0,0.0,0.011980135663705097,0.042843824485375215,0.0,0.0,0.027976460220160513,0.0,0.0,0.029186795536590794,0.0,0.049349951474840274,0.0,0.0,0.0,0.03735385442585838,0.0,0.0,0.0,0.0,0.0,0.0,0.0,0.0,0.0,0.0,0.0,0.0
2015-10-30,0.20834159258024285,0.0,0.0,0.0,0.025152309513702842,0.0,0.03189242744988967,0.0,0.0,0.05225947414431566,0.10460114744901503,0.0,0.0,0.03936053727911591,0.0,0.0,0.19450513319674195,0.0,0.14938224519023413,0.0,0.0,0.0,0.19450513319674195,0.0,0.0,0.0,0.0,0.0,0.0,0.0,0.0,0.0,0.0,0.0,0.0
2015-11-06,0.208667378459648,0.0,0.0,0.0,0.018265047008928594,0.0010486015744497145,0.0252815750446582,0.0,0.0,0.05376550679644013,0.08964804870364894,0.0,0.0,0.03962396528475352,0.0,0.0,0.19936317998806058,0.0,0.1595671736140012,0.0,0.0,0.0,0.20476952352541117,0.0,0.0,0.0,0.0,0.0,0.0,0.0,0.0,0.0,0.0,0.0,0.0
2015-11-13,0.2097034982636976,0.0,0.0,0.0,0.024361551854655952,0.0,0.02605866489769537,0.0,0.0,0.05316043816419394,0.07148112369053825,0.0,0.0,0.047546546510168694,0.0,0.0,0.20004156196752132,0.0,0.14512229149657024,0.0,0.0,0.0,0.22252432315495868,0.0,0.0,0.0,0.0,0.0,0.0,0.0,0.0,0.0,0.0,0.0,0.0
2015-11-20,0.2086813469414729,0.0,0.0,0.0,0.021911723880726906,0.0,0.02529205140602686,0.0,0.0,0.0527278060874229,0.08277600119957715,0.0,0.0,0.04012154156412742,0.0,0.0,0.19774469526709254,0.0,0.15483241088001223,0.0,0.0,0.0,0.21591242277354117,0.0,0.0,0.0,0.0,0.0,0.0,0.0,0.0,0.0,0.0,0.0,0.0
2015-11-27,0.1972271756367258,0.0,0.0,0.0,0.022328540686187427,0.023653364058750424,0.023653364058750424,0.0,0.0,0.0,0.08422467634411526,0.0,0.0,0.05595416145889652,0.0,0.0,0.21324310492926263,0.0,0.1295623564409233,0.0,0.0,0.0,0.25015325638638813,0.0,0.0,0.0,0.0,0.0,0.0,0.0,0.0,0.0,0.0,0.0,0.0
2015-12-04,0.19717036917104033,0.0,0.0,0.0,0.023107495644879024,0.023610759209486326,0.023610759209486326,0.0,0.0,0.0,0.06339914883689449,0.0,0.0,0.07954906476893277,0.0,0.0,0.21162361329201274,0.0,0.12280188618116393,0.0,0.0,0.0,0.25512690368610386,0.0,0.0,0.0,0.0,0.0,0.0,0.0,0.0,0.0,0.0,0.0,0.0
2015-12-11,0.19727931283299643,0.0,0.0,0.0,0.018759345845292413,0.02369246695595341,0.02369246695595341,0.0,0.0,0.009543533716849968,0.052788825305191224,0.0,0.0,0.06667219872703452,0.0,0.0,0.23276160016343078,0.0,0.11546533524600155,0.0,0.0,0.0,0.2593449142512963,0.0,0.0,0.0,0.0,0.0,0.0,0.0,0.0,0.0,0.0,0.0,0.0
2015-12-18,0.19746573989033042,0.0,0.0,0.0,0.03691930838409159,0.0238322872489539,0.0238322872489539,0.0,0.0,0.0,0.056119796950611124,0.0,0.0,0.07681843060650234,0.0,0.0,0.22190116875302035,0.0,0.11977493599020772,0.0,0.0,0.0,0.24333604492732866,0.0,0.0,0.0,0.0,0.0,0.0,0.0,0.0,0.0,0.0,0.0,0.0
2015-12-25,0.6411509019393118,0.0,0.0,0.029860399126545912,0.04500593477833302,0.0,0.00553954449183042,0.0,0.0,0.0,0.00553954449183042,0.0,0.0,0.0431932915910614,0.0,0.0,0.07295011634178136,0.0,0.04833390566661109,0.0,0.0,0.0,0.10842636157269445,0.0,0.0,0.0,0.0,0.0,0.0,0.0,0.0,0.0,0.0,0.0,0.0
2016-01-01,0.6409710805695208,0.0,0.0,0.02953316824342963,0.03496130499628782,0.0,0.005515337768973924,0.0,0.0,0.0022599206191375224,0.009254282182264663,0.0,0.0,0.038280910139682774,0.0,0.0,0.07029466358257527,0.0,0.052352462127719185,0.0,0.0,0.0,0.11657686977040843,0.0,0.0,0.0,0.0,0.0,0.0,0.0,0.0,0.0,0.0,0.0,0.0
2016-01-08,0.6427176810699479,0.0,0.0,0.036424708938845016,0.04394486031615233,0.0,0.005750457067108335,0.0,0.0,0.0,0.005750457067108335,0.0,0.0,0.04929130550122675,0.0,0.0,0.08526889075847574,0.0,0.031035665016457353,0.0,0.0,0.006187022883130654,0.0936289513815476,0.0,0.0,0.0,0.0,0.0,0.0,0.0,0.0,0.0,0.0,0.0,0.0
2016-01-15,0.6424135852089601,0.0,0.0,0.03215817364524257,0.030877902432161226,0.0,0.005709521085821534,0.0,0.0,0.0,0.04422741972425062,0.0,0.0,0.039635026641569385,0.0,0.0,0.058856283739056936,0.0,0.06641713795953073,0.0,0.0,0.0,0.0797049495634068,0.0,0.0,0.0,0.0,0.0,0.0,0.0,0.0,0.0,0.0,0.0,0.0
2016-01-22,0.6445389739143708,0.0,0.0,0.03455121022558516,0.037791185155258186,0.0,0.005995631103857577,0.0,0.0,0.0,0.022974536917334948,0.0,0.0,0.046526517002482275,0.0,0.0,0.06254370393723192,0.0,0.055201862940400165,0.0,0.0,0.0,0.08987637880347898,0.0,0.0,0.0,0.0,0.0,0.0,0.0,0.0,0.0,0.0,0.0,0.0
2016-01-29,0.7081542523210154,0.0,0.0,0.006209540923313944,0.02091343405228897,0.0,0.0,0.0,0.0,0.0,0.006209540923313944,0.0,0.0,0.062074148036642025,0.0,0.0,0.09495094442558792,0.0,0.06920519788846397,0.0,0.0,0.006209540923313944,0.026073400506059913,0.0,0.0,0.0,0.0,0.0,0.0,0.0,0.0,0.0,0.0,0.0,0.0
2016-02-05,0.7062079420538059,0.0,0.0,0.006017893541830587,0.028701478266210174,0.0,0.0,0.0,0.0,0.0,0.006017893541830587,0.0,0.0,0.05282971694196759,0.0,0.0,0.07087476782642206,0.0,0.06961961303097937,0.0,0.0,0.006017893541830587,0.053712801255123066,0.0,0.0,0.0,0.0,0.0,0.0,0.0,0.0,0.0,0.0,0.0,0.0
2016-02-12,0.7025968991360456,0.0,0.0,0.005989605744930956,0.01768346471088017,0.00626672698018272,0.0,0.0,0.0,0.0,0.06114622423292604,0.0,0.0,0.020292730134883717,0.0,0.0,0.052724412971233196,0.0,0.10433236611378863,0.0,0.0,0.005989605744930956,0.022977964230197927,0.0,0.0,0.0,0.0,0.0,0.0,0.0,0.0,0.0,0.0,0.0,0.0
2016-02-19,0.6994412881917903,0.0,0.0,0.006066448011774112,0.01907893254656541,0.003783778314338409,0.0,0.0,0.0,0.0,0.06438998170901152,0.0,0.0,0.019662727458162985,0.0,0.0,0.05233350346764508,0.0,0.10621357111205444,0.0,0.0,0.006066448011774112,0.02296332117688359,0.0,0.0,0.0,0.0,0.0,0.0,0.0,0.0,0.0,0.0,0.0,0.0
2016-02-26,0.7210300580171254,0.010349097033429937,0.0,0.0,0.0,0.033149548058148494,0.010349097033429937,0.0,0.0,0.0,0.07260889470662638,0.0,0.0,0.01724224119988206,0.0,0.0,0.0,0.0,0.10388620631435316,0.0,0.0,0.0,0.03138485763700456,0.0,0.0,0.0,0.0,0.0,0.0,0.0,0.0,0.0,0.0,0.0,0.0
2016-03-04,0.7215238587560503,0.009230840381341922,0.0,0.0,0.0,0.038151090927658386,0.009230840381341922,0.0,0.0,0.0,0.06531572518799456,0.0,0.0,0.01577037083676958,0.0,0.0,0.0,0.0,0.10659374280625583,0.0,0.0,0.0,0.03418353072258745,0.0,0.0,0.0,0.0,0.0,0.0,0.0,0.0,0.0,0.0,0.0,0.0
2016-03-11,0.707206656213059,0.006805381881998987,0.0,0.0,0.0,0.049966944450601486,0.006805381881998987,0.0,0.0,0.0,0.05888473747119394,0.0,0.0,0.017512813683285385,0.0,0.0,0.0,0.0,0.11846505901834024,0.0,0.0,0.0,0.034353025399521855,0.0,0.0,0.0,0.0,0.0,0.0,0.0,0.0,0.0,0.0,0.0,0.0
2016-03-18,0.7042918427766157,0.007099153760501227,0.0,0.0,0.0,0.057926202541278934,0.007099153760501227,0.0,0.0,0.0,0.060925353223912015,0.0,0.0,0.01778999469309279,0.0,0.0,0.0,0.0,0.11385406137731402,0.0,0.0,0.0,0.031014237866783947,0.0,0.0,0.0,0.0,0.0,0.0,0.0,0.0,0.0,0.0,0.0,0.0
2016-03-25,0.2273561453943899,0.05137486829095046,0.0,0.0,0.0,0.1966969325024373,0.02677036448955554,0.0,0.0,0.0,0.15963609935184447,0.0,0.0,0.0,0.0,0.0,0.02677036448955554,0.0,0.24053444319647094,0.0,0.0,0.0,0.07086078228479586,0.0,0.0,0.0,0.0,0.0,0.0,0.0,0.0,0.0,0.0,0.0,0.0
2016-04-01,0.2269390169078089,0.06739688795741557,0.0,0.0,0.0,0.19672839322965693,0.0263735134696027,0.0,0.0,0.0,0.16258533260901523,0.0,0.0,0.0,0.0,0.0,0.0263735134696027,0.0,0.22537098483797827,0.0,0.0,0.0,0.0682323575189197,0.0,0.0,0.0,0.0,0.0,0.0,0.0,0.0,0.0,0.0,0.0,0.0
2016-04-08,0.22824551710172145,0.04647909438097853,0.0,0.0,0.0,0.2033000162455011,0.02720471183549657,0.0,0.0,0.0,0.13303148809177404,0.0,0.0,0.0,0.0,0.0,0.02720471183549657,0.0,0.23420049354456898,0.0,0.0,0.0,0.10033396696446265,0.0,0.0,0.0,0.0,0.0,0.0,0.0,0.0,0.0,0.0,0.0,0.0
2016-04-15,0.22086984040834387,0.04895760357199307,0.0,0.0,0.0,0.19004298087826954,0.027536805155892952,0.0,0.0,0.0,0.15127776327248685,0.0,0.0,0.0060567439176866765,0.0,0.0,0.0413266698758871,0.0,0.21572813367871138,0.0,0.0,0.0,0.09820345924072857,0.0,0.0,0.0,0.0,0.0,0.0,0.0,0.0,0.0,0.0,0.0,0.0
2016-04-22,0.22891624220835907,0.0449750100535127,0.0,0.0,0.0,0.20444443567924805,0.027184650176215776,0.0,0.0,0.0,0.1220582059450877,0.0,0.0,0.0,0.0,0.0,0.041677845172872555,0.0,0.21456627621257063,0.0,0.0,0.0,0.11617733455213344,0.0,0.0,0.0,0.0,0.0,0.0,0.0,0.0,0.0,0.0,0.0,0.0
2016-04-29,0.06928404301813348,0.0,0.0,0.024210078678578564,0.0,0.2031055959251038,0.024210078678578564,0.0,0.0,0.0,0.20283609569087518,0.0,0.0,0.0,0.0,0.0,0.02965384825784729,0.0,0.22293363044404713,0.0,0.0,0.0,0.19955655062825717,0.0,0.0,0.024210078678578564,0.0,0.0,0.0,0.0,0.0,0.0,0.0,0.0,0.0
2016-05-06,0.06787386111156657,0.0,0.0,0.03354683995319306,0.0,0.189853008205416,0.03354683995319306,0.0,0.0,0.0,0.18559094807437723,0.0,0.0,0.0,0.0,0.0,0.0448578619233346,0.0,0.2144568358425129,0.0,0.0,0.0,0.1967269649832134,0.0,0.0,0.03354683995319306,0.0,0.0,0.0,0.0,0.0,0.0,0.0,0.0,0.0
2016-05-13,0.06856228100176447,0.0,0.0,0.027478472561677146,0.0,0.20322638006121718,0.027478472561677146,0.0,0.0,0.0,0.17992612859817603,0.0,0.0,0.0033130552701017587,0.0,0.0,0.03372339505494808,0.0,0.22012970685272687,0.0,0.0,0.0,0.20868363547603402,0.0,0.0,0.027478472561677146,0.0,0.0,0.0,0.0,0.0,0.0,0.0,0.0,0.0
2016-05-20,0.06807292816014707,0.0,0.0,0.02435958932120744,0.0,0.19899774151362404,0.02435958932120744,0.0,0.0,0.0,0.1587005998210956,0.0,0.0,0.013471132134098118,0.0,0.0,0.03842143309908304,0.0,0.23508229716328105,0.0,0.0,0.0,0.2141751001450486,0.0,0.0,0.02435958932120744,0.0,0.0,0.0,0.0,0.0,0.0,0.0,0.0,0.0
2016-05-27,0.09490516747284407,0.0,0.0,0.0,0.0,0.13080549650437967,0.037138101195053536,0.0,0.0,0.0,0.23530863874218777,0.0,0.037138101195053536,0.0,0.0,0.0,0.04930377362559793,0.0,0.20001433881895195,0.0,0.0,0.0,0.21538638244593147,0.0,0.0,0.0,0.0,0.0,0.0,0.0,0.0,0.0,0.0,0.0,0.0
2016-06-03,0.09579600339904465,0.0026137232789657946,0.0,0.0,0.0,0.13719591677732978,0.04816033701016284,0.0,0.0,0.0,0.21154266038119932,0.0,0.042753678793571864,0.0,0.0,0.0,0.048191428196542686,0.0,0.20860493319716497,0.0,0.0,0.0,0.20514131896601792,0.0,0.0,0.0,0.0,0.0,0.0,0.0,0.0,0.0,0.0,0.0,0.0
2016-06-10,0.09642455475164582,0.0,0.0,0.0,0.0,0.135348203829941,0.04178521973902122,0.0,0.0,0.0,0.20634710655794142,0.0,0.04178521973902122,0.0,0.0,0.0,0.0470698869664191,0.0,0.21862562990537643,0.0,0.0,0.0,0.21261417851063355,0.0,0.0,0.0,0.0,0.0,0.0,0.0,0.0,0.0,0.0,0.0,0.0
2016-06-17,0.09601800766198156,0.0,0.0,0.0,0.0,0.13511015344332275,0.04630052206300385,0.0,0.0,0.0,0.20361631600795355,0.0,0.04345110301078396,0.0,0.0,0.0,0.048557292678005015,0.0,0.21644108057262418,0.0,0.0,0.0,0.21050552456232485,0.0,0.0,0.0,0.0,0.0,0.0,0.0,0.0,0.0,0.0,0.0,0.0
2016-06-24,0.08226620912856758,0.0,0.0,0.0,0.0,0.1354066523899623,0.03198631503883988,0.0,0.0,0.0,0.22073001564591413,0.0,0.029168694726904282,0.0,0.0,0.0,0.035848056170784584,0.0,0.22603159656032124,0.0,0.0,0.0,0.20939376561180176,0.0,0.0,0.029168694726904282,0.0,0.0,0.0,0.0,0.0,0.0,0.0,0.0,0.0
2016-07-01,0.07988141588468586,0.0,0.0,0.0,0.0,0.12168681530075962,0.04760554514132766,0.0,0.0,0.0,0.1857876490206084,0.0,0.0447067159112385,0.0,0.0,0.0,0.053242654767459575,0.0,0.21779648937235085,0.0,0.0,0.0,0.20458599869033078,0.0,0.0,0.0447067159112385,0.0,0.0,0.0,0.0,0.0,0.0,0.0,0.0,0.0
2016-07-08,0.07902678326325788,0.004209571434256569,0.0,0.0,0.0,0.13133873291402287,0.05660930688824843,0.0,0.0,0.0,0.1609700076642554,0.0,0.052135148268117486,0.0,0.0,0.0,0.05853579451509619,0.0,0.20858468963312804,0.0,0.0,0.0,0.19645481715149932,0.0,0.0,0.052135148268117486,0.0,0.0,0.0,0.0,0.0,0.0,0.0,0.0,0.0
2016-07-15,0.07720110511939546,0.015343272545734542,0.0,0.0,0.0,0.13447169813252619,0.058210142415928035,0.0,0.0,0.003722702387349108,0.13874761135673205,0.0,0.058210142415928035,0.0,0.0,0.0,0.06552445455084323,0.0,0.20272940921707006,0.0,0.0,0.0,0.18762931944256497,0.0,0.0,0.058210142415928035,0.0,0.0,0.0,0.0,0.0,0.0,0.0,0.0,0.0
2016-07-22,0.07744655402865182,0.01608957544423465,0.0,0.0,0.0,0.13544478451914346,0.0593264940191338,0.0,0.0,0.0,0.1431282112485541,0.0,0.06749865180006101,0.0,0.0,0.0,0.061353901273038226,0.0,0.1929242645960329,0.0,0.0,0.0,0.18746106905201598,0.0,0.0,0.0593264940191338,0.0,0.0,0.0,0.0,0.0,0.0,0.0,0.0,0.0
2016-07-29,2.220446049250313e-16,0.007486500619040049,0.0,0.044146324683145007,0.0,0.21435963542142045,0.046835916452733474,0.0,0.0,0.0,0.11956734427940498,0.0,0.04666827267313678,0.0,0.0,0.0,0.044146324683145007,0.0,0.22031014910420024,0.0,0.0,0.0,0.2123332074006287,0.0,0.0,0.044146324683145007,0.0,0.0,0.0,0.0,0.0,0.0,0.0,0.0,0.0
2016-08-05,2.220446049250313e-16,0.0052796169159556455,0.0,0.034852010666661715,0.0,0.2262914701930338,0.034852010666661715,0.0,0.0,0.0,0.12987198168014755,0.0,0.043990521340598776,0.0,0.0,0.0,0.0373929632584783,0.0,0.22869922931440906,0.0,0.0,0.0,0.2239181852973916,0.0,0.0,0.034852010666661715,0.0,0.0,0.0,0.0,0.0,0.0,0.0,0.0,0.0
2016-08-12,2.220446049250313e-16,0.0,0.0,0.052193133373406995,0.0,0.21096567659478604,0.05519266076960177,0.0,0.0,0.0,0.10390470065447859,0.0,0.052193133373406995,0.0,0.0,0.0,0.056403313815299505,0.0,0.209664735711291,0.0,0.0,0.0,0.2072895123343219,0.0,0.0,0.052193133373406995,0.0,0.0,0.0,0.0,0.0,0.0,0.0,0.0,0.0
2016-08-19,2.2204460492503136e-16,0.0,0.0,0.04293336281491707,0.0,0.22618494299715822,0.04293336281491707,0.0,0.0,0.02033413314421666,0.08146869009425846,0.0,0.04293336281491707,0.0,0.0,0.0,0.04953644730226311,0.0,0.20592334546931226,0.0,0.0,0.0,0.23270771166493667,0.0,0.0,0.055044640883103305,0.0,0.0,0.0,0.0,0.0,0.0,0.0,0.0,0.0
2016-08-26,0.0,0.0,0.0,0.033683784910994705,0.0,0.2196168212966184,0.033683784910994705,0.0,0.0,0.018068882183548855,0.07046665973576294,0.0,0.033683784910994705,0.0,0.0,0.0,0.05311320812276116,0.0,0.19640939916284286,0.0,0.0,0.0,0.25403547272711846,0.0,0.0,0.0872382020383633,0.0,0.0,0.0,0.0,0.0,0.0,0.0,0.0,0.0
2016-09-02,0.0,0.0,0.0,0.03572111947555646,0.0,0.22203415705405574,0.03572111947555646,0.0,0.0,0.009900080162660535,0.08163707304488033,0.0,0.03572111947555646,0.0,0.0,0.0,0.05430289447107747,0.0,0.21829587187526267,0.0,0.0,0.0,0.2292195971403005,0.0,0.0,0.07744696782509321,0.0,0.0,0.0,0.0,0.0,0.0,0.0,0.0,0.0
2016-09-09,0.0,0.0,0.0,0.02465401483645326,0.0,0.23761261414144255,0.02465401483645326,0.0,0.0,0.010759309151426935,0.07355007041580618,0.0,0.02465401483645326,0.007308908843968003,0.0,0.0,0.05450073994116863,0.0,0.20899866670266146,0.0,0.0,0.0,0.2446091598705893,0.0,0.0,0.08869848642357711,0.0,0.0,0.0,0.0,0.0,0.0,0.0,0.0,0.0
2016-09-16,0.0,0.0,0.0,0.025331605826572283,0.0,0.2340352139777735,0.025331605826572283,0.0,0.0,0.008898205968019546,0.06895221354383778,0.0,0.025331605826572283,0.004348676853213825,0.0,0.0,0.04401268005966321,0.0,0.221301615514721,0.0,0.0,0.0,0.24285424864386274,0.0,0.0,0.09960232795919151,0.0,0.0,0.0,0.0,0.0,0.0,0.0,0.0,0.0
2016-09-23,0.0,0.0,0.0,0.02440031712699704,0.0,0.23179454928317333,0.02440031712699704,0.0,0.0,0.03164278926845976,0.07369910075471665,0.0,0.02440031712699704,0.021746695482170345,0.0,0.0,0.049245514017806136,0.0,0.1985700194186048,0.0,0.0,0.0,0.21853825933277837,0.0,0.0,0.10156212106129936,0.0,0.0,0.0,0.0,0.0,0.0,0.0,0.0,0.0
2016-09-30,2.2204460492503136e-16,0.0,0.0,0.030049534531396638,0.0,0.11153016646899531,0.03851081206476176,0.0,0.0,0.060104824973854325,0.0,0.0,0.030049534531396638,0.025671602516849336,0.0,0.0,0.05085579890707931,0.0,0.2002660435416455,0.0,0.0,0.0,0.21610578721577567,0.0,0.0,0.2368558952482453,0.0,0.0,0.0,0.0,0.0,0.0,0.0,0.0,0.0
2016-10-07,2.220446049250313e-16,0.0,0.0,0.02663605596869606,0.01679594120879692,0.11553941304803504,0.08764773323608172,0.0,0.0,0.09241918361605417,0.0,0.0,0.02663605596869606,0.016081240156647275,0.0,0.0,0.04188849746986324,0.0,0.16309512109170105,0.0,0.0,0.0,0.19000384155147854,0.0,0.0,0.22325691668394956,0.0,0.0,0.0,0.0,0.0,0.0,0.0,0.0,0.0
2016-10-14,2.2204460492503136e-16,0.0,0.0,0.03018428941644831,0.026982501399352456,0.11577827392500924,0.04897911285411628,0.0,0.0,0.06836345695011188,0.0,0.0,0.03018428941644831,0.020352427513808627,0.0,0.0,0.0478276186449306,0.0,0.18399271036339143,0.0,0.0,0.0037841939027530086,0.18399271036339143,0.0,0.0,0.2395784152502381,0.0,0.0,0.0,0.0,0.0,0.0,0.0,0.0,0.0
2016-10-21,2.220446049250313e-16,0.0,0.0,0.03093647650262347,0.0,0.12002737724847855,0.05437384797779208,0.0,0.0,0.052620107157521544,0.0,0.0,0.03093647650262347,0.03804432687214427,0.0,0.0,0.05252095152709305,0.0,0.1980250184517558,0.0,0.0,0.0,0.1980250184517558,0.0,0.0,0.22449039930821166,0.0,0.0,0.0,0.0,0.0,0.0,0.0,0.0,0.0
2016-10-28,0.03149331621520351,0.0,0.0,0.038832315901415886,0.026540231353418146,0.18991343676496322,0.09516543745569471,0.0,0.0,0.08391427720342023,0.02361998716140263,0.0,0.038832315901415886,0.04110097392459014,0.0,0.0,0.049868332270636986,0.0,0.1282810885161418,0.0,0.0,0.0,0.1499218430311148,0.0,0.0,0.10251644430058185,0.0,0.0,0.0,0.0,0.0,0.0,0.0,0.0,0.0
2016-11-04,0.04523881803561712,0.0,0.0,0.028618908038933896,0.015278378554616546,0.19770789865812638,0.08888173285231707,0.0,0.0,0.0992074071526766,0.03392911352671284,0.0,0.028618908038933896,0.018216435180345884,0.0,0.0,0.0390902585321677,0.0,0.12164334921315197,0.0,0.0,0.0,0.16225648134821125,0.0,0.0,0.12131231086818882,0.0,0.0,0.0,0.0,0.0,0.0,0.0,0.0,0.0
2016-11-11,0.08074658245519291,0.0,0.0,0.030858376953996777,0.017716108704503013,0.1765341226276785,0.12556310351859218,0.0,0.0,0.03776856303476759,0.07022171112907746,0.0,0.046651484122665364,0.02253883756063264,0.0,0.0,0.04138490591219427,0.0,0.15302574098739963,0.0,0.0,0.0033231276425156014,0.11597418578628381,0.0,0.0,0.07769314956450019,0.0,0.0,0.0,0.0,0.0,0.0,0.0,0.0,0.0
2016-11-18,0.08093027577557074,0.0,0.0,0.033624041428951215,0.015931541156255915,0.18084195516892287,0.12394247789296729,0.0,0.0,0.03741726442982764,0.06069770683167806,0.0,0.04774633919772255,0.020197474509986164,0.0,0.0,0.04304927604010679,0.0,0.1560693284165987,0.0,0.0,0.0,0.1201442483372448,0.0,0.0,0.07940807081416722,0.0,0.0,0.0,0.0,0.0,0.0,0.0,0.0,0.0
2016-11-25,0.08292267483626078,0.0,0.0,0.0,0.012297347087932469,0.1252554670125952,0.24532405316375788,0.0,0.0,0.044004593805052936,0.04184374562010827,0.0,0.08995833239687717,0.03381289840682346,0.0,0.0,0.0872679093634765,0.0,0.07150621425600567,0.0,0.0,0.0,0.0,0.0,0.0,0.16580676405110953,0.0,0.0,0.0,0.0,0.0,0.0,0.0,0.0,0.0
2016-12-02,0.08690150100646635,0.0,0.0,0.0,0.021077704599457545,0.1290644391920475,0.2423497958053473,0.0,0.0,0.03188924695080391,0.04094625163676925,0.0,0.09387236027838072,0.031097625463790225,0.0,0.0,0.08423231467367985,0.0,0.06771300877081418,0.0,0.0,0.0,0.0,0.0,0.0,0.17085575162244318,0.0,0.0,0.0,0.0,0.0,0.0,0.0,0.0,0.0
2016-12-09,0.07366853892448016,0.0,0.0,0.0,0.010686764744494561,0.13162273619480327,0.24719642322109137,0.0,0.0,0.03912791742153565,0.04508914656113483,0.0,0.09964722625606737,0.020283270804167277,0.0,0.0,0.0908093163059356,0.0,0.06635439440623933,0.0,0.0,0.0,0.0,0.0,0.0,0.17551426516005053,0.0,0.0,0.0,0.0,0.0,0.0,0.0,0.0,0.0
2016-12-16,0.06528067680023661,0.0,0.0,0.0,0.016661956642884102,0.10299243296285543,0.23123963910007128,0.0,0.0,0.057078847598167226,0.022019726024786253,0.0,0.10409105452029963,0.038450911116719416,0.0,0.0,0.12709944098200882,0.0,0.05927711301271627,0.0,0.0,0.0,0.0,0.0,0.0,0.17580820123925497,0.0,0.0,0.0,0.0,0.0,0.0,0.0,0.0,0.0
2016-12-23,0.07767811822780096,0.0,0.0,0.0,0.017707412729038228,0.12761503309629701,0.24001105057982358,0.0,0.0,0.060790260377846655,0.03131780709545953,0.0,0.08026781060217203,0.04209620739084413,0.0,0.0,0.09811212013080893,0.0,0.0755000427388306,0.0,0.0,0.0,0.0,0.0,0.0,0.1489041370310782,0.0,0.0,0.0,0.0,0.0,0.0,0.0,0.0,0.0
2016-12-30,0.0,0.0,0.0,0.08297596446633418,0.00264113855583246,0.03285276794663908,0.26573096651713196,0.0,0.0,0.07415040138003758,0.03285276794663908,0.0,0.1991079459178969,0.040260059709200394,0.0,0.0,0.09802237840771302,0.0,0.0,0.0,0.0,0.0,0.0,0.0,0.0,0.17140560915257524,0.0,0.0,0.0,0.0,0.0,0.0,0.0,0.0,0.0
2017-01-06,0.0,0.0,0.0,0.07732357530083937,0.008018010725584715,0.08058434400746577,0.2573793420766245,0.0,0.0,0.05405500300489943,0.08058434400746577,0.0,0.14790930227597876,0.0326649282206356,0.0,0.0,0.09100390269735711,0.0,0.0,0.0,0.0,0.0,0.0,0.0,0.0,0.17047724768314898,0.0,0.0,0.0,0.0,0.0,0.0,0.0,0.0,0.0
2017-01-13,0.0,0.0,0.0,0.1019679045173072,0.009650603642196883,0.03915071352544046,0.25011975015902044,0.0,0.0,0.061067933886942934,0.03915071352544046,0.0,0.18744217745779707,0.03968421515859505,0.0,0.0,0.11768725125574936,0.0,0.0,0.0,0.0,0.0014200301671646294,0.0,0.0,0.0,0.1526587067043455,0.0,0.0,0.0,0.0,0.0,0.0,0.0,0.0,0.0
2017-01-20,0.0,0.0,0.0,0.048494638286872366,0.005426134912163613,0.08197632099844371,0.24982405771801258,0.0,0.0,0.08788351909301448,0.08197632099844371,0.0,0.12645344667070885,0.057709183919354416,0.0,0.0,0.06273634324294225,0.0,0.0,0.0,0.0,0.0016022547334226588,0.0,0.0,0.0,0.19591777942662153,0.0,0.0,0.0,0.0,0.0,0.0,0.0,0.0,0.0
2017-01-27,0.0,0.0,0.0,0.03718177963584299,0.005162546330967707,0.0,0.10335503801791913,0.0,0.0,0.15040510814485986,0.0,0.0,0.238803996994568,0.08954690148052008,0.0,0.0,0.2451806361782234,0.0,0.0,0.0,0.0,0.0,0.03718177963584299,0.0,0.0,0.09318221358125582,0.0,0.0,0.0,0.0,0.0,0.0,0.0,0.0,0.0
2017-02-03,0.0,0.0,0.0,0.03759364553820628,0.00223828708258663,0.0,0.11662176292422932,0.0,0.0,0.1512720631473048,0.0,0.0,0.24091204275547412,0.08258550938829516,0.0,0.0,0.24076471445199776,0.0,0.0,0.0,0.0,0.0,0.03845650889796259,0.0,0.0,0.08955546581394327,0.0,0.0,0.0,0.0,0.0,0.0,0.0,0.0,0.0
2017-02-10,0.0,0.0,0.0,0.030872900324345583,0.0062774153524810025,0.0,0.07257324327643552,0.0,0.0,0.15568561838458156,0.0,0.0,0.24242054219997258,0.12370542337967415,0.0,0.0,0.24295809811593483,0.0,0.0,0.0,0.0,0.0038097568265574627,0.030872900324345583,0.0,0.0,0.09082410181567155,0.0,0.0,0.0,0.0,0.0,0.0,0.0,0.0,0.0
2017-02-17,0.0,0.0,0.0,0.030637399282600723,0.012325135713487357,0.0,0.0594983642156338,0.0,0.0,0.16000901767484524,0.0,0.0,0.242490956595792,0.13519813583474605,0.0,0.0,0.2381559058214252,0.0,0.0,0.0,0.0,0.0024929686322980047,0.030637399282600723,0.0,0.0,0.08855471694657073,0.0,0.0,0.0,0.0,0.0,0.0,0.0,0.0,0.0
2017-02-24,0.028522310724493783,0.0,0.0,0.030703672407164557,0.009508596158532785,0.0,0.0520954054505349,0.0,0.0,0.1696425172272808,0.0,0.0,0.2271790026748824,0.1547227634725875,0.0,0.0,0.2232936862466945,0.0,0.0,0.0,0.0,0.003859078506948959,0.030703672407164557,0.0,0.0,0.06976929472371515,0.0,0.0,0.0,0.0,0.0,0.0,0.0,0.0,0.0
2017-03-03,0.029461946968193587,0.0,0.0,0.033683416889248106,0.007205962444358846,0.0,0.0557798771153933,0.0,0.0,0.13335416606907252,0.0,0.0,0.22777619151093612,0.11605225402979424,0.0,0.0,0.23269276480462567,0.0,0.0,0.0,0.0,0.0029290996724515394,0.033683416889248106,0.0,0.0,0.12738090360667792,0.0,0.0,0.0,0.0,0.0,0.0,0.0,0.0,0.0
2017-03-10,0.02652918540833593,0.0,0.0,0.07423295943800619,0.005031833327019905,0.0,0.09412984849425814,0.0,0.0,0.0857314893421468,0.0,0.0,0.20998159585213316,0.07188683062804055,0.0,0.0,0.21640219654715584,0.0,0.0,0.0,0.0,0.0015597042359190316,0.07423295943800619,0.0,0.0,0.14028139728897812,0.0,0.0,0.0,0.0,0.0,0.0,0.0,0.0,0.0
2017-03-17,0.026748531468942592,0.0,0.0,0.07747154692823555,0.005570175012137302,0.0,0.09591347660762325,0.0,0.0,0.07740447015656263,0.0,0.0,0.205849188636052,0.07143244957144808,0.0,0.0,0.2120637814085608,0.0,0.0,0.0,0.0,0.005102223244204478,0.07585207800591631,0.0,0.0,0.14659207896031679,0.0,0.0,0.0,0.0,0.0,0.0,0.0,0.0,0.0
2017-03-24,0.028639203216828422,0.0,0.0,0.037299645494799326,0.009033502082110087,0.0,0.05301420783893346,0.0,0.0,0.14987957046393657,0.0,0.0,0.21601688429781407,0.14109611802249195,0.0,0.0,0.23269656186065735,0.0,0.0,0.0,0.0,0.008158685243694166,0.031534805426312144,0.0,0.0,0.09263081605242232,0.0,0.0,0.0,0.0,0.0,0.0,0.0,0.0,0.0
2017-03-31,0.03774886558961628,0.0,0.0,0.06919405062184626,0.033254765477184395,0.0,0.09575120306241089,0.0,0.0,0.1313621628668737,0.0,0.0,0.07464362694631335,0.1130896892995758,0.0,0.0,0.22188198998817713,0.0,0.0,0.0,0.0,0.0037197354913600816,0.0,0.0,0.0,0.21935391065664225,0.0,0.0,0.0,0.0,0.0,0.0,0.0,0.0,0.0
2017-04-07,0.02699862721214367,0.0,0.0,0.11292310001914116,0.026335661512839673,0.0,0.12990636551203888,0.0,0.0,0.09637006746412963,0.0,0.0,0.05925429360882621,0.08746654332051337,0.0,0.0,0.23188062018816807,0.0,0.0,0.0,0.0,0.005238004096967254,0.0,0.0,0.0,0.22362671706523213,0.0,0.0,0.0,0.0,0.0,0.0,0.0,0.0,0.0
2017-04-14,0.02735058992643897,0.0,0.0,0.11887123304767414,0.023866346737754292,0.0,0.13375705555029138,0.0,0.0,0.09572557714452545,0.0,0.0,0.05152663368046384,0.0885364853132154,0.0,0.0,0.23289824190490904,0.0,0.0,0.0,0.0,0.008001339895993354,0.0,0.0,0.0,0.2194664967987341,0.0,0.0,0.0,0.0,0.0,0.0,0.0,0.0,0.0
2017-04-21,0.029462312382854444,0.0,0.0,0.06654005267039191,0.023656038653667086,0.0,0.07994258051744901,0.0,0.0,0.14511872268105935,0.0,0.0,0.06307402532705014,0.13361967775344785,0.0,0.0,0.22977528096375932,0.0,0.0,0.0,0.0,0.007435744826928756,0.0,0.0,0.0,0.2213755642233921,0.0,0.0,0.0,0.0,0.0,0.0,0.0,0.0,0.0
2017-04-28,0.031296524256237225,0.0,0.0,0.06136432232783951,0.027663516076456576,0.029203995874750623,0.08172217379369227,0.0,0.0,0.12037909728853649,0.0,0.0,0.0,0.13889266294597907,0.0,0.0,0.2324831842041396,0.0,0.0,0.0,0.0,0.03535685159840271,0.029203995874750623,0.0,0.0,0.21243367575921512,0.0,0.0,0.0,0.0,0.0,0.0,0.0,0.0,0.0
2017-05-05,0.032021419246614564,0.0,0.0,0.06454930031910609,0.026465098431848876,0.030422461312672892,0.07556181981152235,0.0,0.0,0.1250809865216862,0.0,0.0,0.0,0.1429653435172816,0.0,0.0,0.23721652395325438,0.0,0.0,0.0,0.0,0.0381769028777878,0.030422461312672892,0.0,0.0,0.1971176826955523,0.0,0.0,0.0,0.0,0.0,0.0,0.0,0.0,0.0
2017-05-12,0.030190851088777892,0.0,0.0,0.06922711147957067,0.02264313831658342,0.03177192361929917,0.06809894848313636,0.0,0.0,0.1329923783083243,0.0,0.0,0.0,0.1490096463190695,0.0,0.0,0.22804755328786497,0.0,0.0,0.0,0.0,0.035998150657329635,0.03177192361929917,0.0,0.0,0.20024837482074487,0.0,0.0,0.0,0.0,0.0,0.0,0.0,0.0,0.0
2017-05-19,0.028458984373779625,0.0,0.0,0.06388509849539802,0.02134423828033472,0.028101123003771017,0.09888189105492001,0.0,0.0,0.10264850192251977,0.0,0.0,0.0,0.13104033446865512,0.0,0.0,0.23511779277018405,0.0,0.0,0.0,0.0,0.045326801225265265,0.028101123003771017,0.0,0.0,0.21709411140140128,0.0,0.0,0.0,0.0,0.0,0.0,0.0,0.0,0.0
2017-05-26,0.028940506398075938,0.0,0.0,0.1281872816314175,0.0,0.04603924716316929,0.06774462696172624,0.0,0.0,0.0945661560748679,0.0,0.0,0.0,0.13778823005307966,0.0,0.0,0.2098649344308524,0.0,0.0,0.0,0.0,0.0430779379746329,0.0014345893904036226,0.0,0.0,0.24235648992177444,0.0,0.0,0.0,0.0,0.0,0.0,0.0,0.0,0.0
2017-06-02,0.029373003513805177,0.0,0.0,0.11663307918210908,0.0013917194723222302,0.04923599978843707,0.07126575242379095,0.0,0.0,0.10295944164140106,0.0,0.0,0.0,0.14564310926892737,0.0,0.0,0.20670549616119965,0.0,0.0,0.0,0.0,0.04380218621058276,0.0,0.0,0.0,0.2329902123374245,0.0,0.0,0.0,0.0,0.0,0.0,0.0,0.0,0.0
2017-06-09,0.03060275144534253,0.0,0.0,0.11936503638303836,0.006164245625394872,0.0441078568394376,0.0670599204234445,0.0,0.0,0.1060896201078608,0.0,0.0,0.0,0.14644336360505333,0.0,0.0,0.20633544726276248,0.0,0.0,0.0,0.0,0.049285262410393826,0.0,0.0,0.0,0.22454649589727171,0.0,0.0,0.0,0.0,0.0,0.0,0.0,0.0,0.0
2017-06-16,0.029698229614515133,0.0,0.0,0.11912926709700014,0.0015102036300312655,0.046290728490339196,0.06856440070122555,0.0,0.0,0.10222860078749964,0.0,0.0,0.0,0.14214247884788694,0.0,0.0,0.21142495254638238,0.0,0.0,0.0,0.0,0.04351972587123732,0.0,0.0,0.0,0.23549141241388238,0.0,0.0,0.0,0.0,0.0,0.0,0.0,0.0,0.0
2017-06-23,0.029472121580389803,0.0,0.0,0.13105534138469746,0.008271853988138353,0.0555679140451276,0.07767200523041995,0.0,0.0,0.08674652394184085,0.0,0.0,0.0,0.1268709467502933,0.0,0.0,0.2078143076216655,0.0,0.0,0.0,0.0,0.04483769208214806,0.0,0.0,0.0,0.23169129337527908,0.0,0.0,0.0,0.0,0.0,0.0,0.0,0.0,0.0
2017-06-30,0.0,0.0,0.0,0.24625385392623883,0.0024673288784313433,0.021006201111105297,0.021006201111105297,0.0,0.0,0.004334650835857349,0.0,0.0,0.0,0.15496499220358753,0.0,0.0,0.11493679528241456,0.0,0.021006201111105297,0.0,0.0,0.15773926460802878,0.021006201111105297,0.0,0.0,0.23527830982102027,0.0,0.0,0.0,0.0,0.0,0.0,0.0,0.0,0.0
2017-07-07,0.0,0.0,0.0,0.2472312329465205,0.014924550649499137,0.021539952368631342,0.021539952368631342,0.0,0.0,0.0026378993837074894,0.0,0.0,0.0,0.15043820692764429,0.0,0.0,0.11064666957135838,0.0,0.021539952368631342,0.0,0.0,0.15219652543856219,0.021539952368631342,0.0,0.0,0.23576510560818265,0.0,0.0,0.0,0.0,0.0,0.0,0.0,0.0,0.0
2017-07-14,0.0,0.0,0.0,0.2458326553296703,0.006994201158976614,0.022286081745436583,0.022286081745436583,0.0,0.0,0.011190383205686438,0.0,0.0,0.0,0.15322143231858198,0.0,0.0,0.10594838382515065,0.0,0.022286081745436583,0.0,0.0,0.15474345748435347,0.022286081745436583,0.0,0.0,0.2329251596958341,0.0,0.0,0.0,0.0,0.0,0.0,0.0,0.0,0.0
2017-07-21,0.0,0.0,0.0,0.24872001396994745,0.003989751268602664,0.022453758279262097,0.022453758279262097,0.0,0.0,0.0065588361494533405,0.0,0.0,0.0,0.15479268594634732,0.0,0.0,0.11224962791273088,0.0,0.022453758279262097,0.0,0.0,0.15923877513834162,0.022453758279262097,0.0,0.0,0.2246352764975282,0.0,0.0,0.0,0.0,0.0,0.0,0.0,0.0,0.0
2017-07-28,0.0,0.0,0.0,0.24104208263433108,0.041637363324957426,0.021271856288918936,0.021271856288918936,0.0,0.0,0.05052574407058119,0.0,0.0,0.0,0.1668150709632864,0.0,0.0,0.09779452206045078,0.0,0.021271856288918936,0.0,0.0,0.1628137729797997,0.021271856288918936,0.0,0.0,0.15428401881091755,0.0,0.0,0.0,0.0,0.0,0.0,0.0,0.0,0.0
2017-08-04,0.0,0.0,0.0,0.24697658260162336,0.03471302944294468,0.020748086259815578,0.020748086259815578,0.0,0.0,0.05236237443450832,0.0,0.0,0.0,0.15028033590405393,0.0,0.0,0.10735558263172493,0.0,0.020748086259815578,0.0,0.0,0.16411424506786404,0.020748086259815578,0.0,0.0,0.1612055048780184,0.0,0.0,0.0,0.0,0.0,0.0,0.0,0.0,0.0
2017-08-11,0.0,0.0,0.0,0.24030267376237952,0.03801537693009095,0.02174162017425645,0.02174162017425645,0.0,0.0,0.06375027881933751,0.0,0.0,0.0,0.14981190329104682,0.0,0.0,0.12058060525155834,0.0,0.02174162017425645,0.0,0.0,0.1480046800256404,0.02174162017425645,0.0,0.0,0.15256800122292058,0.0,0.0,0.0,0.0,0.0,0.0,0.0,0.0,0.0
2017-08-18,0.0,0.0,0.0,0.23609677934676504,0.0370665392435109,0.02117554510669143,0.02117554510669143,0.0,0.0,0.05210621807517395,0.0,0.0,0.0,0.1537791858117686,0.0,0.0,0.11640275797349725,0.0,0.02117554510669143,0.0,0.0,0.15526826947918165,0.02117554510669143,0.0,0.0,0.16457806964333677,0.0,0.0,0.0,0.0,0.0,0.0,0.0,0.0,0.0
2017-08-25,0.07801553955289436,0.0,0.0,0.21491588888231097,0.004689164634428897,0.023011615461635104,0.023011615461635104,0.0,0.0,0.005606651031735999,0.0,0.0,0.0,0.14141974884496433,0.0,0.0,0.1696149679735795,0.0,0.023011615461635104,0.0,0.0,0.1428492318266833,0.023011615461635104,0.0,0.0,0.15084234540686206,0.0,0.0,0.0,0.0,0.0,0.0,0.0,0.0,0.0
2017-09-01,0.07629732628760955,0.0,0.0,0.22191349918456266,0.009218337525426883,0.02286624899028948,0.02286624899028948,0.0,0.0,0.001378020636024282,0.0,0.0,0.0,0.12701563595949217,0.0,0.0,0.17669819602839948,0.0,0.02286624899028948,0.0,0.0,0.13674645159698906,0.02286624899028948,0.0,0.0,0.15926753682033787,0.0,0.0,0.0,0.0,0.0,0.0,0.0,0.0,0.0
2017-09-08,0.07686775776638125,0.0,0.0,0.22062372008998785,0.010177130327265324,0.02275527254660831,0.02275527254660831,0.0,0.0,0.0015680915002730836,0.0,0.0,0.0,0.12883464178715384,0.0,0.0,0.17522355431990333,0.0,0.02275527254660831,0.0,0.0,0.13513828155523094,0.02275527254660831,0.0,0.0,0.16054573246737106,0.0,0.0,0.0,0.0,0.0,0.0,0.0,0.0,0.0
2017-09-15,0.07811671594179706,0.0,0.0,0.2199949011687541,0.008075932756368278,0.02387502740858318,0.02239884397807829,0.0,0.0,0.0,0.0,0.0,0.0,0.13144272351729652,0.0,0.0,0.17036838786635047,0.0,0.02239884397807829,0.0,0.0,0.1392784673348424,0.02239884397807829,0.0,0.0,0.16165131207177302,0.0,0.0,0.0,0.0,0.0,0.0,0.0,0.0,0.0
2017-09-22,0.0777137660800247,0.0,0.0,0.21512243954964702,0.01594594014862629,0.02587139871947203,0.022600341642266184,0.0,0.0,0.0,0.0,0.0,0.0,0.14065461499536136,0.0,0.0,0.1522800568229659,0.0,0.022600341642266184,0.0,0.0,0.1496700863286941,0.022600341642266184,0.0,0.0,0.15494067242841,0.0,0.0,0.0,0.0,0.0,0.0,0.0,0.0,0.0
2017-09-29,0.0,0.0,0.0,0.23404549145652231,0.01270111703708392,0.018297103250892503,0.018297103250892503,0.0,0.0,0.0,0.0,0.0,0.018297103250892503,0.15385989316606302,0.0,0.0,0.12810348141445044,0.0,0.018297103250892503,0.0,0.0,0.17173917900954128,0.018297103250892503,0.0,0.0,0.20806532166187663,0.0,0.0,0.0,0.0,0.0,0.0,0.0,0.0,0.0
2017-10-06,0.0,0.0,0.0,0.22379654881120986,0.007920485536832363,0.029573203336178,0.02148175883343461,0.0,0.0,0.0,0.0,0.0,0.02148175883343461,0.15242094578437002,0.0,0.0,0.13677825808225874,0.0,0.02148175883343461,0.0,0.0,0.1558567411402554,0.02148175883343461,0.0,0.0,0.2077267819751572,0.0,0.0,0.0,0.0,0.0,0.0,0.0,0.0,0.0
2017-10-13,0.0,0.0,0.0,0.22306745999927524,0.01997898597534976,0.041369041755956557,0.024697236445191097,0.0,0.0,0.0,0.0,0.0,0.024697236445191097,0.1383909696811938,0.0,0.0,0.12454995031644428,0.0,0.027722587221075946,0.0,0.0,0.1485008570642903,0.024697236445191097,0.0,0.0,0.20232843865084088,0.0,0.0,0.0,0.0,0.0,0.0,0.0,0.0,0.0
2017-10-20,0.0,0.0,0.0,0.21333123059192619,0.014234978930790508,0.028779865134191136,0.028779865134191136,0.0,0.0,0.005943012025100255,0.0,0.0,0.028779865134191136,0.1432823840379775,0.0,0.0,0.13289059119569985,0.0,0.028779865134191136,0.0,0.0,0.15023640543676384,0.028779865134191136,0.0,0.0,0.1961820721107863,0.0,0.0,0.0,0.0,0.0,0.0,0.0,0.0,0.0
2017-10-27,0.0708073401131273,0.0,0.0,0.20526853604339862,0.010308555455914395,0.049259082497689975,0.025090625257028962,0.0,0.0,0.005884516081755389,0.0,0.0,0.025090625257028962,0.09929423955409247,0.0,0.0,0.09816227326275398,0.0,0.025090625257028962,0.0,0.0,0.14570658800097433,0.025090625257028962,0.0,0.0,0.21494636796217761,0.0,0.0,0.0,0.0,0.0,0.0,0.0,0.0,0.0
2017-11-03,0.07863936350330944,0.0,0.0,0.2028248411892446,0.006472137620209429,0.05554335719612738,0.025500882412829756,0.0,0.0,0.02700662016223048,0.0,0.0,0.025500882412829756,0.08878945293171456,0.0,0.0,0.09151862491949715,0.0,0.025500882412829756,0.0,0.0,0.14484243588693146,0.025500882412829756,0.0,0.0,0.2023596369394165,0.0,0.0,0.0,0.0,0.0,0.0,0.0,0.0,0.0
2017-11-10,0.06923985377546589,0.0,0.0,0.20100179696577605,0.0035462151239123146,0.04153755642911027,0.018544713941695306,0.0,0.0,0.03168491702605496,0.0,0.0,0.018544713941695306,0.10334208869317985,0.0,0.0,0.12008586163888955,0.0,0.018544713941695306,0.0,0.0,0.12756944116074348,0.018544713941695306,0.0,0.0,0.22781341342008624,0.0,0.0,0.0,0.0,0.0,0.0,0.0,0.0,0.0
2017-11-17,0.06941930274329285,0.0,0.0,0.20669852234317904,0.014097801422956852,0.05167206820950296,0.028544638996217786,0.0,0.0,0.01401645703801212,0.0,0.0,0.028544638996217786,0.09195683180414468,0.0,0.0,0.08938245264076985,0.0,0.028544638996217786,0.0,0.0,0.13748717034159946,0.03110768707494661,0.0,0.0,0.2085277893929422,0.0,0.0,0.0,0.0,0.0,0.0,0.0,0.0,0.0
2017-11-24,0.06749824179764209,0.0,0.0,0.15587611073375168,0.011272477128718124,0.025696641211400622,0.025696641211400622,0.0,0.0,0.06216613438775227,0.021827271223154084,0.0,0.025696641211400622,0.1009500414260053,0.0,0.0,0.1030319198559699,0.0,0.025696641211400622,0.0,0.0,0.12987520799192448,0.025696641211400622,0.0,0.0,0.21901938939807877,0.0,0.0,0.0,0.0,0.0,0.0,0.0,0.0,0.0
2017-12-01,0.06939291747406465,0.0,0.0,0.15576609174417183,0.018443770284082856,0.0198391664271247,0.0198391664271247,0.0,0.0,0.06718750501336149,0.023248277980471008,0.0,0.0198391664271247,0.11706335290817046,0.0,0.0,0.0879451001831505,0.0,0.0198391664271247,0.0,0.0,0.14205887947182422,0.0198391664271247,0.0,0.0,0.21969827280507928,0.0,0.0,0.0,0.0,0.0,0.0,0.0,0.0,0.0
2017-12-08,0.0686254929985544,0.0,0.0,0.13012287773929976,0.016579347673856812,0.021136524195147867,0.021136524195147867,0.0,0.0,0.08528997320246529,0.022672709623838317,0.0,0.021136524195147867,0.13308405944999951,0.0,0.0,0.06970833912552651,0.0,0.021136524195147867,0.0,0.0,0.15724627633918786,0.021136524195147867,0.0,0.0,0.2109883028715322,0.0,0.0,0.0,0.0,0.0,0.0,0.0,0.0,0.0
2017-12-15,0.06740704417626554,0.0,0.0,0.1272543836422832,0.016101205024540863,0.018703977521299216,0.018703977521299216,0.0,0.0,0.0847851333205279,0.021758873007121673,0.0,0.02664173057535455,0.13564332661691958,0.0,0.0,0.07551795273345117,0.0,0.018703977521299216,0.0,0.0,0.15392757729693965,0.018703977521299216,0.0,0.0,0.21614686352139914,0.0,0.0,0.0,0.0,0.0,0.0,0.0,0.0,0.0
2017-12-22,0.068859495134828,0.0,0.0,0.12847006529683969,0.018997734674648804,0.02433301099075769,0.02433301099075769,0.0,0.0,0.07585824009096578,0.02284821122604353,0.0,0.030599693196467628,0.13078134556082116,0.0,0.0,0.0699787145770012,0.0,0.02433301099075769,0.0,0.0,0.14910560094253555,0.02433301099075769,0.0,0.0,0.20716885533681773,0.0,0.0,0.0,0.0,0.0,0.0,0.0,0.0,0.0
2017-12-29,0.06996327481806042,0.0,0.0,0.10397634703998156,0.12294013098738006,0.04588850896854664,0.022420464487357235,0.0,0.0,0.0033575238950868226,0.0,0.0,0.030632329563577195,0.12226945496733552,0.0,0.0,0.08218927590459268,0.0,0.022420464487357235,0.0,0.0,0.14228722854555265,0.022420464487357235,0.0,0.0,0.20923453184781474,0.0,0.0,0.0,0.0,0.0,0.0,0.0,0.0,0.0
2018-01-05,0.06736952477023307,0.0,0.0,0.08274025024670764,0.14292953347315385,0.04140598750110179,0.019883255555782887,0.0,0.0,0.0012927249140907995,0.0,0.0,0.019883255555782887,0.14160651832402638,0.0,0.0,0.08566293434635747,0.0,0.019883255555782887,0.0,0.0,0.1466002892585655,0.019883255555782887,0.0,0.0,0.21085921494263188,0.0,0.0,0.0,0.0,0.0,0.0,0.0,0.0,0.0
2018-01-12,0.06780795022056355,0.0,0.0,0.07989969789509957,0.14592139199601784,0.04203857815325515,0.020187027120188397,0.0,0.0,0.0012288732672220421,0.0,0.0,0.020187027120188397,0.14682811535294238,0.0,0.0,0.07602529806543849,0.0,0.020187027120188397,0.0,0.0,0.15319214505607348,0.020187027120188397,0.0,0.0,0.20630984151263387,0.0,0.0,0.0,0.0,0.0,0.0,0.0,0.0,0.0
2018-01-19,0.06781356534563072,0.0,0.0,0.07443349272290989,0.1470441330923412,0.04310173791588097,0.021245975539013834,0.0,0.0,0.005118940312713292,0.0,0.0,0.021245975539013834,0.14792764651280596,0.0,0.0,0.0770465566111751,0.0,0.021245975539013834,0.0,0.0,0.1480147682980888,0.021245975539013834,0.0,0.0,0.2045152570323986,0.0,0.0,0.0,0.0,0.0,0.0,0.0,0.0,0.0
2018-01-26,0.06493281023217294,0.0,0.0,0.06748630143891177,0.16642412487077743,0.027184975373256766,0.027184975373256766,0.0,0.0,0.0028989053553937984,0.02252548041082299,0.0,0.027184975373256766,0.14519168002274968,0.0,0.0,0.16891578755987305,0.0,0.02252548041082299,0.0,0.0,0.06644989521791198,0.0,0.0,0.0,0.19109460836079287,0.0,0.0,0.0,0.0,0.0,0.0,0.0,0.0,0.0
2018-02-02,0.0633179130557012,0.0,0.0,0.0941158035667635,0.1473080697897476,0.025848997928692448,0.025848997928692448,0.0,0.0,0.0,0.021314307528469183,0.0,0.02899343922356562,0.1254888286732596,0.0,0.0,0.1781691597228025,0.0,0.021314307528469183,0.0,0.0,0.06001213063120911,0.0,0.0,0.0,0.20826804442262747,0.0,0.0,0.0,0.0,0.0,0.0,0.0,0.0,0.0
2018-02-09,0.06413121837985239,0.0,0.0,0.08526481438005522,0.1488271091693394,0.02658875199804113,0.02658875199804113,0.0,0.0,0.0,0.021924286521582584,0.0,0.02658875199804113,0.13157683339864523,0.0,0.0,0.16935818238501674,0.0,0.021924286521582584,0.0,0.0,0.06373107763185143,0.0,0.0,0.0,0.21349593561795102,0.0,0.0,0.0,0.0,0.0,0.0,0.0,0.0,0.0
2018-02-16,0.06458894418407453,0.0,0.0,0.10244765019961707,0.1444886838545068,0.0270050833760173,0.0270050833760173,0.0,0.0,0.007640134961200322,0.02226758087474919,0.0,0.0270050833760173,0.10684207108754018,0.0,0.0,0.17150479471994712,0.0,0.02226758087474919,0.0,0.0,0.06981248684359999,0.0,0.0,0.0,0.20712482227196355,0.0,0.0,0.0,0.0,0.0,0.0,0.0,0.0,0.0
2018-02-23,0.6344421246095495,0.0,0.0,0.04308032361238458,0.04825413848147665,0.013782794532122321,0.013782794532122321,0.0,0.0,0.0,0.0046364398512855065,0.0,0.013782794532122321,0.04881092289102264,0.0,0.0,0.07055632550445196,0.0,0.0046364398512855065,0.0,0.0,0.018930330487574917,0.0,0.0,0.0,0.08530457111460163,0.0,0.0,0.0,0.0,0.0,0.0,0.0,0.0,0.0
2018-03-02,0.6366401937771714,0.0,0.0,0.04815818016172729,0.0426650207830985,0.011964800208746906,0.011964800208746906,0.0,0.0,0.0,0.004932333777696131,0.0,0.011964800208746906,0.04675167082283717,0.0,0.0,0.0756452377604966,0.0,0.004932333777696131,0.0,0.0,0.016029423392557824,0.0,0.0,0.0,0.08835120512047824,0.0,0.0,0.0,0.0,0.0,0.0,0.0,0.0,0.0
2018-03-09,0.6379932677747238,0.0,0.0,0.05166800306382764,0.04001252190408516,0.012372265522146068,0.012372265522146068,0.0,0.0,0.0,0.005114478354289725,0.0,0.015443136479637713,0.041635659481511655,0.0,0.0,0.06969940596327971,0.0,0.005114478354289725,0.0,0.0,0.0222711623938974,0.0,0.0,0.0,0.08630335518616532,0.0,0.0,0.0,0.0,0.0,0.0,0.0,0.0,0.0
2018-03-16,0.6350728075462714,0.0,0.0,0.04620266454317015,0.044587305807449955,0.012625811696314528,0.012625811696314528,0.0,0.0,0.0,0.004721339477382674,0.0,0.019273363523494392,0.047526067121194684,0.0,0.0,0.0719117909849477,0.0,0.004721339477382674,0.0,0.0,0.016324971651009802,0.0,0.0,0.0,0.08440672647506747,0.0,0.0,0.0,0.0,0.0,0.0,0.0,0.0,0.0
2018-03-23,0.6344892636514499,0.0,0.0,0.04645733816653602,0.04336762011180714,0.014680277819120426,0.014680277819120426,0.0,0.0,0.0005567488315628125,0.0046427854915413215,0.0,0.018551737434115506,0.044594389456194386,0.0,0.0,0.07298599754142815,0.0,0.0046427854915413215,0.0,0.0,0.016067438401223016,0.0,0.0,0.0,0.08428333978435953,0.0,0.0,0.0,0.0,0.0,0.0,0.0,0.0,0.0
2018-03-30,0.6356889759163042,0.0,0.0,0.022787922233059674,0.027718912149044084,0.04261253711374501,0.0,0.0,0.0,0.001986114690898554,0.004804285219502482,0.0,0.04858127174603183,0.03133011666087305,0.0,0.0,0.08819687426841392,0.0,0.0,0.0,0.0,0.006157591517140735,0.0,0.0,0.0,0.09013539848498643,0.0,0.0,0.0,0.0,0.0,0.0,0.0,0.0,0.0
2018-04-06,0.6354799930123882,0.0,0.0,0.015079555867369138,0.026550284014662834,0.05009613741212927,0.0,0.0,0.0,0.0018353414204978736,0.004776152905513782,0.0,0.05353000692421145,0.030478679401041243,0.0,0.0,0.08806029839181234,0.0,0.0,0.0,0.0,0.005399669565825633,0.0,0.0,0.0,0.08871388108454821,0.0,0.0,0.0,0.0,0.0,0.0,0.0,0.0,0.0
2018-04-13,0.6370659809358253,0.0,0.0,0.024323698921723397,0.02786807680652573,0.040854664545135776,0.0,0.0,0.0,0.003825027328384725,0.00498965127982263,0.0,0.0429698657506096,0.03304683565810235,0.0,0.0,0.09032283799395237,0.0,0.0,0.0,0.0,0.0056510527683697655,0.0,0.0,0.0,0.08908230801154832,0.0,0.0,0.0,0.0,0.0,0.0,0.0,0.0,0.0
2018-04-20,0.6556246121883812,0.0,0.0,0.024321504390611717,0.025727475645640326,0.03830297283182465,0.0,0.0,0.0,0.003749965369184318,0.007487928563820529,0.0,0.039686746586505076,0.03082143961401948,0.0,0.0,0.08426388608433728,0.0,0.0,0.0,0.0,0.008139113847307634,0.0,0.0,0.0,0.08187435487836782,0.0,0.0,0.0,0.0,0.0,0.0,0.0,0.0,0.0
2018-04-27,0.6710219395948266,0.009560645714688173,0.0,0.044182747460511915,0.011321664197239328,0.0386340168538038,0.03230494817371226,0.0,0.0,0.0014216143720138911,0.009560645714688173,0.0,0.059073983602337364,0.02000957210379909,0.0,0.0,0.039658148844908744,0.0,0.0,0.0,0.0,0.0004948237537392073,0.0,0.0,0.0,0.06275524961373145,0.0,0.0,0.0,0.0,0.0,0.0,0.0,0.0,0.0
2018-05-04,0.6409293506147963,0.005509720275068704,0.0,0.050076375604866524,0.015875293372878508,0.036875872991206836,0.036875872991206836,0.0,0.0,0.0019610527068479127,0.005509720275068704,0.0,0.06325575500020979,0.02164620519649191,0.0,0.0,0.05074074489046619,0.0,0.0,0.0,0.0,0.0015355876253442457,0.0,0.0,0.0,0.06920844845554747,0.0,0.0,0.0,0.0,0.0,0.0,0.0,0.0,0.0
2018-05-11,0.6467203682933397,0.006289280347180313,0.0,0.048132252365632344,0.01855666947777459,0.0317089756275306,0.025948935032174762,0.0,0.0,0.0024637882629925476,0.006289280347180313,0.0,0.06576289293952609,0.027536723673567458,0.0,0.0,0.04393250231958333,0.0,0.0,0.0,0.0,0.0005190046887400335,0.0,0.0,0.0,0.07613932662477796,0.0,0.0,0.0,0.0,0.0,0.0,0.0,0.0,0.0
2018-05-18,0.6447407844727948,0.006022797909799282,0.0,0.05050726050558376,0.014413598487387217,0.034683920440240074,0.034683920440240074,0.0,0.0,0.005593222498846112,0.006022797909799282,0.0,0.0649774357676368,0.021161179985455917,0.0,0.0,0.04682514932011052,0.0,0.0,0.0,0.0,0.0009806911887130089,0.0,0.0,0.0,0.06938724107339302,0.0,0.0,0.0,0.0,0.0,0.0,0.0,0.0,0.0
2018-05-25,0.6193555026591311,0.0,0.0,0.060754094521245576,0.018705665790955565,0.014516626994348138,0.0,0.0,0.0,0.005287538290237417,0.0,0.0,0.11666908370150773,0.018632358290546668,0.0,0.0,0.08143354126923807,0.0,0.014516626994348138,0.0,0.0,0.0018531728547522717,0.0,0.0,0.0,0.04827578863368934,0.0,0.0,0.0,0.0,0.0,0.0,0.0,0.0,0.0
2018-06-01,0.6177017776962369,0.0,0.0,0.06393171412293597,0.01744811072086298,0.01327633327217757,0.0,0.0,0.0,0.005194158150906849,0.0,0.0,0.11675350815888756,0.017271350765930265,0.0,0.0,0.08576347101382416,0.0,0.01327633327217757,0.0,0.0,0.002732610056710011,0.0,0.0,0.0,0.04665063276935012,0.0,0.0,0.0,0.0,0.0,0.0,0.0,0.0,0.0
2018-06-08,0.6307537088945542,0.0,0.0,0.03621466796921791,0.028507618532879753,0.023065281670915476,0.0,0.0,0.0,0.005421876947666542,0.0,0.0,0.10538953995598978,0.0276997923537364,0.0,0.0,0.053579730882088825,0.0,0.023065281670915476,0.0,0.0,0.0034112888508012256,0.0,0.0,0.0,0.06289121227123434,0.0,0.0,0.0,0.0,0.0,0.0,0.0,0.0,0.0
2018-06-15,0.6200965747297881,0.0,0.0,0.06437605472289828,0.014664181387856495,0.015072431047340944,0.0,0.0,0.0,0.0048468170334388895,0.0,0.0,0.11594962738721294,0.01491451682015647,0.0,0.0,0.08559248020084957,0.0,0.015072431047340944,0.0,0.0,0.0030383709524179708,0.0,0.0,0.0,0.046376514670699295,0.0,0.0,0.0,0.0,0.0,0.0,0.0,0.0,0.0
2018-06-22,0.6184806835616485,0.0,0.0,0.051569540239038036,0.02193937008224896,0.013860512671236211,0.0,0.0,0.0,0.006295734362445392,0.0,0.0,0.11502857144380879,0.02225841452995267,0.0,0.0,0.07879665362276295,0.0,0.013860512671236211,0.0,0.0,0.0023915240812637036,0.0,0.0,0.0,0.05551848273435853,0.0,0.0,0.0,0.0,0.0,0.0,0.0,0.0,0.0
2018-06-29,0.22608475467622524,0.0,0.0,0.002496542078770755,0.05139965045254399,0.02471778202399507,0.08782503559407905,0.0,0.0,0.06832019881268121,0.0,0.0,0.20845169812893954,0.042670931161148735,0.0,0.0,0.15193750187702493,0.0,0.0,0.0,0.0,0.003781039431348802,0.08782503559407905,0.0,0.0,0.04448983016916372,0.0,0.0,0.0,0.0,0.0,0.0,0.0,0.0,0.0
2018-07-06,0.2240389977887777,0.0,0.0,0.0,0.056114184515799755,0.023183464358409393,0.08095283538907942,0.0,0.0,0.07139685662456152,0.0,0.0,0.20677538147054284,0.05360693754753554,0.0,0.0,0.15335228846259516,0.0,0.0,0.0,0.0,0.0017311972307909147,0.08095283538907942,0.0,0.0,0.047895021222828404,0.0,0.0,0.0,0.0,0.0,0.0,0.0,0.0,0.0
2018-07-13,0.22246306450489423,0.0,0.0,0.001398187780255754,0.04967384067078173,0.022001514395496812,0.09456563306248673,0.0,0.0,0.06667357424351168,0.0,0.0,0.20275753589950407,0.043833333999927906,0.0,0.0,0.15728016507533865,0.0,0.0,0.0,0.0,0.00282688619107427,0.09456563306248673,0.0,0.0,0.04196063111424143,0.0,0.0,0.0,0.0,0.0,0.0,0.0,0.0,0.0
2018-07-20,0.22266503118852932,0.0,0.0,0.0,0.045384578425609015,0.022152989408223137,0.09627962715612182,0.0,0.0,0.06716477202668264,0.0,0.0,0.20022674935290377,0.042645765943828476,0.0,0.0,0.16316192799780946,0.0,0.0,0.0,0.0,0.0,0.09759739449935746,0.0,0.0,0.042721164000934925,0.0,0.0,0.0,0.0,0.0,0.0,0.0,0.0,0.0
2018-07-27,0.227424658058953,0.0,0.0,0.0399065442071925,0.005095983434612076,0.021953492647221653,0.1160983467810363,0.0,0.0,0.06701273465096874,0.0,0.0,0.19846562533822296,0.04445912230675042,0.0,0.0,0.1753981752192634,0.0,0.0,0.0,0.0,0.0,0.104185317355779,0.0,0.0,0.0,0.0,0.0,0.0,0.0,0.0,0.0,0.0,0.0,0.0
2018-08-03,0.2291920591609464,0.0,0.0,0.04873568966740161,0.0,0.023279043473716732,0.10221665687217686,0.0,0.0,0.07360518527602362,0.0,0.0,0.199521341954789,0.04843249237150814,0.0,0.0,0.17297642175456882,0.0,0.013190941037742546,0.0,0.0,0.0,0.08885016843112614,0.0,0.0,0.0,0.0,0.0,0.0,0.0,0.0,0.0,0.0,0.0,0.0
2018-08-10,0.27594111354728074,0.0,0.0,0.042716480071588805,0.0,0.05834083426346742,0.1086878681817968,0.0,0.0,0.10022832755903249,0.0,0.0,0.18214072081831922,0.03715010930190346,0.0,0.0,0.12865170388988198,0.0,0.004925523925157724,0.0,0.0,0.0,0.06121731844157137,0.0,0.0,0.0,0.0,0.0,0.0,0.0,0.0,0.0,0.0,0.0,0.0
2018-08-17,0.28124809939898626,0.0,0.0,0.03838636598038897,0.0,0.062321073652246595,0.09944130238712104,0.0,0.0,0.11559071440466731,0.0,0.0,0.17333602680521473,0.05372871543751729,0.0,0.0,0.12435180988774136,0.0,0.005412645927037263,0.0,0.0,0.0,0.046183246119079195,0.0,0.0,0.0,0.0,0.0,0.0,0.0,0.0,0.0,0.0,0.0,0.0
2018-08-24,0.2828006548884826,0.0,0.0,0.035074104070001735,0.0,0.06348549026936881,0.1098101095782108,0.0,0.0,0.11529393021305101,0.0,0.0,0.17022062037692878,0.05113787048931289,0.0,0.0,0.12205676358275108,0.0,0.0,0.0,0.0,0.0,0.05012045653189233,0.0,0.0,0.0,0.0,0.0,0.0,0.0,0.0,0.0,0.0,0.0,0.0
2018-08-31,0.12144388076591796,0.0,0.0,0.030351219355491052,0.0,0.0,0.10954347104862819,0.0,0.0,0.1567648055251893,0.0,0.0,0.17387523768626856,0.08351751277779952,0.0,0.0,0.14930317978455881,0.0,0.03830551628760884,0.0,0.0,0.0,0.13689517676853785,0.0,0.0,0.0,0.0,0.0,0.0,0.0,0.0,0.0,0.0,0.0,0.0
2018-09-07,0.1186924225507166,0.0,0.0,0.03293342240963701,0.0,0.0,0.10607856527274166,0.0,0.0,0.15423442695657533,0.0,0.0,0.17114686168996673,0.08638357559581303,0.0,0.0,0.14979554747396118,0.0,0.03690420417312333,0.0,0.0,0.0,0.14383097387746502,0.0,0.0,0.0,0.0,0.0,0.0,0.0,0.0,0.0,0.0,0.0,0.0
2018-09-14,0.10857823940619699,0.0,0.0,0.03944179028107851,0.0,0.0,0.11441987231120608,0.0,0.0,0.1596990162297396,0.0,0.0,0.16438565224153062,0.08927415585587113,0.0,0.0,0.15800833038767242,0.0,0.03521450298096042,0.0,0.0,0.0,0.1309784403057441,0.0,0.0,0.0,0.0,0.0,0.0,0.0,0.0,0.0,0.0,0.0,0.0
2018-09-21,0.10861244510038365,0.0,0.0,0.02294176685364881,0.0,0.0,0.100294243279833,0.0,0.0,0.170926452332579,0.0,0.0,0.13916636247408906,0.10163477812257248,0.0,0.0,0.17080126856263614,0.0,0.038679865267964374,0.0,0.0,0.0,0.14694281800629339,0.0,0.0,0.0,0.0,0.0,0.0,0.0,0.0,0.0,0.0,0.0,0.0
2018-09-28,0.2726496996707791,0.0,0.0,0.0,0.0,0.0,0.10402704041864075,0.0,0.0,0.12353862352575656,0.0,0.0,0.1334273105945408,0.07160880007550861,0.0,0.0,0.13877825132918764,0.0,0.0,0.0,0.0,0.0,0.1559702743855864,0.0,0.0,0.0,0.0,0.0,0.0,0.0,0.0,0.0,0.0,0.0,0.0
2018-10-05,0.22903160207021395,0.0,0.0,0.0,0.0,0.0,0.06552069748919055,0.0,0.0,0.129767192753902,0.0,0.0,0.10801426715559387,0.1272338657243837,0.0,0.0,0.2015906413415747,0.0,0.0,0.0,0.0,0.0,0.1388417334651413,0.0,0.0,0.0,0.0,0.0,0.0,0.0,0.0,0.0,0.0,0.0,0.0
2018-10-12,0.22805909424591655,0.0,0.0,0.0,0.0,0.0,0.062351816992644415,0.0,0.0,0.12506640557879098,0.0,0.0,0.1193564352394938,0.13837221054081916,0.0,0.0,0.1900887541679441,0.0,0.0,0.0,0.0,0.0,0.13670528323439093,0.0,0.0,0.0,0.0,0.0,0.0,0.0,0.0,0.0,0.0,0.0,0.0
2018-10-19,0.22789180652232893,0.0,0.0,0.0,0.0,0.0,0.08102678610019792,0.0,0.0,0.12157237603161361,0.0,0.0,0.12454319034499717,0.11826616318751819,0.0,0.0,0.18413499939786626,0.0,0.0,0.0,0.0,0.0,0.14256467841547793,0.0,0.0,0.0,0.0,0.0,0.0,0.0,0.0,0.0,0.0,0.0,0.0
2018-10-26,0.6394589314693566,0.0,0.0,0.0,0.0,0.0,0.03253777456427962,0.0,0.0,0.046037001854788165,0.0,0.0,0.06375626973296,0.05222163624848748,0.0,0.0,0.09338775200595661,0.0,0.0,0.0,0.0,0.0,0.07260063412417139,0.0,0.0,0.0,0.0,0.0,0.0,0.0,0.0,0.0,0.0,0.0,0.0
2018-11-02,0.6376663400823128,0.0,0.0,0.0,0.0,0.0,0.04513350670142545,0.0,0.0,0.042562603845030265,0.0,0.0,0.06942959788139023,0.04773636866687565,0.0,0.0,0.08745557786867299,0.0,0.0,0.0,0.0,0.0,0.07001600495429255,0.0,0.0,0.0,0.0,0.0,0.0,0.0,0.0,0.0,0.0,0.0,0.0
2018-11-09,0.6382770872581087,0.0,0.0,0.0,0.0,0.0,0.04689460462046724,0.0,0.0,0.04143447871269565,0.0,0.0,0.07217250276207214,0.055518706088668504,0.0,0.0,0.09169472600454251,0.0,0.0,0.0,0.0,0.0,0.054007894553445304,0.0,0.0,0.0,0.0,0.0,0.0,0.0,0.0,0.0,0.0,0.0,0.0
2018-11-16,0.6377789250542042,0.0,0.0,0.0,0.0,0.0,0.06514198498708575,0.0,0.0,0.028388283862194767,0.0,0.0,0.0807354548645811,0.04938003513722154,0.0,0.0,0.08261037319527546,0.0,0.0,0.0,0.0,0.0,0.055964942899437216,0.0,0.0,0.0,0.0,0.0,0.0,0.0,0.0,0.0,0.0,0.0,0.0
2018-11-23,0.6349700195034769,0.0,0.0,0.0,0.0,0.0,0.07161096204622401,0.0,0.0,0.01911452750201239,0.0,0.0,0.09008777561367431,0.03521069336903121,0.0,0.0,0.08137678063242319,0.0,0.0,0.0,0.0,0.0,0.06762924133315804,0.0,0.0,0.0,0.0,0.0,0.0,0.0,0.0,0.0,0.0,0.0,0.0
2018-11-30,0.6392108318751177,0.0,0.0,0.0,0.0,0.0,0.10411716458912201,0.0,0.0,0.0,0.005278381213958123,0.0,0.06421369919538715,0.021848689801973097,0.0,0.0,0.034160924637543374,0.0,0.005278381213958123,0.0,0.0,0.0,0.12589192747294042,0.0,0.0,0.0,0.0,0.0,0.0,0.0,0.0,0.0,0.0,0.0,0.0
2018-12-07,0.6391442723527869,0.0,0.0,0.0,0.0,0.0,0.09951972679223173,0.0,0.0,0.0,0.0052694212782597605,0.0,0.039635561981554684,0.025920684429976082,0.0,0.0,0.049001320292569546,0.0,0.0052694212782597605,0.0,0.0,0.0,0.13623959159436141,0.0,0.0,0.0,0.0,0.0,0.0,0.0,0.0,0.0,0.0,0.0,0.0
2018-12-14,0.6390737940142209,0.0,0.0,0.0,0.0,0.0,0.07621884373283665,0.0,0.0,0.0,0.010871812730048174,0.0,0.039110718232667305,0.02704958050444756,0.0,0.0,0.048071074899606006,0.0,0.005259933809606632,0.0,0.0,0.0,0.15434424207656677,0.0,0.0,0.0,0.0,0.0,0.0,0.0,0.0,0.0,0.0,0.0,0.0
2018-12-21,0.6360232049987022,0.0,0.0,0.0,0.0,0.004584504580061116,0.04548009128579635,0.0,0.0,0.0,0.018885303679813954,0.0,0.030440380022538023,0.015960342169907514,0.0,0.0,0.032473633464235895,0.0,0.0048492775959791245,0.0,0.0,0.0,0.21130326220296572,0.0,0.0,0.0,0.0,0.0,0.0,0.0,0.0,0.0,0.0,0.0,0.0
2018-12-28,0.6597519580418221,0.0,0.0,0.0,0.0,0.00789449658939703,0.03311527933166538,0.0,0.0,0.0,0.019357961792477903,0.0,0.005249204877693452,0.0155263893877894,0.0,0.0,0.017793989059221926,0.0,0.20684014791259284,0.0,0.0,0.0,0.034470573007340015,0.0,0.0,0.0,0.0,0.0,0.0,0.0,0.0,0.0,0.0,0.0,0.0
2019-01-04,0.658554088644359,0.0,0.0,0.0,0.0,0.005273377204119088,0.03225033910043599,0.0,0.0,0.0,0.005273377204119088,0.0,0.005273377204119088,0.021541436697199053,0.0,0.0,0.02509663650830888,0.0,0.20607245038742733,0.0,0.0,0.0,0.040664917049912416,0.0,0.0,0.0,0.0,0.0,0.0,0.0,0.0,0.0,0.0,0.0,0.0
2019-01-11,0.660310385936631,0.0,0.0,0.0,0.0,0.012175447100384583,0.030031347533734487,0.0,0.0,0.0,0.014123902471637802,0.0,0.005246312711040062,0.015305171465579605,0.0,0.0,0.015305171465579605,0.0,0.21203416613791656,0.0,0.0,0.0,0.0354680951774962,0.0,0.0,0.0,0.0,0.0,0.0,0.0,0.0,0.0,0.0,0.0,0.0
2019-01-18,0.6614312884682256,0.0,0.0,0.0,0.0,0.00852149356510665,0.02882181644359441,0.0,0.0,0.0,0.01910147068302514,0.0,0.005269696527186736,0.015052513824977382,0.0,0.0,0.015052513824977382,0.0,0.21252467092650829,0.0,0.0,0.0,0.03422453573639838,0.0,0.0,0.0,0.0,0.0,0.0,0.0,0.0,0.0,0.0,0.0,0.0
2019-01-25,0.6390460287085641,0.0014960004366009892,0.0,0.0,0.0,0.056703597476123295,0.08147039034463514,0.0,0.0,0.0,0.03355635211021971,0.0,0.0,0.01013850651801903,0.0,0.0,0.0,0.0,0.09865573216981634,0.0,0.0,0.0,0.07893339223602132,0.0,0.0,0.0,0.0,0.0,0.0,0.0,0.0,0.0,0.0,0.0,0.0
2019-02-01,0.6463757825254987,0.0007462666262378797,0.0,0.0,0.0,0.052979917441278834,0.0806077483633452,0.0,0.0,0.0,0.03444818626610587,0.0,0.0,0.008690038747675176,0.0,0.0,0.0,0.0,0.09747111687284954,0.0,0.0,0.0,0.07868094315700885,0.0,0.0,0.0,0.0,0.0,0.0,0.0,0.0,0.0,0.0,0.0,0.0
2019-02-08,0.6487942625374561,0.0,0.0,0.0,0.0,0.051708586000466905,0.08056786422561574,0.0,0.0,0.0,0.04080609367656173,0.0,0.0,0.004563221952967344,0.0,0.0,0.0,0.0,0.09603121872056997,0.0,0.0,0.0,0.07752875288636224,0.0,0.0,0.0,0.0,0.0,0.0,0.0,0.0,0.0,0.0,0.0,0.0
2019-02-15,0.6504129380579895,0.0,0.0,0.0,0.0,0.0512077832192189,0.08196203050724758,0.0,0.0,0.0,0.037868364893427695,0.0,0.0,0.0035212557268817246,0.0,0.0,0.0,0.0,0.09411054902437589,0.0,0.0,0.0,0.08091707857085874,0.0,0.0,0.0,0.0,0.0,0.0,0.0,0.0,0.0,0.0,0.0,0.0
2019-02-22,0.2968381830582093,0.0,0.0,0.0,0.0,0.058891794160810064,0.16019059751693074,0.0,0.0,0.0,0.10334625369308954,0.0,0.0,0.0,0.0,0.0,0.034356138761588516,0.0,0.15766952988009453,0.0,0.0,0.0,0.15435136416768863,0.0,0.0,0.034356138761588516,0.0,0.0,0.0,0.0,0.0,0.0,0.0,0.0,0.0
2019-03-01,0.3020477674627855,0.0,0.0,0.0,0.0,0.056645546535069216,0.16026118549939392,0.0,0.0,0.0,0.10695443886857785,0.0,0.0,0.0,0.0,0.0,0.027985303185245343,0.0,0.15971618678890684,0.0,0.0,0.0,0.15840426847477582,0.0,0.0,0.027985303185245343,0.0,0.0,0.0,0.0,0.0,0.0,0.0,0.0,0.0
2019-03-08,0.28750491563358205,0.0,0.0,0.0,0.0,0.06676026361758919,0.1545521944772863,0.0,0.0,0.0,0.10075979303460873,0.0,0.0,0.0,0.0,0.0,0.04268537650131743,0.0,0.15193949078122626,0.0,0.0,0.0,0.15311258945307246,0.0,0.0,0.04268537650131743,0.0,0.0,0.0,0.0,0.0,0.0,0.0,0.0,0.0
2019-03-15,0.3007728428940266,0.0,0.0,0.0,0.0,0.05206425983160674,0.15491557976619133,0.0,0.0,0.0,0.12050185243827216,0.0,0.0,0.0,0.0,0.0,0.028677446042974144,0.0,0.15969497990087705,0.0,0.0,0.0,0.15469559308307776,0.0,0.0,0.028677446042974144,0.0,0.0,0.0,0.0,0.0,0.0,0.0,0.0,0.0
2019-03-22,0.3041089670632561,0.0,0.0,0.0,0.0,0.06365556574520606,0.1521990238242846,0.0,0.0,0.0,0.12153496855237025,0.0,0.0,0.0,0.0,0.0,0.02378260323953258,0.0,0.15736240586779038,0.0,0.0,0.0,0.1545123090172817,0.0,0.0,0.022844156690278204,0.0,0.0,0.0,0.0,0.0,0.0,0.0,0.0,0.0
2019-03-29,0.312657564354549,0.0,0.0,0.017475616723213173,0.0,0.12726013910256165,0.06014212100919872,0.0,0.0,0.008355518385289824,0.10199406773211131,0.0,0.0,0.010528636313977793,0.0,0.0,0.05014832037766957,0.0,0.11946968445532448,0.0,0.0,0.0,0.17240218942622845,0.0,0.0,0.019566142119875864,0.0,0.0,0.0,0.0,0.0,0.0,0.0,0.0,0.0
2019-04-05,0.2758569588347608,0.0,0.0,0.02359709026727947,0.0,0.08878899522149794,0.10618249949629299,0.0,0.0,0.010324462890014817,0.0858985706370695,0.0,0.0,0.012967585035568302,0.0,0.0,0.08522700343513548,0.0,0.09785221225547393,0.0,0.0,0.0,0.18429805544449135,0.0,0.0,0.029006566482415286,0.0,0.0,0.0,0.0,0.0,0.0,0.0,0.0,0.0
2019-04-12,0.31119682181896974,0.0,0.0,0.020710753806807293,0.0,0.11352088984668154,0.06613761445520766,0.0,0.0,0.0,0.1423006207412359,0.0,0.0,0.003629059969889666,0.0,0.0,0.0400361068231033,0.0,0.1276714494486768,0.0,0.0,0.0,0.1540859292826207,0.0,0.0,0.020710753806807293,0.0,0.0,0.0,0.0,0.0,0.0,0.0,0.0,0.0
2019-04-19,0.31545559984020877,0.0,0.0,0.01613503740251522,0.0,0.11341214958803429,0.05500589609362749,0.0,0.0,0.0,0.13663239582153913,0.0,0.0,0.009622110713569026,0.0,0.0,0.04457607576205065,0.0,0.12271985850296559,0.0,0.0,0.0,0.16088593288938052,0.0,0.0,0.025554943386109242,0.0,0.0,0.0,0.0,0.0,0.0,0.0,0.0,0.0
2019-04-26,0.2071015025271722,0.0,0.0,0.011143549989284077,0.0,0.012977676170024625,0.1587613317068017,0.0,0.0,0.0,0.18396570070673052,0.0,0.0,0.007765233955031428,0.0,0.0,0.03574489332035569,0.0,0.18856298502357577,0.0,0.0,0.0,0.18283357661173988,0.0,0.0,0.011143549989284077,0.0,0.0,0.0,0.0,0.0,0.0,0.0,0.0,0.0
2019-05-03,0.2066805519133822,0.0,0.0,0.010917422058463225,0.0,0.010917422058463225,0.1564919962494087,0.0,0.0,0.0,0.1792436782942896,0.0,0.0,0.009154486382112916,0.0,0.0,0.03721939954900621,0.0,0.1923685904679709,0.0,0.0,0.0,0.1846316794284474,0.0,0.0,0.01237477359845542,0.0,0.0,0.0,0.0,0.0,0.0,0.0,0.0,0.0
2019-05-10,0.20368719319563605,0.0,0.0,0.01664451002731976,0.0,0.01664451002731976,0.15348963046474798,0.0,0.0,0.0,0.16039361973103308,0.0,0.0,0.012266704678987524,0.0,0.0,0.0430536539160616,0.0,0.18238556931505243,0.0,0.0,0.0,0.18638926350036608,0.0,0.0,0.025045345143475495,0.0,0.0,0.0,0.0,0.0,0.0,0.0,0.0,0.0
2019-05-17,0.20310666764033805,0.0,0.0,0.01482213165636172,0.0,0.01482213165636172,0.15604001173934876,0.0,0.0,0.0,0.1740994762678998,0.0,0.0,0.014805796966325531,0.0,0.0,0.041223151768618085,0.0,0.16291736479739102,0.0,0.0,0.0,0.187292339250535,0.0,0.0,0.030870928256820238,0.0,0.0,0.0,0.0,0.0,0.0,0.0,0.0,0.0
2019-05-24,0.20406142763478308,0.0,0.0,0.014867024222608712,0.0,0.014867024222608712,0.1610566789615814,0.0,0.0,0.0,0.16753076279636078,0.0,0.0,0.017241308933602675,0.0,0.0,0.04019766160698314,0.0,0.16986667939368189,0.0,0.0,0.0,0.1778731204467684,0.0,0.0,0.03243831178102102,0.0,0.0,0.0,0.0,0.0,0.0,0.0,0.0,0.0
2019-05-31,0.31807885210553255,0.0,0.0,0.01828198609666463,0.0,0.01828198609666463,0.12022013918017722,0.0,0.0,0.0,0.16174693441427113,0.0,0.0,0.031191613414156487,0.0,0.0,0.06002784699507821,0.0,0.11405829195447509,0.0,0.0,0.0,0.15105176211482682,0.0,0.0,0.007060587628153249,0.0,0.0,0.0,0.0,0.0,0.0,0.0,0.0,0.0
2019-06-07,0.3221624457146173,0.0,0.0,0.014857840108355636,0.0,0.014857840108355636,0.11522856177415963,0.0,0.0,0.0,0.16889919194320402,0.0,0.0,0.030917177870447548,0.0,0.0,0.05597725241670158,0.0,0.11638647709174063,0.0,0.0,0.0,0.15229769549745029,0.0,0.0,0.008415517474967715,0.0,0.0,0.0,0.0,0.0,0.0,0.0,0.0,0.0
2019-06-14,0.3234144766104245,0.0,0.0,0.01176694294704929,0.0,0.01176694294704929,0.12081877521198306,0.0,0.0,0.0,0.1705609421571043,0.0,0.0,0.0320801032333509,0.0,0.0,0.05435238115696323,0.0,0.12204266763425516,0.0,0.0,0.0,0.15319676810182023,0.0,0.0,0.0,0.0,0.0,0.0,0.0,0.0,0.0,0.0,0.0,0.0
2019-06-21,0.3211764712043089,0.0,0.0,0.014896517490943317,0.0,0.014896517490943317,0.11690663104333904,0.0,0.0,0.0,0.16328916533249307,0.0,0.0,0.026471965464403148,0.0,0.0,0.05445128741193177,0.0,0.12659003225658844,0.0,0.0,0.0,0.16132141230504896,0.0,0.0,0.0,0.0,0.0,0.0,0.0,0.0,0.0,0.0,0.0,0.0
2019-06-28,0.2041259553342138,0.0,0.0,0.01340923294208457,0.0,0.01340923294208457,0.13461511691675757,0.0,0.0,0.0,0.19110748620715268,0.0,0.0,0.036279929363530854,0.0,0.0,0.020604279724726688,0.0,0.18755729237964353,0.0,0.0,0.0,0.18548224124772117,0.0,0.0,0.01340923294208457,0.0,0.0,0.0,0.0,0.0,0.0,0.0,0.0,0.0
2019-07-05,0.12507421271850222,0.0,0.0,0.03477733209241871,0.0,0.05266337527079547,0.10270044585316557,0.0,0.0,0.0,0.20016906179124166,0.0,0.0,0.026505551604455682,0.0,0.0,0.03477733209241871,0.0,0.19861935944055417,0.0,0.0,0.0,0.1899359970440289,0.0,0.0,0.03477733209241871,0.0,0.0,0.0,0.0,0.0,0.0,0.0,0.0,0.0
2019-07-12,0.16941461958728354,0.0,0.0,0.01894287179121927,0.0,0.042918703262319224,0.12433304253617398,0.0,0.0,0.0,0.20165389050895102,0.0,0.0,0.02776708089831338,0.0,0.0,0.029866650360115165,0.0,0.1824118274612695,0.0,0.0,0.0,0.1837484418031356,0.0,0.0,0.01894287179121927,0.0,0.0,0.0,0.0,0.0,0.0,0.0,0.0,0.0
2019-07-19,0.16370174230291915,0.0,0.0,0.022691530290649818,0.0,0.03941298958729131,0.1038914098130164,0.0,0.0,0.0,0.197558720536901,0.0,0.0,0.02516966318124279,0.0,0.0,0.03306170740975106,0.0,0.19643017148733258,0.0,0.0,0.0,0.19539053510024604,0.0,0.0,0.022691530290649818,0.0,0.0,0.0,0.0,0.0,0.0,0.0,0.0,0.0
2019-07-26,0.12747131578528675,0.0,0.0,0.02515611554485838,0.0,0.18861385868157352,0.02515611554485838,0.0,0.0,0.0,0.14276784226167394,0.0,0.0,0.012333809456162094,0.0,0.0,0.04456189752825587,0.0,0.2049062190345941,0.0,0.0,0.0,0.20387671061787846,0.0,0.0,0.02515611554485838,0.0,0.0,0.0,0.0,0.0,0.0,0.0,0.0,0.0
2019-08-02,0.17626276478700859,0.0,0.0,0.013299117679504185,0.0,0.19075258042975948,0.013299117679504185,0.0,0.0,0.0,0.16318267370301892,0.0,0.0,0.00471567239199919,0.0,0.0,0.03001455145592601,0.0,0.2014916642881639,0.0,0.0,0.0,0.19368273990561136,0.0,0.0,0.013299117679504185,0.0,0.0,0.0,0.0,0.0,0.0,0.0,0.0,0.0
2019-08-09,0.156373707519541,0.0,0.0,0.014812607601336576,0.0,0.18933039095102772,0.014812607601336576,0.0,0.0,0.0,0.1529828986629115,0.0,0.0,0.012778694639663588,0.0,0.0,0.036752082569072225,0.0,0.20839079634735871,0.0,0.0,0.0,0.1989536065064155,0.0,0.0,0.014812607601336576,0.0,0.0,0.0,0.0,0.0,0.0,0.0,0.0,0.0
2019-08-16,0.15278456053935707,0.0,0.0,0.013702562928920716,0.0,0.19940922989692514,0.013702562928920716,0.0,0.0,0.0,0.15694636861335548,0.0,0.0,0.027156707722435065,0.0,0.0,0.04471633828342696,0.0,0.18347997546877426,0.0,0.0,0.0,0.19439913068896375,0.0,0.0,0.013702562928920716,0.0,0.0,0.0,0.0,0.0,0.0,0.0,0.0,0.0
2019-08-23,0.17776966105740538,0.0,0.0,0.01536850683392829,0.0,0.18901704657922502,0.01536850683392829,0.0,0.0,0.0,0.15319432295954047,0.0,0.0,0.012027186958712528,0.0,0.0,0.0364506354199552,0.0,0.19619137499814282,0.0,0.0,0.0,0.18385364441505114,0.0,0.0,0.0207591139441109,0.0,0.0,0.0,0.0,0.0,0.0,0.0,0.0,0.0
2019-08-30,0.38318616074224715,0.0,0.0,0.0,0.0,0.15501590831589815,0.07017878787819284,0.0,0.0,0.0,0.13692624942035486,0.0,0.0,0.03177936587651981,0.0,0.0,0.037528669542172925,0.0,0.10828162206114232,0.0,0.0,0.0,0.077103236163472,0.0,0.0,0.0,0.0,0.0,0.0,0.0,0.0,0.0,0.0,0.0,0.0
2019-09-06,0.35007524297716375,0.0,0.0,0.0,0.0,0.1616768086024442,0.07501747840991585,0.0,0.0,0.0,0.14891481344945273,0.0,0.0,0.022968079886815557,0.0,0.0,0.030912438860628798,0.0,0.11622405059086363,0.0,0.0,0.0,0.09421108722271543,0.0,0.0,0.0,0.0,0.0,0.0,0.0,0.0,0.0,0.0,0.0,0.0
2019-09-13,0.39968842123340287,0.0,0.0,0.0,0.0,0.14798741696228476,0.0787848635926219,0.0,0.0,0.0,0.12344030969136528,0.0,0.0,0.022873216670894543,0.0,0.0,0.03131083050832566,0.0,0.11767963302096866,0.0,0.0,0.0,0.07823530832013648,0.0,0.0,0.0,0.0,0.0,0.0,0.0,0.0,0.0,0.0,0.0,0.0
2019-09-20,0.41304044866327855,0.0,0.0,0.0,0.0,0.1419117076856487,0.07747982230080369,0.0,0.0,0.0,0.12902933486251447,0.0,0.0,0.019409009972224597,0.0,0.0,0.0282044258438494,0.0,0.1170688712623899,0.0,0.0,0.0,0.0738563794092908,0.0,0.0,0.0,0.0,0.0,0.0,0.0,0.0,0.0,0.0,0.0,0.0
2019-09-27,0.1802205705679274,0.0,0.0,0.016784370750924378,0.0,0.19314757649458114,0.024616557740305273,0.0,0.0,0.0,0.18122945203506688,0.0,0.0,0.005388070623983947,0.0,0.0,0.02075022391642145,0.0,0.18931108291409363,0.0,0.0,0.0,0.17176772420577147,0.0,0.0,0.016784370750924378,0.0,0.0,0.0,0.0,0.0,0.0,0.0,0.0,0.0
2019-10-04,0.17398823541573388,0.0,0.0,0.020369774478615557,0.0,0.19343429954810792,0.027728241130267027,0.0,0.0,0.0,0.17332387494990598,0.0,0.0,0.0052421036805393485,0.0,0.0,0.025496079423461736,0.0,0.18841254050027822,0.0,0.0,0.0,0.17163507639447478,0.0,0.0,0.020369774478615557,0.0,0.0,0.0,0.0,0.0,0.0,0.0,0.0,0.0
2019-10-11,0.1662710271645321,0.0,0.0,0.020973651334070188,0.0,0.19300682776993772,0.028640640668184437,0.0,0.0,0.0,0.16961955014511476,0.0,0.0,0.006460536212088301,0.0,0.0,0.026257176551782776,0.0,0.19021007367966178,0.0,0.0,0.0,0.17758686514055777,0.0,0.0,0.020973651334070188,0.0,0.0,0.0,0.0,0.0,0.0,0.0,0.0,0.0
2019-10-18,0.17590659558054533,0.0,0.0,0.017746678879777357,0.0,0.20088069661739183,0.017746678879777357,0.0,0.0,0.0,0.15847335262366716,0.0,0.0,0.010811733501896332,0.0,0.0,0.029079454070455656,0.0,0.18968003080701085,0.0,0.0,0.0,0.18192810015970073,0.0,0.0,0.017746678879777357,0.0,0.0,0.0,0.0,0.0,0.0,0.0,0.0,0.0
2019-10-25,0.14738747660362864,0.0,0.0,0.01201445848360918,0.0,0.2056357882004792,0.01201445848360918,0.0,0.0,0.0,0.17572160441006274,0.0,0.0,0.008092755442313413,0.0,0.0,0.01911497056021575,0.0,0.20189250497362038,0.0,0.0,0.0,0.20611152435885227,0.0,0.0,0.01201445848360918,0.0,0.0,0.0,0.0,0.0,0.0,0.0,0.0,0.0
2019-11-01,0.114393011535319,0.0,0.0,0.010311629031724188,0.0,0.21816498427284292,0.010311629031724188,0.0,0.0,0.0,0.1749075637405489,0.0,0.0,0.002675885552673067,0.0,0.0,0.016872741862423234,0.0,0.21530248999749263,0.0,0.0,0.0,0.22674843594352773,0.0,0.0,0.010311629031724188,0.0,0.0,0.0,0.0,0.0,0.0,0.0,0.0,0.0
2019-11-08,0.15617642650892696,0.0,0.0,0.009305684028820593,0.003746683582062559,0.20291982105267967,0.013879303323140602,0.0,0.0,0.0,0.17239748709683983,0.0,0.0,0.007895248166536313,0.0,0.0,0.01563366097770294,0.0,0.20179925027345494,0.0,0.0,0.0,0.20694075096101508,0.0,0.0,0.009305684028820593,0.0,0.0,0.0,0.0,0.0,0.0,0.0,0.0,0.0
2019-11-15,0.15454950292915431,0.0,0.0,0.014537468655974321,0.011372606011365308,0.20279389143918328,0.009269615621110673,0.0,0.0,0.0,0.16052062537958459,0.0,0.0,0.011993332163793382,0.0,0.0,0.01566100363503546,0.0,0.20027258401401893,0.0,0.0,0.0017745522840331568,0.20798520224563583,0.0,0.0,0.009269615621110673,0.0,0.0,0.0,0.0,0.0,0.0,0.0,0.0,0.0
2019-11-22,0.152293120200635,0.0,0.0,0.015172333340567824,0.010699901076326668,0.20143546056168893,0.009219592292901719,0.0,0.0,0.0,0.15319304110836685,0.0,0.0,0.01901709435888518,0.0,0.0,0.02024139486336784,0.0,0.19499955117733553,0.0,0.0,0.0020004797275312296,0.2125084389994915,0.0,0.0,0.009219592292901719,0.0,0.0,0.0,0.0,0.0,0.0,0.0,0.0,0.0
2019-11-29,0.0,0.0,0.0,0.015071034691909398,0.011797040358741153,0.23639638127668836,0.010696727621922586,0.0,0.0,0.0,0.15892779123805548,0.0,0.0,0.05415678068831762,0.0,0.0,0.03137413616435161,0.0,0.223225657731091,0.0,0.0,0.0,0.2476577226070002,0.0,0.0,0.010696727621922586,0.0,0.0,0.0,0.0,0.0,0.0,0.0,0.0,0.0
2019-12-06,0.0,0.0,0.0,0.017842563485018614,0.018893154019666313,0.23931531477565024,0.010973806586213128,0.0,0.0,0.0,0.16838053724147173,0.0,0.0,0.04077463972479667,0.0,0.0,0.027106889982986132,0.0,0.22083637187914182,0.0,0.0,0.0,0.24490291571884218,0.0,0.0,0.010973806586213128,0.0,0.0,0.0,0.0,0.0,0.0,0.0,0.0,0.0
2019-12-13,0.0,0.0,0.0,0.026450279601250504,0.024629028092161068,0.22209185267667944,0.010850874898168897,0.0,0.0,0.007108887640999372,0.16568548427499846,0.0,0.0,0.03856614076114953,0.0,0.0,0.03250541624614846,0.0,0.22209185267667944,0.0,0.0,0.011590314449738787,0.22209185267667944,0.0,0.0,0.01633801600534652,0.0,0.0,0.0,0.0,0.0,0.0,0.0,0.0,0.0
2019-12-20,0.0,0.0,0.0,0.020344608005641817,0.02593673484363357,0.21794928054905258,0.013325305033919653,0.0,0.0,0.0,0.16619124925197415,0.0,0.0,0.03961356697896429,0.0,0.0,0.04060452501740853,0.0,0.21911299809188844,0.0,0.0,0.011664560130249992,0.23193186706334726,0.0,0.0,0.013325305033919653,0.0,0.0,0.0,0.0,0.0,0.0,0.0,0.0,0.0
2019-12-27,0.0,0.0,0.0,0.21285310783037656,0.038004786455734005,0.16712207571763962,0.01241861129826898,0.0,0.0,0.011405549529583465,0.15470346441937063,0.0,0.01241861129826898,0.05509769716639986,0.0,0.0,0.08945106081055239,0.0,0.17703339080685257,0.0,0.0,0.008255718143674002,0.0488173152250101,0.0,0.0,0.01241861129826898,0.0,0.0,0.0,0.0,0.0,0.0,0.0,0.0,0.0
2020-01-03,0.0,0.0,0.0,0.18132498461588725,0.02180805390934756,0.12191623631378218,0.024805604175055236,0.0,0.0,0.015481832444027942,0.09711063213872694,0.0,0.024805604175055236,0.0734929010078335,0.0,0.0,0.14383241917778267,0.0,0.15386263716547396,0.0,0.0,0.0024745133199619036,0.11427897738201045,0.0,0.0,0.024805604175055236,0.0,0.0,0.0,0.0,0.0,0.0,0.0,0.0,0.0
2020-01-10,0.0,0.0,0.0,0.21306644811780917,0.02737405121767609,0.16266739012430986,0.017610195664253987,0.0,0.0,0.009721593858183369,0.14505719446005588,0.0,0.017610195664253987,0.04296509251624973,0.0,0.0,0.09684562927683199,0.0,0.17338283597870818,0.0,0.0,0.006028588764406986,0.07006058869300674,0.0,0.0,0.017610195664253987,0.0,0.0,0.0,0.0,0.0,0.0,0.0,0.0,0.0
2020-01-17,0.0,0.0,0.0,0.22112772224569605,0.03191103700444044,0.16482506024882954,0.011514824253121256,0.0,0.0,0.0060564162175197524,0.15331023599570828,0.0,0.011514824253121256,0.04656175904119914,0.0,0.0,0.09309656392094867,0.0,0.18002211559893516,0.0,0.0,0.010974352989108786,0.05757026397825042,0.0,0.0,0.011514824253121256,0.0,0.0,0.0,0.0,0.0,0.0,0.0,0.0,0.0
2020-01-24,0.0,0.0,0.0,0.21428723645220918,0.026149540473394007,0.16309192438678022,0.012641830567917425,0.0,0.0,0.012002097904811285,0.1504500938188628,0.0,0.012641830567917425,0.04932511830913716,0.0,0.0,0.09470539350331902,0.0,0.1759277450166527,0.0,0.0,0.010761227942028221,0.06390402078578779,0.0,0.0,0.014111940271182741,0.0,0.0,0.0,0.0,0.0,0.0,0.0,0.0,0.0
2020-01-31,0.07162851756499923,0.0,0.0,0.08465661225424986,0.10683271952084457,0.04688401558871771,0.021262940005609125,0.0,0.0,0.0033879981426297784,0.053721388173749426,0.0,0.0,0.12321790642170809,0.0,0.0,0.19129608722998462,0.0,0.12634669800272721,0.0,0.0,0.03367637448099284,0.1158258026081784,0.0,0.0,0.021262940005609125,0.0,0.0,0.0,0.0,0.0,0.0,0.0,0.0,0.0
2020-02-07,0.0695548328847998,0.0,0.0,0.07338339034172361,0.11008349437529702,0.0820504969283314,0.021217265678123765,0.0,0.0,0.0,0.05216612466359985,0.0,0.0,0.15231426296119902,0.0,0.0,0.19225690589185132,0.0,0.10324526386831315,0.0,0.0,0.01741592645328504,0.0915805824631254,0.0,0.0,0.03473145349035049,0.0,0.0,0.0,0.0,0.0,0.0,0.0,0.0,0.0
2020-02-14,0.06892872548622578,0.0,0.0,0.0705988006368759,0.10786622860184449,0.054197101467753674,0.018902256522206562,0.0,0.0,0.0,0.051696544114669334,0.0,0.0,0.13778806176776157,0.0,0.0,0.19332677083008065,0.0,0.10939032593519565,0.0,0.0,0.028206893787190497,0.09738030133946188,0.0,0.0,0.06171798951073388,0.0,0.0,0.0,0.0,0.0,0.0,0.0,0.0,0.0
2020-02-21,0.06878632594566192,0.0,0.0,0.07204702277287134,0.10581139804537311,0.02604883881009664,0.020457278313624896,0.0,0.0,0.009123903644707573,0.05158974445924644,0.0,0.0,0.14247983434865003,0.0,0.0,0.18065426776563498,0.0,0.11129281674906238,0.0,0.0,0.03313241125615088,0.0992042485811194,0.0,0.0,0.07937190930780035,0.0,0.0,0.0,0.0,0.0,0.0,0.0,0.0,0.0
2020-02-28,0.34681296473209944,0.0,0.0,0.033890133018437615,0.0,0.12696499896279895,0.01412684930450115,0.0,0.0,0.0,0.0,0.0,0.0,0.11183769045439702,0.0,0.0,0.13158372421179845,0.0,0.05449780003871468,0.0,0.0,0.05109788799986251,0.020745283612523938,0.0,0.0,0.10844266766486596,0.0,0.0,0.0,0.0,0.0,0.0,0.0,0.0,0.0
2020-03-06,0.34633344047445885,0.0,0.0,0.032030202744854026,0.0,0.1394458985610006,0.012331470373292254,0.0,0.0,0.0,0.01141921059389554,0.0,0.0,0.12183354667005275,0.0,0.0,0.12963315902065553,0.0,0.07909726781166247,0.0,0.0,0.046371976281425906,0.022800380813983688,0.0,0.0,0.05870344665471816,0.0,0.0,0.0,0.0,0.0,0.0,0.0,0.0,0.0
2020-03-13,0.35307128478728045,0.0,0.0,0.048060749291616925,0.0,0.11268767274458644,0.027454999416406087,0.0,0.0,0.004414425128342187,0.0,0.0,0.0,0.0960533481160726,0.0,0.0,0.12982737582477494,0.0,0.06334193233333667,0.0,0.0,0.049986297948554234,0.03766061704406904,0.0,0.0,0.07744129736496033,0.0,0.0,0.0,0.0,0.0,0.0,0.0,0.0,0.0
2020-03-20,0.40641424904334733,0.0,0.0,0.04408406504653101,0.0,0.11205782013017809,0.01629753152146502,0.0,0.0,0.0024878220832261684,0.0,0.0,0.0,0.09208086933221661,0.0,0.0,0.10167583477291352,0.0,0.06365376674735883,0.0,0.0,0.05049070890590869,0.04396909198948102,0.0,0.0,0.0667882404273737,0.0,0.0,0.0,0.0,0.0,0.0,0.0,0.0,0.0
2020-03-27,0.7255727514852709,0.0,0.0,0.016904024238401844,0.0,0.05830733670889196,0.0,0.0,0.0,0.0007771907564833053,0.016904024238401844,0.0,0.0,0.035924274300882436,0.0,0.0,0.03217893486295374,0.0,0.07915506673747874,0.0,0.0,0.016904024238401844,0.017372372432833374,0.0,0.0,0.0,0.0,0.0,0.0,0.0,0.0,0.0,0.0,0.0,0.0
2020-04-03,0.7427434598855558,0.0,0.0,0.019215465753824802,0.0,0.05989804973853503,0.0029938271306024266,0.0,0.0,0.0,0.02922322392085985,0.0,0.0,0.020398326320716652,0.0,0.0,0.02382954064006166,0.0,0.07881425528553711,0.0,0.0,0.019215465753824802,0.0036683855704819123,0.0,0.0,0.0,0.0,0.0,0.0,0.0,0.0,0.0,0.0,0.0,0.0
2020-04-10,0.7537084261262288,0.0,0.0,0.020691518901607704,0.0,0.05750988309486349,0.0,0.0,0.0,0.0,0.026687693623680078,0.0,0.0,0.017789261341797005,0.0,0.0,0.026148097132763545,0.0,0.0706918439256694,0.0,0.0,0.020691518901607704,0.0060817569517822995,0.0,0.0,0.0,0.0,0.0,0.0,0.0,0.0,0.0,0.0,0.0,0.0
2020-04-17,0.6775772785834802,0.0,0.0,0.010443095193930003,0.0,0.06593006468661283,0.0015082044484963297,0.0,0.0,0.0,0.021739863862650817,0.0,0.0,0.027186907220273296,0.0,0.0,0.02933138529851948,0.0,0.14376730404877164,0.0,0.0,0.010443095193930003,0.01207280146333548,0.0,0.0,0.0,0.0,0.0,0.0,0.0,0.0,0.0,0.0,0.0,0.0
2020-04-24,0.7148847619587385,0.020687347999881856,0.0,0.0,0.0,0.08521860181018512,0.01653927604647742,0.0,0.0,0.0,0.0418069814587939,0.0,0.0,0.02399053184421878,0.0,0.0,0.0,0.0,0.09687249888170431,0.0,0.0,0.0,0.0,0.0,0.0,0.0,0.0,0.0,0.0,0.0,0.0,0.0,0.0,0.0,0.0
2020-05-01,0.7629240998935922,0.0,0.0,0.0,0.0006303637558491907,0.0766726342216106,0.022357613494224833,0.0,0.0,0.0,0.03978046181750969,0.0,0.0,0.017474987724499402,0.0,0.0,0.0,0.0,0.08015983909271411,0.0,0.0,0.0,0.0,0.0,0.0,0.0,0.0,0.0,0.0,0.0,0.0,0.0,0.0,0.0,0.0
2020-05-08,0.7650331562927957,0.0,0.0,0.0,0.0,0.07915396334366498,0.022180986493736933,0.0,0.0,0.0,0.03642156706275055,0.0,0.0,0.013415151073384618,0.0,0.0,0.0,0.0,0.08379517573366727,0.0,0.0,0.0,0.0,0.0,0.0,0.0,0.0,0.0,0.0,0.0,0.0,0.0,0.0,0.0,0.0
2020-05-15,0.7390530219017808,0.0,0.0,0.0,0.0,0.09261791365684072,0.0186458966830388,0.0,0.0,0.0,0.03964806989926362,0.0,0.0,0.0146604433028357,0.0,0.0,0.0,0.0,0.09537465455624042,0.0,0.0,0.0,0.0,0.0,0.0,0.0,0.0,0.0,0.0,0.0,0.0,0.0,0.0,0.0,0.0
2020-05-22,0.7374179117191816,0.0,0.0,0.0,0.0,0.09439810983830114,0.016997051319425756,0.0,0.0,0.0,0.03518551072027054,0.0,0.0,0.019478075535345717,0.0,0.0,0.0,0.0,0.09652334086747517,0.0,0.0,0.0,0.0,0.0,0.0,0.0,0.0,0.0,0.0,0.0,0.0,0.0,0.0,0.0,0.0
2020-05-29,0.6511245615472474,0.0,0.0,0.0,0.0,0.10865394963287013,0.038343421160435515,0.0,0.0,0.0,0.07517677972890095,0.0,0.0,0.015078015085130247,0.0,0.0,0.000808316083134937,0.0,0.11081495676228079,0.0,0.0,0.0,0.0,0.0,0.0,0.0,0.0,0.0,0.0,0.0,0.0,0.0,0.0,0.0,0.0
2020-06-05,0.6470542301560531,0.0,0.0,0.0,0.0,0.11227508097001226,0.03529067261703979,0.0,0.0,0.0,0.07174598045422789,0.0,0.0,0.017964830963349405,0.0,0.0,0.0010339338546632288,0.0,0.1146352709846543,0.0,0.0,0.0,0.0,0.0,0.0,0.0,0.0,0.0,0.0,0.0,0.0,0.0,0.0,0.0,0.0
2020-06-12,0.6471060597184863,0.0,0.0,0.0,0.0,0.10975981315030366,0.03532954478886467,0.0,0.0,0.0,0.07434495021880891,0.0,0.0,0.019477226697489823,0.0,0.0,0.0008820683018326207,0.0,0.11310033712421402,0.0,0.0,0.0,0.0,0.0,0.0,0.0,0.0,0.0,0.0,0.0,0.0,0.0,0.0,0.0,0.0
2020-06-19,0.6529077169342955,0.0,0.0,0.0,0.0,0.10692620796594664,0.039680787700721656,0.0,0.0,0.0,0.07469207075940125,0.0,0.0,0.016602350386319627,0.0,0.0,0.0004144035136909991,0.0,0.10877646273962421,0.0,0.0,0.0,0.0,0.0,0.0,0.0,0.0,0.0,0.0,0.0,0.0,0.0,0.0,0.0,0.0
2020-06-26,0.6553212195963373,0.0,0.0,0.0,0.0,0.09111180603363847,0.013142600474352933,0.0,0.0,0.0,0.07369199321507945,0.0,0.0,0.05827165288557046,0.0,0.0,0.015422602636718871,0.0,0.09303812515830256,0.0,0.0,0.0,0.0,0.0,0.0,0.0,0.0,0.0,0.0,0.0,0.0,0.0,0.0,0.0,0.0
2020-07-03,0.6277307145085651,0.0,0.0,0.0,0.0,0.10091353951076759,0.020668774197612868,0.0,0.0,0.0,0.07253958763115884,0.0,0.0,0.05360073995451144,0.0,0.0,0.023978739734812776,0.0,0.1005679044625713,0.0,0.0,0.0,0.0,0.0,0.0,0.0,0.0,0.0,0.0,0.0,0.0,0.0,0.0,0.0,0.0
2020-07-10,0.6274608665908196,0.0,0.0,0.0,0.0026552942730165893,0.0988546357331261,0.018879265269964328,0.0,0.0,0.001944697724836842,0.07564708387153303,0.0,0.0,0.05102670517731477,0.0,0.0,0.02465194167563666,0.0,0.09834934438978372,0.0,0.0,0.0005301652939685233,0.0,0.0,0.0,0.0,0.0,0.0,0.0,0.0,0.0,0.0,0.0,0.0,0.0
2020-07-17,0.626834141991463,0.0,0.0,0.0,0.0014100037825400013,0.101246171458374,0.018596668290657443,0.0,0.0,0.0,0.07621746776804708,0.0,0.0,0.05142296498561247,0.0,0.0,0.020271140216920107,0.0,0.10400144150638589,0.0,0.0,0.0,0.0,0.0,0.0,0.0,0.0,0.0,0.0,0.0,0.0,0.0,0.0,0.0,0.0
2020-07-24,0.6259099156684291,0.0,0.0,0.0,0.0013529997866652981,0.10156461266684448,0.017333618032436708,0.0,0.0,0.0,0.08000346564553364,0.0,0.0,0.048751830702357696,0.0,0.0,0.019477593626497793,0.0,0.10560596387123529,0.0,0.0,0.0,0.0,0.0,0.0,0.0,0.0,0.0,0.0,0.0,0.0,0.0,0.0,0.0,0.0
2020-07-31,0.09150477236188809,0.0,0.0,0.019838978931828247,0.051328054916466886,0.23325296921012306,0.019838978931828247,0.0,0.0,0.0,0.1545559189066646,0.0,0.0,0.14272121021249612,0.0,0.0,0.021219385613036303,0.0,0.2459007519838401,0.0,0.0,0.0,0.0,0.0,0.0,0.019838978931828247,0.0,0.0,0.0,0.0,0.0,0.0,0.0,0.0,0.0
2020-08-07,0.09139616380162432,0.0,0.0,0.019699292726811875,0.04602075182218854,0.23490782501969842,0.019699292726811875,0.0,0.0,0.0,0.151449801765831,0.0,0.0,0.1462807938333397,0.0,0.0,0.027300671414334638,0.0,0.23617306074346067,0.0,0.0,0.0,0.0,0.0,0.0,0.027072346145898797,0.0,0.0,0.0,0.0,0.0,0.0,0.0,0.0,0.0
2020-08-14,0.09149772432903701,0.0,0.0,0.016054827865218647,0.046096922217748054,0.23215130603298129,0.016054827865218647,0.0,0.0,0.0,0.16118302254379016,0.0,0.0,0.1534677689192138,0.0,0.0,0.01935398155336095,0.0,0.23873724051390657,0.0,0.0,0.0,0.0,0.0,0.0,0.02540237815952475,0.0,0.0,0.0,0.0,0.0,0.0,0.0,0.0,0.0
2020-08-21,0.09188328771065618,0.0,0.0,0.012805383797003786,0.04638609475396243,0.23602707392261102,0.012805383797003786,0.0,0.0,0.0,0.15957633822696848,0.0,0.0,0.16366440906925658,0.0,0.0,0.01749005438058726,0.0,0.23707094615307156,0.0,0.0,0.0,0.0,0.0,0.0,0.022291028188878834,0.0,0.0,0.0,0.0,0.0,0.0,0.0,0.0,0.0
2020-08-28,0.06331736418774332,0.0,0.0,0.01361842604167934,0.0,0.24500044254686013,0.01361842604167934,0.0,0.0,0.0,0.0943520959192744,0.0,0.0,0.1719003649811307,0.0,0.0,0.07433371662304393,0.0,0.24074413374273568,0.0,0.0,0.0,0.0,0.0,0.0,0.08311502991585318,0.0,0.0,0.0,0.0,0.0,0.0,0.0,0.0,0.0
2020-09-04,0.06331736418774332,0.0,0.0,0.012615145462458024,0.0,0.2444895380544106,0.012615145462458024,0.0,0.0,0.0,0.09049538818873788,0.0,0.0,0.16750298921343992,0.0,0.0,0.08243952461374014,0.0,0.2445639223755396,0.0,0.0,0.0,0.0,0.0,0.0,0.08196098244147254,0.0,0.0,0.0,0.0,0.0,0.0,0.0,0.0,0.0
2020-09-11,0.06331736418774332,0.0,0.0,0.011165844417068013,0.0,0.24921339681918347,0.011165844417068013,0.0,0.0,0.0,0.07609522111284758,0.0,0.0,0.16681495781457892,0.0,0.0,0.08140399331057367,0.0,0.24418888163842484,0.0,0.0,0.0,0.0,0.0,0.0,0.09663449628251225,0.0,0.0,0.0,0.0,0.0,0.0,0.0,0.0,0.0
2020-09-18,0.06331736418774332,0.0,0.0,0.014206764821694752,0.0,0.24464271831350098,0.014206764821694752,0.0,0.0,0.004677842120224735,0.0824540991777169,0.0,0.0,0.16594973039686084,0.0,0.0,0.08869408282725424,0.0,0.23807579543574747,0.0,0.0,0.0,0.0,0.0,0.0,0.08377483789756196,0.0,0.0,0.0,0.0,0.0,0.0,0.0,0.0,0.0
2020-09-25,0.12252990896365346,0.0,0.0,0.007771790794725436,0.0,0.2282084152500978,0.007771790794725436,0.0,0.0,0.0008326671466326739,0.00455704182790184,0.0,0.007771790794725436,0.16057716637459937,0.0,0.0,0.1625794669308785,0.0,0.22046063897436094,0.0,0.0,0.0,0.0,0.0,0.0,0.07693932214769918,0.0,0.0,0.0,0.0,0.0,0.0,0.0,0.0,0.0
2020-10-02,0.11157364030458358,0.0,0.0,0.009780877560913004,0.0,0.22882164664686364,0.009780877560913004,0.0,0.0,0.0023027944270860843,0.0,0.0,0.009780877560913004,0.17101511756528595,0.0,0.0,0.17268789919796482,0.0,0.21210344705356846,0.0,0.0,0.0027047851478777273,0.0,0.0,0.0,0.06944803697403075,0.0,0.0,0.0,0.0,0.0,0.0,0.0,0.0,0.0
2020-10-09,0.11319528891939495,0.0,0.0,0.012301442963229405,0.0,0.22650650899702085,0.012301442963229405,0.0,0.0,0.0025187188300415564,0.0,0.0,0.012301442963229405,0.162212010819424,0.0,0.0,0.17287318851380198,0.0,0.2147015451999823,0.0,0.0,0.0013905341462547287,0.0,0.0,0.0,0.06969787568439127,0.0,0.0,0.0,0.0,0.0,0.0,0.0,0.0,0.0
2020-10-16,0.11701783244293887,0.0,0.0,0.011419788259857306,0.0,0.22543444307863697,0.011419788259857306,0.0,0.0,0.0,0.0,0.0,0.011419788259857306,0.16541293433535442,0.0,0.0,0.16693356291296127,0.0,0.22460107699374887,0.0,0.0,0.0,0.0,0.0,0.0,0.06634078545678755,0.0,0.0,0.0,0.0,0.0,0.0,0.0,0.0,0.0
2020-10-23,0.11419380568990772,0.0,0.0,0.011880220527218812,0.0030491881546467936,0.22302325141978863,0.011880220527218812,0.0,0.0,0.0,0.0,0.0,0.011880220527218812,0.17098044800042,0.0,0.0,0.16470136093818727,0.0,0.21967976260333122,0.0,0.0,0.0,0.0,0.0,0.0,0.06873152161206195,0.0,0.0,0.0,0.0,0.0,0.0,0.0,0.0,0.0
2020-10-30,0.11122969528174056,0.0,0.0,0.009511582082455273,0.059749695229794474,0.22156830338457656,0.009511582082455273,0.0,0.0,0.0,0.003985451426541474,0.0,0.009511582082455273,0.1785316457940705,0.0,0.0,0.164657029478268,0.0,0.16299611460865598,0.0,0.0,0.0,0.009511582082455273,0.0,0.0,0.05923573646653141,0.0,0.0,0.0,0.0,0.0,0.0,0.0,0.0,0.0
2020-11-06,0.14111614965694008,0.0,0.0,0.008445510556671774,0.0760119276945565,0.22186174940778897,0.008445510556671774,0.0,0.0,0.0,0.0,0.0,0.008445510556671774,0.1601400807057001,0.0,0.0,0.14408258424391984,0.0,0.18281890839409634,0.0,0.0,0.0,0.008445510556671774,0.0,0.0,0.04018655767031109,0.0,0.0,0.0,0.0,0.0,0.0,0.0,0.0,0.0
2020-11-13,0.12975091599919533,0.0,0.0,0.00824621447410779,0.06327953001661366,0.2251180590101648,0.00824621447410779,0.0,0.0,0.0015990900278693861,0.0,0.0,0.00824621447410779,0.16506127610651777,0.0,0.0,0.15690665045685565,0.0,0.1783891219744415,0.0,0.0,0.0,0.00824621447410779,0.0,0.0,0.04691049851191083,0.0,0.0,0.0,0.0,0.0,0.0,0.0,0.0,0.0
2020-11-20,0.13209531609819383,0.0,0.0,0.008138335615607725,0.06503783009086253,0.22033796218815868,0.008138335615607725,0.0,0.0,0.0017902050923247722,0.0,0.0,0.008138335615607725,0.1763615115456619,0.0,0.0,0.15015262418149444,0.0,0.16784797833548085,0.0,0.0,0.0,0.008138335615607725,0.0,0.0,0.05382323000539215,0.0,0.0,0.0,0.0,0.0,0.0,0.0,0.0,0.0
2020-11-27,0.17216262902377774,0.0,0.0,0.00768716347734217,0.002319305072285479,0.20596446272802174,0.00768716347734217,0.0,0.0,0.0021345050605205843,0.0,0.0,0.00768716347734217,0.17739045200398004,0.0,0.0,0.11799533000732337,0.0,0.1548864979277785,0.0,0.0,0.0,0.00768716347734217,0.0,0.0,0.136398164266944,0.0,0.0,0.0,0.0,0.0,0.0,0.0,0.0,0.0
2020-12-04,0.13945771955468564,0.0,0.0,0.009515532365584967,0.007938860420440544,0.21528194068987871,0.009515532365584967,0.0,0.0,0.0,0.003932934467717652,0.0,0.009515532365584967,0.16521049462367757,0.0,0.0,0.15163031915915107,0.0,0.15333418359053227,0.0,0.0,0.0,0.009515532365584967,0.0,0.0,0.1251514180315768,0.0,0.0,0.0,0.0,0.0,0.0,0.0,0.0,0.0
2020-12-11,0.13798721772866984,0.0,0.0,0.007969105630248169,0.009588701592052213,0.21392272092849027,0.007969105630248169,0.0,0.0,0.004035505088273696,0.0,0.0,0.007969105630248169,0.17166621434634946,0.0,0.0,0.15347746200205375,0.0,0.14511683172983492,0.0,0.0,0.0013729233871391782,0.007969105630248169,0.0,0.0,0.13095600067614407,0.0,0.0,0.0,0.0,0.0,0.0,0.0,0.0,0.0
2020-12-18,0.15177639278555496,0.0,0.0,0.011568941065619346,0.010316583094099368,0.20002570462844985,0.00792191473975438,0.0,0.0,0.009946741150403322,0.0,0.0,0.00792191473975438,0.1658390020545979,0.0,0.0,0.14068151066137496,0.0,0.15530585757718748,0.0,0.0,0.004928667939069548,0.00792191473975438,0.0,0.0,0.12584485482437996,0.0,0.0,0.0,0.0,0.0,0.0,0.0,0.0,0.0
2020-12-25,0.119668489288026,0.0,0.0,0.01677261222865887,0.008276622610267464,0.2017499800476875,0.009406993407649928,0.0,0.0,0.013569935030892677,0.0,0.0,0.009406993407649928,0.17641245316164242,0.0,0.0,0.1698440596890477,0.0,0.07714218264045886,0.0,0.0,0.00900008425429778,0.009406993407649928,0.0,0.0,0.179342600826071,0.0,0.0,0.0,0.0,0.0,0.0,0.0,0.0,0.0
2021-01-01,0.12589244579833903,0.0,0.0,0.0181113735709193,0.01003889103963854,0.18935907424764242,0.012655897144175345,0.0,0.0,0.02286235835193075,0.0,0.0,0.012655897144175345,0.17895993977446312,0.0,0.0,0.15564376921715994,0.0,0.06859569025991596,0.0,0.0,0.009263669934320313,0.012655897144175345,0.0,0.0,0.18330509637314457,0.0,0.0,0.0,0.0,0.0,0.0,0.0,0.0,0.0
2021-01-08,0.1376467726250005,0.0,0.0,0.016204452545903008,0.007791643484957896,0.19173392849883905,0.012017121550973323,0.0,0.0,0.017560555859171188,0.0,0.0,0.012017121550973323,0.17967944684588677,0.0,0.0,0.14635791062314518,0.0,0.075250915456281,0.0,0.0,0.007074454880221271,0.012017121550973323,0.0,0.0,0.18464855452767412,0.0,0.0,0.0,0.0,0.0,0.0,0.0,0.0,0.0
2021-01-15,0.13646470823801626,0.0,0.0,0.0175506956153397,0.014811043502294065,0.18952189997256996,0.011480192024674282,0.0,0.0,0.019541514682756844,0.0,0.0,0.011480192024674282,0.17743046227853482,0.0,0.0,0.1443097375127551,0.0,0.07488145188364688,0.0,0.0,0.007658430635688883,0.011480192024674282,0.0,0.0,0.18338947960437457,0.0,0.0,0.0,0.0,0.0,0.0,0.0,0.0,0.0
2021-01-22,0.14260233962084404,0.0,0.0,0.01758114276054802,0.014522812985960839,0.1896646137958007,0.012415768418748084,0.0,0.0,0.01667112761693572,0.0,0.0,0.012415768418748084,0.17473469511573952,0.0,0.0,0.13694858047541322,0.0,0.07825639536246154,0.0,0.0,0.007811708448123278,0.012415768418748084,0.0,0.0,0.18395927856192873,0.0,0.0,0.0,0.0,0.0,0.0,0.0,0.0,0.0
2021-01-29,0.12193672017834785,0.0,0.0,0.019338324759135047,0.15232318678519968,0.03270957476364575,0.012414994797523803,0.0,0.0,0.11583140683418047,0.06266558869253876,0.0,0.014367012747471026,0.17717054234739393,0.0,0.0,0.060990064920073486,0.0,0.0,0.0,0.0,0.012084122662777738,0.012414994797523803,0.0,0.0,0.20575346571418862,0.0,0.0,0.0,0.0,0.0,0.0,0.0,0.0,0.0
2021-02-05,0.12358909808214585,0.0,0.0,0.01853054104301616,0.1567234498730144,0.03227678899170193,0.012119463948961481,0.0,0.0,0.11452714460044669,0.06390487212038726,0.0,0.012119463948961481,0.17846817970084267,0.0,0.0,0.060682504642788605,0.0,0.0,0.0,0.0,0.009570534292858734,0.012119463948961481,0.0,0.0,0.20536849480591324,0.0,0.0,0.0,0.0,0.0,0.0,0.0,0.0,0.0
2021-02-12,0.12220088278072846,0.0,0.0,0.0189301998666595,0.15023155871786906,0.03551106522509635,0.01304692646062724,0.0,0.0,0.1128695739037848,0.06286371064432422,0.0,0.015570431931405435,0.17382261437494614,0.0,0.0,0.06183789079159003,0.0,0.0,0.0,0.0,0.009365225984747254,0.01304692646062724,0.0,0.0,0.21070299285759414,0.0,0.0,0.0,0.0,0.0,0.0,0.0,0.0,0.0
2021-02-19,0.12723186407930293,0.0,0.0,0.019687640320210642,0.15574481645150784,0.03137742788176317,0.012405687210686245,0.0,0.0,0.11018847959122713,0.06663694661825506,0.0,0.015521054375897849,0.17442534833405304,0.0,0.0,0.05544800635660965,0.0,0.0,0.0,0.0,0.008693647663940249,0.012405687210686245,0.0,0.0,0.2102333939058599,0.0,0.0,0.0,0.0,0.0,0.0,0.0,0.0,0.0
2021-02-26,0.10962845743896923,0.0,0.0,0.10263152565988334,0.1693922810019482,0.0,0.01912852255228375,0.0,0.0,0.11694927830479336,0.0,0.0,0.01912852255228375,0.11571663620102321,0.0,0.0,0.049157927107709415,0.0,0.0,0.0,0.0,0.06476769935514318,0.01912852255228375,0.0,0.0,0.21437062727367875,0.0,0.0,0.0,0.0,0.0,0.0,0.0,0.0,0.0
2021-03-05,0.11162847381547,0.0,0.0,0.10092601174053116,0.17198357601027633,0.0,0.016197938797142736,0.0,0.0,0.11864672741849548,0.0,0.0,0.02118303047348948,0.11714410922549383,0.0,0.0,0.047693985470529374,0.0,0.0,0.0,0.0,0.0671095602231071,0.016197938797142736,0.0,0.0,0.2112886480283217,0.0,0.0,0.0,0.0,0.0,0.0,0.0,0.0,0.0
2021-03-12,0.1618962752446571,0.0,0.0,0.12968287552760235,0.16783295279046653,0.0,0.01581391667912114,0.0,0.0,0.075019014240372,0.0,0.0,0.020491487294187753,0.0755363819421982,0.0,0.0,0.03892064344400684,0.0,0.0,0.0,0.0,0.0976546205983797,0.01581391667912114,0.0,0.0,0.2013379155598873,0.0,0.0,0.0,0.0,0.0,0.0,0.0,0.0,0.0
2021-03-19,0.1645486613269813,0.0,0.0,0.1309941739587112,0.1678444129784086,0.0,0.009907810324621208,0.0,0.0,0.07749048939478834,0.0,0.0,0.014560035245707488,0.0765016875742711,0.0,0.0,0.03779073886083481,0.0,0.0,0.0,0.0,0.10336149069895578,0.009907810324621208,0.0,0.0,0.20709268931209904,0.0,0.0,0.0,0.0,0.0,0.0,0.0,0.0,0.0
2021-03-26,0.13619704346963357,0.0,0.0,0.06020527416593749,0.13397589472070803,0.0,0.012395047874513794,0.0,0.0,0.16453680846913252,0.0,0.0,0.013833785088315991,0.1602340735525829,0.0,0.0,0.06293922988707745,0.0,0.0,0.0,0.0,0.02200542197371866,0.012395047874513794,0.0,0.0,0.22128237292386577,0.0,0.0,0.0,0.0,0.0,0.0,0.0,0.0,0.0
2021-04-02,0.13595972627193925,0.0,0.0,0.058652183520286075,0.13057518629876302,0.0,0.013444782025140089,0.0,0.0,0.16258197824325063,0.0,0.0,0.031921821163758614,0.15424134618914453,0.0,0.0,0.06116721450576013,0.0,0.0,0.0,0.0,0.01887277593603919,0.013444782025140089,0.0,0.0,0.21913820382077848,0.0,0.0,0.0,0.0,0.0,0.0,0.0,0.0,0.0
2021-04-09,0.08237720505917061,0.0,0.0,0.07872646041049843,0.0974308816157332,0.0,0.011855036924761336,0.0,0.0,0.16242946398186803,0.0,0.0,0.03316763770188613,0.15044598566040712,0.0,0.0,0.08145890534048512,0.0,0.0,0.0,0.0,0.057368125912509824,0.011855036924761336,0.0,0.0,0.23288526046791874,0.0,0.0,0.0,0.0,0.0,0.0,0.0,0.0,0.0
2021-04-16,0.08425629416682659,0.0,0.0,0.07346707885406448,0.10587939223571166,0.0,0.012966825227329316,0.0,0.0,0.16573996013088713,0.0,0.0,0.03325754047025793,0.1519043057748494,0.0,0.0,0.07612311282306847,0.0,0.0,0.0,0.0,0.05242333709863873,0.012966825227329316,0.0,0.0,0.23101532799103683,0.0,0.0,0.0,0.0,0.0,0.0,0.0,0.0,0.0
2021-04-23,0.10905476692225147,0.0,0.0,0.0627989240675495,0.12933877588314738,0.0,0.010531050493579245,0.0,0.0,0.17037985723930021,0.0,0.0,0.024990100390680725,0.15706964243213126,0.0,0.0,0.060693099918823976,0.0,0.0,0.0,0.0,0.0430171463287042,0.010531050493579245,0.0,0.0,0.2215955858302528,0.0,0.0,0.0,0.0,0.0,0.0,0.0,0.0,0.0
2021-04-30,0.11109436316049291,0.08332077237036968,0.0,0.02288310267881228,0.003313335196836971,0.0,0.0185878937807214,0.0,0.0,0.14840663161825043,0.0,0.0,0.22778747552474535,0.027844026650608096,0.0,0.0,0.081425178441716,0.0,0.0,0.0,0.0,0.03682665033448537,0.026310178822854437,0.0,0.0,0.21220039142010713,0.0,0.0,0.0,0.0,0.0,0.0,0.0,0.0,0.0
2021-05-07,0.13213039954768696,0.09909779966076522,0.0,0.023134232544478363,0.0,0.0,0.017353256333167446,0.0,0.0,0.16829007289189424,0.0,0.0,0.21365254737309622,0.038911389144825864,0.0,0.0,0.05192305517446398,0.0,0.0,0.0,0.0,0.03476847300426384,0.01937556414909632,0.0,0.0,0.2013632101762615,0.0,0.0,0.0,0.0,0.0,0.0,0.0,0.0,0.0
2021-05-14,0.10128674106636257,0.07725807188717239,0.0,0.016809375330288145,0.0,0.0,0.012284195176164176,0.0,0.0,0.178461589456959,0.0,0.0,0.2239531680315887,0.051117602039437424,0.0,0.0,0.055882182036742126,0.0,0.0,0.0,0.0,0.055578738468860064,0.015134728566955732,0.0,0.0,0.2122336079394696,0.0,0.0,0.0,0.0,0.0,0.0,0.0,0.0,0.0
2021-05-21,0.1076198234333165,0.08206849870621852,0.0,0.026938728481134346,0.0,0.0,0.023804204596099113,0.0,0.0,0.15940253850598,0.0,0.0,0.21953309948197863,0.04923382706109168,0.0,0.0,0.06465205762279247,0.0,0.0,0.0,0.0,0.031790880933448916,0.02977876394684219,0.0,0.0,0.2051775772310977,0.0,0.0,0.0,0.0,0.0,0.0,0.0,0.0,0.0
2021-05-28,0.12253966471924001,0.09566002231175778,0.0,0.01550816958489231,0.0,0.01550816958489231,0.01550816958489231,0.0,0.0,0.16589093280314765,0.0,0.0,0.21475336575235754,0.0709278893704032,0.0,0.0,0.05313311011853981,0.0,0.0,0.0,0.0,0.15836168548359777,0.02640247332813817,0.0,0.0,0.045806347358141083,0.0,0.0,0.0,0.0,0.0,0.0,0.0,0.0,0.0
2021-06-04,0.13649450793157922,0.10603535050541112,0.0,0.021671211372094587,0.0,0.021671211372094587,0.021671211372094587,0.0,0.0,0.15331432763575764,0.0,0.0,0.20540179788798313,0.04908310996591539,0.0,0.0,0.05485497767142272,0.0,0.0,0.0,0.0,0.1461984940270345,0.03431467447051358,0.0,0.0,0.049289125788099034,0.0,0.0,0.0,0.0,0.0,0.0,0.0,0.0,0.0
2021-06-11,0.11513145818636149,0.09932524848605395,0.0,0.023617873394938222,0.0,0.023617873394938222,0.023617873394938222,0.0,0.0,0.14949306464919646,0.0,0.0,0.21317608517656594,0.060657364873163006,0.0,0.0,0.06470449659755433,0.0,0.0,0.0,0.0,0.14314654278843883,0.027834821716053997,0.0,0.0,0.0556772973417972,0.0,0.0,0.0,0.0,0.0,0.0,0.0,0.0,0.0
2021-06-18,0.12056498954794771,0.093314210509456,0.0,0.026564366559363877,0.0,0.026564366559363877,0.026564366559363877,0.0,0.0,0.14403469922399464,0.0,0.0,0.20960374142668634,0.0519539659858198,0.0,0.0,0.07458439070311364,0.0,0.0,0.0,0.0,0.13710059940382763,0.031607665482641586,0.0,0.0,0.0575426380384209,0.0,0.0,0.0,0.0,0.0,0.0,0.0,0.0,0.0
2021-06-25,0.11827487227759846,0.15339628790831916,0.0,0.025063498306709255,0.0,0.0,0.1137696525149081,0.0,0.0,0.14973119387577086,0.0,0.0,0.21709190006760903,0.004243390997536205,0.0,0.0,0.12439495054259098,0.0,0.0,0.0,0.0,0.0012993357923175753,0.03658748945078663,0.0,0.0,0.05614742826585363,0.0,0.0,0.0,0.0,0.0,0.0,0.0,0.0,0.0
2021-07-02,0.08936217737386494,0.14856092204632848,0.0,0.03211752582190218,0.0,0.0,0.09913915885230089,0.0,0.0,0.14987629610027378,0.0,0.0,0.21903091702961977,0.006501158399595215,0.0,0.0,0.14484592620086403,0.0,0.0,0.0,0.0,0.0040093043131013174,0.042648216137009365,0.0,0.0,0.06390839772514005,0.0,0.0,0.0,0.0,0.0,0.0,0.0,0.0,0.0
2021-07-09,0.07253209588240406,0.1741982266628984,0.0,0.02393439274212303,0.0,0.0,0.07314316030633317,0.0,0.0,0.1716917565281828,0.0,0.0,0.22868936358643752,0.0018767697359397299,0.0,0.0,0.1636115512781617,0.0,0.0,0.0,0.0,0.007457589802651025,0.028153947475915243,0.0,0.0,0.05471114599895334,0.0,0.0,0.0,0.0,0.0,0.0,0.0,0.0,0.0
2021-07-16,0.06564527253610296,0.1742906121422774,0.0,0.026303732858645085,0.0,0.0,0.06914589868407328,0.0,0.0,0.17320739406121285,0.0,0.0,0.22911131197046236,0.0028130678924892585,0.0,0.0,0.16979190044426568,0.0,0.0,0.0,0.0,0.007371467429795808,0.03377370049696823,0.0,0.0,0.04854564148370703,0.0,0.0,0.0,0.0,0.0,0.0,0.0,0.0,0.0
2021-07-23,0.06053898236762861,0.13073148280597305,0.0,0.037297366603384466,0.0,0.0,0.08044656170760611,0.0,0.0,0.13205371057012022,0.0,0.0,0.22791626275738602,0.01025350255112424,0.0,0.0,0.1755584258340594,0.0,0.0,0.0,0.0,0.004336912307833739,0.049333242415245275,0.0,0.0,0.09153355007963877,0.0,0.0,0.0,0.0,0.0,0.0,0.0,0.0,0.0
2021-07-30,0.0,0.08653580956719191,0.0,0.038262315299194,0.0,0.0,0.03272802790449376,0.0,0.0,0.06689072863980351,0.0,0.0,0.2411002029303025,0.009800531073910237,0.0,0.0,0.14911608325344855,0.0,0.03272802790449376,0.0,0.0,0.0692746862649011,0.23990435327469312,0.0,0.0,0.03365923388756751,0.0,0.0,0.0,0.0,0.0,0.0,0.0,0.0,0.0
2021-08-06,0.0,0.09002315394520312,0.0,0.035751603149556194,0.0,0.0,0.034164664243240606,0.0,0.0,0.057606676703867474,0.0,0.0,0.24276538097772568,0.014028874556142518,0.0,0.0,0.1499655930749862,0.0,0.034164664243240606,0.0,0.0,0.07180233229723769,0.23556239256555936,0.0,0.0,0.034164664243240606,0.0,0.0,0.0,0.0,0.0,0.0,0.0,0.0,0.0
2021-08-13,0.0,0.09053531218271663,0.0,0.035314194934202785,0.0,0.0,0.033841374293979966,0.0,0.0,0.05674451897443002,0.0,0.0,0.2396706123435162,0.012832494918077815,0.0,0.0,0.14995738730125355,0.0,0.033841374293979966,0.0,0.0,0.0704359964304501,0.24298536003341284,0.0,0.0,0.033841374293979966,0.0,0.0,0.0,0.0,0.0,0.0,0.0,0.0,0.0
2021-08-20,0.0,0.09000658009844334,0.0,0.03306077971492073,0.0,0.0,0.03306077971492073,0.0,0.0,0.05520026979069771,0.0,0.0,0.23709481830230755,0.01806574916729092,0.0,0.0,0.1553827813787867,0.0,0.03306077971492073,0.0,0.0,0.0660997444049219,0.24590693799786878,0.0,0.0,0.03306077971492073,0.0,0.0,0.0,0.0,0.0,0.0,0.0,0.0,0.0
2021-08-27,0.006218294365404701,0.003975008147249662,0.0,0.03356102177737356,0.0,0.0,0.10460325408849311,0.0,0.0,0.01689499650878005,0.0,0.0,0.24126831253933792,0.06283075237897778,0.0,0.0,0.17816077033927885,0.0,0.03356102177737356,0.0,0.0,0.07104223231111956,0.24788433576661104,0.0,0.0,0.0,0.0,0.0,0.0,0.0,0.0,0.0,0.0,0.0,0.0
2021-09-03,0.006218294365404703,0.0007986100121879535,0.0,0.03260222335933481,0.0,0.0,0.10627413706979527,0.0,0.0,0.015203128484831258,0.0,0.0,0.2433036612452833,0.06317375031887243,0.0,0.0,0.17589504553643165,0.0,0.03260222335933481,0.0,0.0,0.07367191371046046,0.2502570125380634,0.0,0.0,0.0,0.0,0.0,0.0,0.0,0.0,0.0,0.0,0.0,0.0
2021-09-10,0.006218294365404701,0.00231969409711065,0.0,0.03372482373149605,0.0,0.0,0.1108786325426056,0.0,0.0,0.01767506023947752,0.0,0.0,0.2384706603756814,0.05751882772670104,0.0,0.0,0.17356532497489657,0.0,0.03372482373149605,0.0,0.0,0.07856350421721213,0.24734035399791798,0.0,0.0,0.0,0.0,0.0,0.0,0.0,0.0,0.0,0.0,0.0,0.0
2021-09-17,0.006218294365404703,0.003838032074607511,0.0,0.03238950305662404,0.0,0.0,0.10732403751608767,0.0,0.0,0.015162680874318267,0.0,0.0,0.23886240613980175,0.06628528939486932,0.0,0.0,0.1773600652251045,0.0,0.03238950305662404,0.0,0.0,0.07493453445946363,0.2452356538370946,0.0,0.0,0.0,0.0,0.0,0.0,0.0,0.0,0.0,0.0,0.0,0.0
2021-09-24,0.07944770356265682,0.061897313321237005,0.0,0.04057028150198272,0.0,0.0,0.036235415889520124,0.0,0.0,0.0,0.0,0.0,0.21261131439070402,0.07845697124476161,0.0,0.0,0.22787731012080084,0.0,0.036235415889520124,0.0,0.0,0.0013744540859334687,0.2252938199928831,0.0,0.0,0.0,0.0,0.0,0.0,0.0,0.0,0.0,0.0,0.0,0.0
2021-10-01,0.08195447838628264,0.07493028562077561,0.0,0.035257095952743976,0.0,0.0,0.035257095952743976,0.0,0.0,0.0017888344839336065,0.0,0.0,0.21358424012014335,0.07450958510794413,0.0,0.0,0.22464707078300725,0.0,0.035257095952743976,0.0,0.0,0.0,0.22281421763968148,0.0,0.0,0.0,0.0,0.0,0.0,0.0,0.0,0.0,0.0,0.0,0.0
2021-10-08,0.08959350591733072,0.07060166351632585,0.0,0.04071943770582178,0.0,0.0,0.03660453894205515,0.0,0.0,0.0013585531955649251,0.0,0.0,0.20924738435304466,0.06269052532836678,0.0,0.0,0.22032023433733253,0.0,0.03660453894205515,0.0,0.0,0.005952627662848191,0.22630699009925417,0.0,0.0,0.0,0.0,0.0,0.0,0.0,0.0,0.0,0.0,0.0,0.0
2021-10-15,0.09604894854537448,0.07458343551081677,0.0,0.03932292058788344,0.006788921254529972,0.0,0.03462292079053473,0.0,0.0,0.0,0.0,0.0,0.21914897653556945,0.057053468135741,0.0,0.0,0.21759219593470894,0.0,0.03462292079053473,0.0,0.0,0.0030107098130224643,0.21720458210128404,0.0,0.0,0.0,0.0,0.0,0.0,0.0,0.0,0.0,0.0,0.0,0.0
2021-10-22,0.09481477897456438,0.07096683223471995,0.0,0.04210694067997363,0.00879789613508196,0.0,0.03755764809064818,0.0,0.0,0.006147754377788585,0.0,0.0,0.21269095489487058,0.0620306608227347,0.0,0.0,0.21236551215007263,0.0,0.03755764809064818,0.0,0.0,0.002915692250908461,0.21204768129798857,0.0,0.0,0.0,0.0,0.0,0.0,0.0,0.0,0.0,0.0,0.0,0.0
2021-10-29,0.005701204223329301,0.005775368420598769,0.0,0.1038256890859884,0.018073600011094256,0.0,0.031473881197881706,0.0,0.0,0.008197329717858914,0.0,0.0,0.23564808220821254,0.08713831458405158,0.0,0.0,0.17014723735144677,0.0,0.031473881197881706,0.0,0.0,0.06968476126333611,0.23286065073831974,0.0,0.0,0.0,0.0,0.0,0.0,0.0,0.0,0.0,0.0,0.0,0.0
2021-11-05,0.005701204223329301,0.013299639246864439,0.0,0.11997034689077556,0.007636797698070206,0.0,0.031232772053240567,0.0,0.0,0.009370432090012062,0.0,0.0,0.24289661376911303,0.0545068684305613,0.0,0.0,0.1547248328455356,0.0,0.031232772053240567,0.0,0.0,0.09043478302643249,0.23899293767282465,0.0,0.0,0.0,0.0,0.0,0.0,0.0,0.0,0.0,0.0,0.0,0.0
2021-11-12,0.005701204223329301,0.013228050754869963,0.0,0.13106136675984886,0.0,0.0,0.027998789671806974,0.0,0.0,0.005806984147103898,0.0,0.0,0.24571654612429408,0.0522219356219178,0.0,0.0,0.14367451216047553,0.0,0.027998789671806974,0.0,0.0,0.1030625770880419,0.24352924377650453,0.0,0.0,0.0,0.0,0.0,0.0,0.0,0.0,0.0,0.0,0.0,0.0
2021-11-19,0.005701204223329301,0.008221417584925353,0.0,0.15862306366168816,0.0,0.0,0.023867961106844724,0.0,0.0,0.005048262874602777,0.0,0.0,0.24000084917465914,0.05089052415518753,0.0,0.0,0.10662811128909996,0.0,0.023867961106844724,0.0,0.0,0.13649469789047067,0.24065594693234751,0.0,0.0,0.0,0.0,0.0,0.0,0.0,0.0,0.0,0.0,0.0,0.0
2021-11-26,0.1389627962639668,0.1074241473940841,0.0,0.018921555573575197,0.0,0.018921555573575197,0.12314365277155029,0.0,0.0,0.006630571923386418,0.0,0.0,0.20485845076777304,0.051766017699109726,0.0,0.0,0.10182109572355127,0.0,0.018921555573575197,0.0,0.0,0.00213200141392744,0.20649659932192524,0.0,0.0,0.0,0.0,0.0,0.0,0.0,0.0,0.0,0.0,0.0,0.0
2021-12-03,0.13946050796139675,0.11292388146664803,0.0,0.015936962852575,0.0,0.015936962852575,0.12053234382362256,0.0,0.0,0.003315521315013277,0.0,0.0,0.20816961817509763,0.0603121834940821,0.0,0.0,0.10131508426017888,0.0,0.015936962852575,0.0,0.0,0.0,0.2061599709462357,0.0,0.0,0.0,0.0,0.0,0.0,0.0,0.0,0.0,0.0,0.0,0.0
2021-12-10,0.1415582798719266,0.10731647509212808,0.0,0.016248172498221858,0.0,0.016248172498221858,0.1224168824021668,0.0,0.0,0.0063697266461748255,0.0,0.0,0.20886086850959878,0.0503394621607659,0.0,0.0,0.10580613846165256,0.0,0.016248172498221858,0.0,0.0,0.0,0.20858764936092092,0.0,0.0,0.0,0.0,0.0,0.0,0.0,0.0,0.0,0.0,0.0,0.0
2021-12-17,0.1411286809869524,0.11286225523079065,0.0,0.01713317536597292,0.0,0.01713317536597292,0.1229796861061872,0.0,0.0,0.004006382091478796,0.0,0.0,0.2074445298787096,0.04925607977024475,0.0,0.0,0.10464010813174104,0.0,0.01713317536597292,0.0,0.0,0.0,0.20628275170597676,0.0,0.0,0.0,0.0,0.0,0.0,0.0,0.0,0.0,0.0,0.0,0.0
2021-12-24,0.14261763813639003,0.12199675960523566,0.0,0.013500085162179496,0.0,0.013500085162179496,0.12046331376447202,0.0,0.0,0.0011047232006548247,0.0,0.0,0.2068345487944726,0.05467617375303311,0.0,0.0,0.1056569601507552,0.0,0.013500085162179496,0.0,0.0,0.0,0.20614962710844797,0.0,0.0,0.0,0.0,0.0,0.0,0.0,0.0,0.0,0.0,0.0,0.0
2021-12-31,0.0396608838803235,0.14702443069376903,0.0,0.01851854522165427,0.0,0.01851854522165427,0.01851854522165427,0.0,0.0,0.0,0.0,0.0,0.22465361259056704,0.05594357880113522,0.0,0.0,0.22954482878023844,0.0,0.01851854522165427,0.0,0.0,0.0,0.22909848436734967,0.0,0.0,0.0,0.0,0.0,0.0,0.0,0.0,0.0,0.0,0.0,0.0
2022-01-07,0.0396608838803235,0.13646556823702394,0.0,0.016763204754917285,0.0,0.016763204754917285,0.016763204754917285,0.0,0.0,0.0,0.0,0.0,0.22620689477678102,0.055208032142306865,0.0,0.0,0.2347840965480784,0.0,0.021918320626108947,0.0,0.0,0.0,0.23546658952462546,0.0,0.0,0.0,0.0,0.0,0.0,0.0,0.0,0.0,0.0,0.0,0.0
2022-01-14,0.03966088388032351,0.12250341913737299,0.0,0.020681215553512926,0.0,0.020681215553512926,0.020681215553512926,0.0,0.0,0.0,0.0,0.0,0.2256310048616857,0.06094704367626136,0.0,0.0,0.23476001656040663,0.0,0.020681215553512926,0.0,0.0,0.0,0.23377276966989813,0.0,0.0,0.0,0.0,0.0,0.0,0.0,0.0,0.0,0.0,0.0,0.0
2022-01-21,0.0396608838803235,0.13337954087370762,0.0,0.009377708811655885,0.0,0.009377708811655885,0.009377708811655885,0.0,0.0,0.0,0.0,0.0,0.23049920599734067,0.07820924292236772,0.0,0.0,0.2372177761287419,0.0,0.01054177947736929,0.0,0.0,0.0,0.24235844428518163,0.0,0.0,0.0,0.0,0.0,0.0,0.0,0.0,0.0,0.0,0.0,0.0
2022-01-28,0.3931455761751224,0.03730414501126958,0.0,0.0,0.0,0.021673265557380892,0.0,0.0,0.0,0.0,0.0,0.0,0.12901570659669456,0.08841011206137986,0.0,0.0,0.13619775397761102,0.0,0.029500954987616745,0.0,0.0,0.0,0.1647524856329249,0.0,0.0,0.0,0.0,0.0,0.0,0.0,0.0,0.0,0.0,0.0,0.0
2022-02-04,0.32771590894234065,0.026276516009186766,0.0,0.0,0.0,0.029331442105617708,0.0,0.0,0.0,0.0,0.0,0.0,0.15545482501772878,0.09881003502356578,0.0,0.0,0.1474830178758869,0.0,0.0206931151678192,0.0,0.0,0.0,0.19423513985785418,0.0,0.0,0.0,0.0,0.0,0.0,0.0,0.0,0.0,0.0,0.0,0.0
2022-02-11,0.3396351750593016,0.03663970630323861,0.0,0.0,0.0,0.02698350932807659,0.0,0.0,0.0,0.0,0.0,0.0,0.16121617451011339,0.08363319616891321,0.0,0.0,0.1455455107309213,0.0,0.02229763176048702,0.0,0.0,0.0,0.18404909613894824,0.0,0.0,0.0,0.0,0.0,0.0,0.0,0.0,0.0,0.0,0.0,0.0
2022-02-18,0.32974567368802166,0.040191701118664505,0.0,0.0,0.0,0.02453173461286479,0.0,0.0,0.0,0.0,0.0,0.0,0.16584326726540208,0.09043900578999592,0.0,0.0,0.14668003601139196,0.0,0.020966352729737802,0.0,0.0,0.0,0.18160222878392115,0.0,0.0,0.0,0.0,0.0,0.0,0.0,0.0,0.0,0.0,0.0,0.0
2022-02-25,0.25504420371090847,0.1232256752871142,0.0,0.0,0.0,0.033358386002765555,0.04128315278318125,0.0,0.0,0.0,0.0,0.0,0.21163167380896347,0.0,0.0,0.0,0.12214957860283343,0.0,0.04128315278318125,0.0,0.0,0.0,0.17202417702105233,0.0,0.0,0.0,0.0,0.0,0.0,0.0,0.0,0.0,0.0,0.0,0.0
2022-03-04,0.25523067981504255,0.12397224517527419,0.0,0.0,0.0,0.02602219810584722,0.05860110742099216,0.0,0.0,0.0,0.0,0.0,0.198667884409946,0.0,0.0,0.0,0.1201859844735457,0.0,0.041423009861281807,0.0,0.0,0.0,0.17589689073807027,0.0,0.0,0.0,0.0,0.0,0.0,0.0,0.0,0.0,0.0,0.0,0.0
2022-03-11,0.2570285152336129,0.11866251674184511,0.0,0.0,0.0,0.03323272229080123,0.042771386425209584,0.0,0.0,0.0,0.0,0.0,0.20545398807239956,0.0,0.0,0.0,0.12757185900428408,0.0,0.042771386425209584,0.0,0.0,0.0,0.17250762580663798,0.0,0.0,0.0,0.0,0.0,0.0,0.0,0.0,0.0,0.0,0.0,0.0
2022-03-18,0.26161210991572786,0.1181500326510184,0.0,0.0,0.0,0.04487182384333701,0.04620908243679578,0.0,0.0,0.0,0.0,0.0,0.20132218299591348,0.0,0.0,0.0,0.11542851961192752,0.0,0.04620908243679578,0.0,0.0,0.0,0.16619716610848412,0.0,0.0,0.0,0.0,0.0,0.0,0.0,0.0,0.0,0.0,0.0,0.0
2022-03-25,0.6753152255321471,0.07080615458314529,0.0,0.0,0.0,0.02079728985953698,0.010138588052404385,0.0,0.0,0.0,0.010138588052404385,0.0,0.07193201715178407,0.0,0.0,0.0,0.06382497750066067,0.0,0.010138588052404385,0.0,0.0,0.0,0.06690857121551277,0.0,0.0,0.0,0.0,0.0,0.0,0.0,0.0,0.0,0.0,0.0,0.0
2022-04-01,0.6748727228339447,0.0689413827163498,0.0,0.0,0.0,0.031080092727987695,0.010079020381492537,0.0,0.0,0.0,0.010079020381492537,0.0,0.07232335964178195,0.0,0.0,0.0,0.057626766478029,0.0,0.010079020381492537,0.0,0.0,0.0,0.06491861445742922,0.0,0.0,0.0,0.0,0.0,0.0,0.0,0.0,0.0,0.0,0.0,0.0
2022-04-08,0.6758624424991284,0.07234329054097359,0.0,0.0,0.0,0.028612348947106923,0.010212251874882635,0.0,0.0,0.0,0.010212251874882635,0.0,0.0698208892964406,0.0,0.0,0.0,0.058581577397230314,0.0,0.010212251874882635,0.0,0.0,0.0,0.06414269569447237,0.0,0.0,0.0,0.0,0.0,0.0,0.0,0.0,0.0,0.0,0.0,0.0
2022-04-15,0.7130028769717545,0.053505311595177636,0.0,0.0,0.0,0.014087040447517206,0.015211925746197693,0.0,0.0,0.0,0.015211925746197693,0.0,0.05950157594796578,0.0,0.0,0.0,0.05559249303863361,0.0,0.015211925746197693,0.0,0.0,0.0,0.05867492476035819,0.0,0.0,0.0,0.0,0.0,0.0,0.0,0.0,0.0,0.0,0.0,0.0
2022-04-22,0.7235056123458855,0.04565454058269952,0.0,0.0,0.0,0.023279103842700124,0.01662575550809994,0.0,0.0,0.0,0.01662575550809994,0.0,0.05512494392130057,0.0,0.0,0.0,0.049431867449137974,0.0,0.01662575550809994,0.0,0.0,0.0,0.05312666533397655,0.0,0.0,0.0,0.0,0.0,0.0,0.0,0.0,0.0,0.0,0.0,0.0
2022-04-29,0.7600814163601282,0.04609202732105497,0.0,0.0,0.0,0.05248570432992698,0.0,0.0,0.0,0.0,0.0,0.0,0.0643280714327177,0.0,0.0,0.0,0.015477855124625722,0.0,0.021549421433094153,0.0,0.0,0.0,0.03998550399845239,0.0,0.0,0.0,0.0,0.0,0.0,0.0,0.0,0.0,0.0,0.0,0.0
2022-05-06,0.7554304307394887,0.05024268861647894,0.0,0.0,0.0,0.057064519829960615,0.0,0.0,0.0,0.0,0.0,0.0,0.0638059112143813,0.0,0.0,0.0,0.01009571644308158,0.0,0.02092332721493115,0.0,0.0,0.0,0.04243740594167779,0.0,0.0,0.0,0.0,0.0,0.0,0.0,0.0,0.0,0.0,0.0,0.0
2022-05-13,0.7586828106903934,0.045042899150718754,0.0,0.0,0.0,0.049895020676228245,0.0,0.0,0.0,0.0,0.0,0.0,0.06479653213872459,0.0,0.0,0.0,0.017183455787271602,0.0,0.021361147592937568,0.0,0.0,0.0,0.043038133963725765,0.0,0.0,0.0,0.0,0.0,0.0,0.0,0.0,0.0,0.0,0.0,0.0
2022-05-20,0.7183181427756935,0.042262023692205754,0.0,0.0,0.0,0.06298939854553016,0.0,0.0,0.0,0.0,0.0,0.0,0.07934332455877084,0.0,0.0,0.0,0.018273993140146622,0.0,0.015927442296727958,0.0,0.0,0.0,0.06288567499092511,0.0,0.0,0.0,0.0,0.0,0.0,0.0,0.0,0.0,0.0,0.0,0.0
2022-05-27,0.7205171301334571,0.04086213600818361,0.0,0.0,0.0,0.06826522536362697,0.016223459825657656,0.0,0.0,0.0,0.0,0.0,0.07355900976275234,0.0,0.0,0.0,0.021987724046255184,0.0,0.0,0.0,0.0,0.0,0.05858531486006716,0.0,0.0,0.0,0.0,0.0,0.0,0.0,0.0,0.0,0.0,0.0,0.0
2022-06-03,0.6951287501521867,0.04697711554929753,0.0,0.0,0.0,0.08875052979399817,0.012805793289717409,0.0,0.0,0.0,0.0,0.0,0.08980973234863876,0.0,0.0,0.0,0.014816378285237318,0.0,0.0,0.0,0.0,0.0,0.051711700580924135,0.0,0.0,0.0,0.0,0.0,0.0,0.0,0.0,0.0,0.0,0.0,0.0
2022-06-10,0.7249505965359007,0.04448554941749327,0.0,0.0,0.0,0.06633086316020713,0.016820272610601983,0.0,0.0,0.0,0.0,0.0,0.07004850590851594,0.0,0.0,0.0,0.020930162697643265,0.0,0.0,0.0,0.0,0.0,0.056434049669637776,0.0,0.0,0.0,0.0,0.0,0.0,0.0,0.0,0.0,0.0,0.0,0.0
2022-06-17,0.6922981968101694,0.05462383797323436,0.0,0.0,0.0,0.06332695160619789,0.01242475726290738,0.0,0.0,0.0,0.0,0.0,0.08219274485882516,0.0,0.0,0.0,0.02795804513721318,0.0,0.0,0.0,0.0,0.0,0.06717546635145276,0.0,0.0,0.0,0.0,0.0,0.0,0.0,0.0,0.0,0.0,0.0,0.0
2022-06-24,0.7023609083244318,0.05469141660976244,0.0,0.0,0.0,0.08054451880849217,0.009883461806297084,0.0,0.0,0.0,0.0,0.0,0.120934055187275,0.0,0.0,0.0,0.0,0.0,0.0,0.0,0.0,0.0,0.03158563926374158,0.0,0.0,0.0,0.0,0.0,0.0,0.0,0.0,0.0,0.0,0.0,0.0
2022-07-01,0.6990227511905978,0.04546524006679424,0.0,0.0,0.0,0.06926675205336655,0.011439675232406235,0.0,0.0,0.0,0.0,0.0,0.1482313964283005,0.0,0.0,0.0,0.0,0.0,0.0,0.0,0.0,0.0,0.026574185028534727,0.0,0.0,0.0,0.0,0.0,0.0,0.0,0.0,0.0,0.0,0.0,0.0
2022-07-08,0.6982960651671848,0.04674983586259511,0.0,0.0,0.0,0.06856356671569114,0.012748149212458081,0.0,0.0,0.0,0.0,0.0,0.15096697750359914,0.0,0.0,0.0,0.0,0.0,0.0,0.0,0.0,0.0,0.022675405538471714,0.0,0.0,0.0,0.0,0.0,0.0,0.0,0.0,0.0,0.0,0.0,0.0
2022-07-15,0.6951516261316366,0.05253991205119052,0.0,0.0,0.0,0.07274977336374674,0.009589462495147286,0.0,0.0,0.0,0.0,0.0,0.14766201174620983,0.0,0.0,0.0,0.0,0.0,0.0,0.0,0.0,0.0,0.022307214212068938,0.0,0.0,0.0,0.0,0.0,0.0,0.0,0.0,0.0,0.0,0.0,0.0
2022-07-22,0.6920325058768568,0.05664580201190718,0.0,0.0,0.0,0.07142216457669953,0.014819655410744707,0.0,0.0,0.0,0.0,0.0,0.14435828589901534,0.0,0.0,0.0,0.0,0.0,0.0,0.0,0.0,0.0,0.020721586224776364,0.0,0.0,0.0,0.0,0.0,0.0,0.0,0.0,0.0,0.0,0.0,0.0
2022-07-29,0.7101650188487503,0.06052524311971928,0.0,0.0,0.0,0.07051420226816223,0.012729354397240695,0.0,0.0,0.0,0.0,0.0,0.14606618136612737,0.0,0.0,0.0,0.0,0.0,0.0,0.0,0.0,0.0,0.0,0.0,0.0,0.0,0.0,0.0,0.0,0.0,0.0,0.0,0.0,0.0,0.0
2022-08-05,0.7125381090119433,0.05449112376215092,0.0,0.0,0.0,0.07212130286745633,0.012919367205318078,0.0,0.0,0.0,0.0,0.0,0.14793009715313143,0.0,0.0,0.0,0.0,0.0,0.0,0.0,0.0,0.0,0.0,0.0,0.0,0.0,0.0,0.0,0.0,0.0,0.0,0.0,0.0,0.0,0.0
2022-08-12,0.7062530320524214,0.06137798334132112,0.0,0.0,0.0,0.0663866154428954,0.017682421591649483,0.0,0.0,0.0,0.0,0.0,0.14829994757171244,0.0,0.0,0.0,0.0,0.0,0.0,0.0,0.0,0.0,0.0,0.0,0.0,0.0,0.0,0.0,0.0,0.0,0.0,0.0,0.0,0.0,0.0
2022-08-19,0.7208554475723075,0.04733570397732072,0.0,0.0,0.0,0.06086611895024902,0.020416577999657196,0.0,0.0,0.0,0.0,0.0,0.1505261515004657,0.0,0.0,0.0,0.0,0.0,0.0,0.0,0.0,0.0,0.0,0.0,0.0,0.0,0.0,0.0,0.0,0.0,0.0,0.0,0.0,0.0,0.0
2022-08-26,0.6961611347702118,0.03965103180098326,0.0,0.0,0.0,0.03965103180098326,0.048001126839841673,0.0,0.0,0.0,0.0,0.0,0.16805309415535663,0.0,0.0,0.0,0.0017119925250891565,0.0,0.0,0.0,0.0,0.0,0.006770588107534127,0.0,0.0,0.0,0.0,0.0,0.0,0.0,0.0,0.0,0.0,0.0,0.0
2022-09-02,0.6861022063124429,0.0660419197521122,0.0,0.0,0.0,0.05405681103897868,0.05329018539063493,0.0,0.0,0.0,0.0,0.0,0.13578747936135327,0.0,0.0,0.0,0.0011945416350825435,0.0,0.0,0.0,0.0,0.0,0.0035268565093954426,0.0,0.0,0.0,0.0,0.0,0.0,0.0,0.0,0.0,0.0,0.0,0.0
2022-09-09,0.6645828726987754,0.05312683865966044,0.0,0.0,0.0,0.04055522139203856,0.05622395843464004,0.0,0.0,0.005372187474352927,0.0,0.0,0.1655734388133025,0.0,0.0,0.0,0.01456548252723016,0.0,0.0,0.0,0.0,0.0,0.0,0.0,0.0,0.0,0.0,0.0,0.0,0.0,0.0,0.0,0.0,0.0,0.0
2022-09-16,0.6713618116478927,0.046318509912122524,0.0,0.0,0.0,0.046318509912122524,0.039922731038691206,0.0,0.0,0.011653924133881235,0.0,0.0,0.15797772781995495,0.0018002436821810035,0.0,0.0,0.014950710739623797,0.0,0.0,0.0,0.0,0.0,0.009695831113530099,0.0,0.0,0.0,0.0,0.0,0.0,0.0,0.0,0.0,0.0,0.0,0.0
2022-09-23,0.6613451532957362,0.039714914994108605,0.0,0.0,0.0,0.039714914994108605,0.03304946952375383,0.0,0.0,0.011510786997522861,0.0,0.0,0.1713073306471655,0.0,0.0,0.0,0.026095672581461917,0.0,0.0,0.0,0.0,0.0,0.017261756966142395,0.0,0.0,0.0,0.0,0.0,0.0,0.0,0.0,0.0,0.0,0.0,0.0
2022-09-30,0.7972669049286933,0.05591714137081027,0.0,0.0,0.0,0.017715431646930804,0.030530396007801656,0.0,0.0,0.0023740331670649736,0.0,0.0,0.0785000643899784,0.0,0.0,0.0,0.01769602848872042,0.0,0.0,0.0,0.0,0.0,0.0,0.0,0.0,0.0,0.0,0.0,0.0,0.0,0.0,0.0,0.0,0.0,0.0
2022-10-07,0.8027894225260468,0.059291165886155,0.0,0.0,0.0,0.025097298321060918,0.0317479359380218,0.0,0.0,0.0,0.0,0.0,0.06865004271139566,0.0,0.0,0.0,0.012424134617319699,0.0,0.0,0.0,0.0,0.0,0.0,0.0,0.0,0.0,0.0,0.0,0.0,0.0,0.0,0.0,0.0,0.0,0.0
2022-10-14,0.8058670621723916,0.05648371192103701,0.0,0.0,0.0,0.01996813244830429,0.03572666788123789,0.0,0.0,0.0,0.0,0.0,0.06783823498768914,0.0,0.0,0.0,0.014116190589339958,0.0,0.0,0.0,0.0,0.0,0.0,0.0,0.0,0.0,0.0,0.0,0.0,0.0,0.0,0.0,0.0,0.0,0.0
2022-10-21,0.8097829355185662,0.055928749032416424,0.0,0.0,0.0,0.020056683976739147,0.03605193634595128,0.0,0.0,0.0,0.0,0.0,0.06703732511807127,0.0,0.0,0.0,0.011142370008255627,0.0,0.0,0.0,0.0,0.0,0.0,0.0,0.0,0.0,0.0,0.0,0.0,0.0,0.0,0.0,0.0,0.0,0.0
2022-10-28,0.7906730647644246,0.07335195476975727,0.0,0.0,0.0,0.023628798716428742,0.041098986684383776,0.0,0.0,0.0,0.012459828785986638,0.0,0.05878736627901894,0.0,0.0,0.0,0.0,0.0,0.0,0.0,0.0,0.0,0.0,0.0,0.0,0.0,0.0,0.0,0.0,0.0,0.0,0.0,0.0,0.0,0.0
2022-11-04,0.7879577662472308,0.06364130409167126,0.0,0.0,0.0,0.04544669722214724,0.03744639213755719,0.0,0.0,0.0,0.011406525077216496,0.0,0.05410131522417707,0.0,0.0,0.0,0.0,0.0,0.0,0.0,0.0,0.0,0.0,0.0,0.0,0.0,0.0,0.0,0.0,0.0,0.0,0.0,0.0,0.0,0.0
2022-11-11,0.7906011993505387,0.05755493671623067,0.0,0.0,0.0,0.044077454558285684,0.04214339578782513,0.0,0.0,0.0,0.011302251570420974,0.0,0.054320762016698804,0.0,0.0,0.0,0.0,0.0,0.0,0.0,0.0,0.0,0.0,0.0,0.0,0.0,0.0,0.0,0.0,0.0,0.0,0.0,0.0,0.0,0.0
2022-11-18,0.7854397714754611,0.06130960026230052,0.0,0.0,0.0,0.02560479771802167,0.05416218776662879,0.0,0.0,0.0,0.010010811042882308,0.0,0.06347283173470553,0.0,0.0,0.0,0.0,0.0,0.0,0.0,0.0,0.0,0.0,0.0,0.0,0.0,0.0,0.0,0.0,0.0,0.0,0.0,0.0,0.0,0.0
2022-11-25,0.7304205656341927,0.07479449015241284,0.0,0.0,0.0,0.039421383117168016,0.07012141294180334,0.0,0.0,0.0,0.0,0.0,0.08524214815442305,0.0,0.0,0.0,0.0,0.0,0.0,0.0,0.0,0.0,0.0,0.0,0.0,0.0,0.0,0.0,0.0,0.0,0.0,0.0,0.0,0.0,0.0
2022-12-02,0.7227591282869634,0.051927758406584056,0.0,0.0,0.0,0.0356961315103913,0.0694069329661077,0.0,0.0,0.012441435766570261,0.0,0.0,0.10102558188113885,0.0,0.0,0.0,0.006743031182244394,0.0,0.0,0.0,0.0,0.0,0.0,0.0,0.0,0.0,0.0,0.0,0.0,0.0,0.0,0.0,0.0,0.0,0.0
2022-12-09,0.7199462838186695,0.07190069797658898,0.0,0.0,0.0,0.038043135672744394,0.06124949098172483,0.0,0.0,0.0032177722259655577,0.0,0.0,0.10564261932430671,0.0,0.0,0.0,0.0,0.0,0.0,0.0,0.0,0.0,0.0,0.0,0.0,0.0,0.0,0.0,0.0,0.0,0.0,0.0,0.0,0.0,0.0
2022-12-16,0.7300616799438788,0.03532685399939533,0.0,0.024219368812050193,0.0,0.03532685399939533,0.03532685399939533,0.0,0.0,0.013597733462460545,0.0,0.0,0.10260608735836718,0.0,0.0,0.0,0.003708966818142218,0.0,0.0,0.0,0.0,0.019825601606915058,0.0,0.0,0.0,0.0,0.0,0.0,0.0,0.0,0.0,0.0,0.0,0.0,0.0
2022-12-23,0.7581291467699691,0.0363324223717605,0.0,0.015677953006022018,0.0,0.0363324223717605,0.0363324223717605,0.0,0.0,0.005423534994198012,0.0,0.0,0.09042769048577881,0.0,0.0,0.0,0.009119979880102123,0.0,0.0,0.0,0.0,0.012224427748648502,0.0,0.0,0.0,0.0,0.0,0.0,0.0,0.0,0.0,0.0,0.0,0.0,0.0
2022-12-30,0.3321814491991961,0.01960557668733998,0.0,0.2734903494841888,0.01226672998857591,0.06319677346501215,0.07370879716674325,0.0,0.0,0.01113655871092619,0.0,0.0,0.14955366717187382,0.0,0.0,0.0,0.027245615091147257,0.0,0.0,0.0,0.0,0.037614483034996336,0.0,0.0,0.0,0.0,0.0,0.0,0.0,0.0,0.0,0.0,0.0,0.0,0.0
2023-01-06,0.3400436454329375,0.03535273451801351,0.0,0.22366239031885557,0.0,0.0756731046876602,0.08549939414224729,0.0,0.0,0.009268328788781826,0.0,0.0,0.16454602390740344,0.0,0.0,0.0,0.03539296545115307,0.0,0.0,0.0,0.0,0.030561412752947572,0.0,0.0,0.0,0.0,0.0,0.0,0.0,0.0,0.0,0.0,0.0,0.0,0.0
2023-01-13,0.36104517748195897,0.03624401368592252,0.0,0.22730075570766614,0.0,0.09656814417128251,0.09239149127437903,0.0,0.0,0.00936835874077092,0.0,0.0,0.13972013928403884,0.0,0.0,0.0,0.00936835874077092,0.0,0.0,0.0,0.0,0.027993560913210265,0.0,0.0,0.0,0.0,0.0,0.0,0.0,0.0,0.0,0.0,0.0,0.0,0.0
2023-01-20,0.36415677366336624,0.03710953525016018,0.0,0.21627578924496807,0.0,0.11297831069668177,0.09016985075647024,0.0,0.0,0.009465497868031508,0.005645400729578116,0.0,0.14237946077041544,0.0,0.0,0.0,0.009465497868031508,0.0,0.0,0.0,0.0,0.012353883152297055,0.0,0.0,0.0,0.0,0.0,0.0,0.0,0.0,0.0,0.0,0.0,0.0,0.0
2023-01-27,0.22322436941053933,0.05730703930754774,0.0,0.19646691238699784,0.0,0.1831699712656426,0.0768469321627711,0.0,0.0,0.0,0.04667311745288826,0.0,0.13218235114893578,0.0,0.0,0.0,0.03017381470988283,0.0,0.0,0.0,0.0,0.02378167744491167,0.0,0.0,0.0,0.03017381470988283,0.0,0.0,0.0,0.0,0.0,0.0,0.0,0.0,0.0
2023-02-03,0.22635284635316916,0.09187736328651591,0.0,0.1598447169382376,0.0,0.2188604203966391,0.06860730982617391,0.0,0.0,0.0,0.04734243261221076,0.0,0.12740468830042578,0.0,0.0,0.0,0.02126487721396315,0.0,0.0,0.0,0.0,0.01718046785870165,0.0,0.0,0.0,0.02126487721396315,0.0,0.0,0.0,0.0,0.0,0.0,0.0,0.0,0.0
2023-02-10,0.23334898116046487,0.043769424584283144,0.0,0.17337145995725262,0.0,0.22530957002219706,0.07119110879456847,0.0,0.0,0.0,0.045308063055263935,0.0,0.11392763521712505,0.0,0.0,0.0,0.015491971484220074,0.0,0.0,0.0,0.0,0.05094757460745529,0.0,0.0,0.0,0.02733421111716943,0.0,0.0,0.0,0.0,0.0,0.0,0.0,0.0,0.0
2023-02-17,0.2402448065862843,0.04588611846228318,0.0,0.1684487789955051,0.0,0.1967349385959138,0.08489088789336341,0.0,0.0,0.0,0.046224442471786746,0.0,0.12030739366431484,0.0,0.0,0.0,0.0173834707285835,0.0,0.0,0.0,0.0,0.04689519811278998,0.0,0.0,0.0,0.03298396448917518,0.0,0.0,0.0,0.0,0.0,0.0,0.0,0.0,0.0
2023-02-24,0.2925295208819506,0.0,0.0,0.13121431418866095,0.004747594911247339,0.20076722011048956,0.0753884693766872,0.0,0.0,0.0,0.035292157851773975,0.0,0.09367556397900623,0.0,0.0,0.0,0.028102301692095863,0.0,0.0,0.0,0.0,0.06515782165589398,0.028102301692095863,0.0,0.0,0.04502273366009833,0.0,0.0,0.0,0.0,0.0,0.0,0.0,0.0,0.0
2023-03-03,0.2989104319272325,0.0,0.0,0.13054044067866968,0.01335969312885302,0.19944092788544368,0.061084831755402,0.0,0.0,0.0014555017365277558,0.03726350617911928,0.0,0.10436176463526944,0.0,0.0,0.0,0.023821325576282717,0.0,0.0,0.0,0.0,0.06723424488884236,0.023821325576282717,0.0,0.0,0.038706006032074886,0.0,0.0,0.0,0.0,0.0,0.0,0.0,0.0,0.0
2023-03-10,0.2917791845794779,0.0,0.0,0.13672687452980156,0.012061377047446514,0.1710541953770366,0.07347793814804998,0.0,0.0,0.012262298847750938,0.03821652140782587,0.0,0.0969272288181941,0.0009169516523920271,0.0,0.0,0.03782752959855588,0.0,0.0,0.0,0.0,0.06717840393086247,0.030785748031303052,0.0,0.0,0.030785748031303052,0.0,0.0,0.0,0.0,0.0,0.0,0.0,0.0,0.0
2023-03-17,0.27237338711524517,0.0,0.0,0.15508607925437404,0.024670159132659474,0.15526198888195394,0.0692412556900043,0.0,0.0,0.01308815720464363,0.03741344967107154,0.0,0.08602073319194964,0.0013897523986047408,0.0,0.0,0.04305213566248098,0.0,0.0,0.0,0.0,0.07874728975914683,0.031827806018932765,0.0,0.0,0.031827806018932765,0.0,0.0,0.0,0.0,0.0,0.0,0.0,0.0,0.0
2023-03-24,0.2873936091638762,0.0,0.0,0.148564212608546,0.006431538929434487,0.16912047782357406,0.05842178338462446,0.0,0.0,0.01431923152302505,0.03842438002911272,0.0,0.11069869443894957,0.006576375260425088,0.0,0.0,0.0321088746376409,0.0,0.0,0.0,0.0,0.08794601548976795,0.019997403355511742,0.0,0.0,0.019997403355511742,0.0,0.0,0.0,0.0,0.0,0.0,0.0,0.0,0.0
2023-03-31,0.29791300974517243,0.0,0.0,0.16530571564548302,0.08026007333597422,0.02625378389209236,0.07522600267995337,0.0,0.0,0.08701891490681826,0.0,0.0,0.0,0.003192101772864541,0.0,0.0,0.03944493697129809,0.0,0.02625378389209236,0.0,0.0,0.13607230258398995,0.0,0.0,0.0,0.06305937457426125,0.0,0.0,0.0,0.0,0.0,0.0,0.0,0.0,0.0
2023-04-07,0.2050398813694927,0.0,0.0,0.1798440900632347,0.09612327735623623,0.036314232306368564,0.08054935247406769,0.0,0.0,0.09042748578091929,0.0,0.0,0.0,0.012788704360517423,0.0,0.0,0.05340594757291715,0.0,0.032724033307924075,0.0,0.0,0.14321072516136077,0.0,0.0,0.0,0.06957227024696139,0.0,0.0,0.0,0.0,0.0,0.0,0.0,0.0,0.0
2023-04-14,0.1926657132338541,0.0,0.0,0.17573511246912507,0.09378091533538319,0.06717068090400903,0.09662732606236449,0.0,0.0,0.06611471210036929,0.0058328983561501055,0.0,0.0,0.004950732958658443,0.0,0.0,0.04540065576318952,0.0,0.04540065576318952,0.0,0.0,0.12545221530863004,0.0,0.0,0.0,0.08086838174507704,0.0,0.0,0.0,0.0,0.0,0.0,0.0,0.0,0.0
2023-04-21,0.18759295894827566,0.0,0.0,0.16689301307371754,0.07865789251618266,0.1191376535781931,0.07722499330010696,0.0,0.0,0.03954974109162726,0.013842706912574878,0.0,0.0,0.04228039687614104,0.0,0.0,0.04801167583769063,0.0,0.043804682775506976,0.0,0.0,0.10577929178987618,0.0,0.0,0.0,0.07722499330010696,0.0,0.0,0.0,0.0,0.0,0.0,0.0,0.0,0.0
2023-04-28,0.11216629011262715,0.0,0.0,0.2390418294878779,0.13495454174183724,0.19976752346610996,0.08253520581467164,0.0,0.0,0.0,0.06529423212822563,0.0,0.0,0.013568217800373997,0.0,0.0,0.03461749792347867,0.0,0.0,0.0,0.0,0.08343716360131925,0.0,0.0,0.0,0.03461749792347867,0.0,0.0,0.0,0.0,0.0,0.0,0.0,0.0,0.0
2023-05-05,0.11001007691269915,0.0021459084839347323,0.0,0.2409722254381864,0.13165608586209782,0.17159978537778045,0.11108634946999446,0.0,0.0,0.0,0.07794181790801258,0.0,0.0,0.010864507019456703,0.0,0.0,0.04518210736545076,0.0,0.0,0.0,0.0,0.06224756046574012,0.0,0.0,0.0,0.03629357569664677,0.0,0.0,0.0,0.0,0.0,0.0,0.0,0.0,0.0
2023-05-12,0.10335365352506645,0.0,0.0,0.2391191589261611,0.14600788721018765,0.19493590269935912,0.0766283676058625,0.0,0.0,0.0,0.06355409911325781,0.0,0.0,0.012163350760300638,0.0,0.0,0.03344987453041538,0.0,0.0023995561590961115,0.0,0.0,0.09952371203676899,0.0,0.0,0.0,0.028864437433524254,0.0,0.0,0.0,0.0,0.0,0.0,0.0,0.0,0.0
2023-05-19,0.11405166965991072,0.004388115006794434,0.0,0.24267720478827673,0.13691494745611435,0.19702947891378703,0.08569833115736497,0.0,0.0,0.0,0.048736047356694956,0.0,0.0,0.011826822152421819,0.0,0.0,0.03686319483952635,0.0,0.0,0.0,0.0,0.09244254988567371,0.0,0.0,0.0,0.02937163878343483,0.0,0.0,0.0,0.0,0.0,0.0,0.0,0.0,0.0
2023-05-26,0.0,0.005938007020584868,0.0,0.2527728132438381,0.023247417796741453,0.2495655071034887,0.04122067969271238,0.0,0.0,0.0,0.04184958598512842,0.0,0.0,0.09685652275878479,0.0,0.0,0.1093497522313952,0.0,0.0,0.0,0.0,0.148548320427229,0.0,0.0,0.0,0.03065139374009699,0.0,0.0,0.0,0.0,0.0,0.0,0.0,0.0,0.0
2023-06-02,0.0,0.005256734705917822,0.0,0.24445593465487672,0.01608041256258978,0.24857843054762066,0.04745490961487225,0.0,0.0,0.0,0.052396587344112205,0.0,0.0,0.08987281117632323,0.0,0.0,0.11683439536480061,0.0,0.0,0.0,0.0,0.1347842646187438,0.0,0.0,0.0,0.04428551941014288,0.0,0.0,0.0,0.0,0.0,0.0,0.0,0.0,0.0
2023-06-09,0.0,0.015014000992673856,0.0,0.2518854282786761,0.022878195212420842,0.2582441036972845,0.027383461197340017,0.0,0.0,0.0,0.04162437769220898,0.0,0.0,0.09459838542017766,0.0,0.0,0.12081314908229895,0.0,0.0,0.0,0.0,0.140175437229579,0.0,0.0,0.0,0.027383461197340017,0.0,0.0,0.0,0.0,0.0,0.0,0.0,0.0,0.0
2023-06-16,0.0,0.01283110120470689,0.0,0.25034140192312077,0.02496309483890231,0.24474197094736916,0.040282827701385866,0.0,0.0,0.0,0.04084194308440837,0.0,0.0,0.09917310340030433,0.0,0.0,0.1230609477289261,0.0,0.0,0.0,0.0,0.13635348172794995,0.0,0.0,0.0,0.027410127442926143,0.0,0.0,0.0,0.0,0.0,0.0,0.0,0.0,0.0
2023-06-23,0.0,0.0,0.0,0.2561161963821743,0.024699949398686954,0.24226164242527412,0.02816767140449189,0.0,0.0,0.0,0.05139293803688402,0.0,0.0,0.0909844695629938,0.0,0.0,0.1373927970505744,0.0,0.0,0.0,0.0,0.1408166643344284,0.0,0.0,0.0,0.02816767140449189,0.0,0.0,0.0,0.0,0.0,0.0,0.0,0.0,0.0
2023-06-30,1.1102230246251564e-16,0.0,0.0,0.24614043261369495,0.1241532022273933,0.1688126832482569,0.04152717139899496,0.0,0.0,0.002067370915493567,0.0,0.0,0.0,0.08742315925654792,0.0,0.0,0.13946199254255404,0.0,0.033328888786622136,0.0,0.0,0.12375621022381982,0.0,0.0,0.0,0.033328888786622136,0.0,0.0,0.0,0.0,0.0,0.0,0.0,0.0,0.0
2023-07-07,1.1102230246251565e-16,0.0,0.0,0.23881864700866906,0.11809783958080841,0.17384807568055569,0.047360650519283905,0.0,0.0,0.004155981260072776,0.0,0.0,0.0,0.07613455607603742,0.0,0.0,0.14222973934206462,0.0,0.04437878518862415,0.0,0.0,0.11059694015525959,0.0,0.0,0.0,0.04437878518862415,0.0,0.0,0.0,0.0,0.0,0.0,0.0,0.0,0.0
2023-07-14,1.1102230246251565e-16,0.006193613831594326,0.0,0.23910283077143915,0.12720956105553755,0.17801972343842618,0.038776321818697335,0.0,0.0,0.007329016511600723,0.0,0.0,0.0,0.07286194369923923,0.0,0.0,0.13445174358857892,0.0,0.038776321818697335,0.0,0.0,0.11850260164749167,0.0,0.0,0.0,0.038776321818697335,0.0,0.0,0.0,0.0,0.0,0.0,0.0,0.0,0.0
2023-07-21,1.1102230246251564e-16,0.01671058277250226,0.0,0.2351211310735631,0.1656603299652117,0.14176324592276704,0.024685146833307667,0.0,0.0,0.0,0.0,0.0,0.0,0.10811715959403234,0.0,0.0,0.10169192890928176,0.0,0.024685146833307667,0.0,0.0,0.15345420569710067,0.0,0.0,0.0,0.02811112239892551,0.0,0.0,0.0,0.0,0.0,0.0,0.0,0.0,0.0
2023-07-28,0.0,0.035636171459927396,0.0,0.21685454617816363,0.14335070141125378,0.1431397966331753,0.020832162239382567,0.0,0.0,0.0,0.0,0.0,0.020832162239382567,0.1049453000228814,0.0,0.0,0.13405523386588358,0.0,0.020832162239382567,0.0,0.0,0.11785743923180202,0.020832162239382567,0.0,0.0,0.020832162239382567,0.0,0.0,0.0,0.0,0.0,0.0,0.0,0.0,0.0
2023-08-04,0.0,0.02551910974381781,0.0,0.2153690225744136,0.1674460150838257,0.12688493837309825,0.016383748923645493,0.0,0.0,0.002277639645683886,0.0,0.0,0.016383748923645493,0.12171369626425235,0.0,0.0,0.12089696054138727,0.0,0.016383748923645493,0.0,0.0,0.12945356389071383,0.016383748923645493,0.0,0.0,0.02490405818822524,0.0,0.0,0.0,0.0,0.0,0.0,0.0,0.0,0.0
2023-08-11,0.0,0.019578600726465542,0.0,0.22374289044369366,0.16560425063372358,0.127361501190981,0.018742917303502846,0.0,0.0,0.0,0.0,0.0,0.018742917303502846,0.11848997034642886,0.0,0.0,0.12434085690456279,0.0,0.018742917303502846,0.0,0.0,0.12529418780465726,0.018742917303502846,0.0,0.0,0.020616072735475874,0.0,0.0,0.0,0.0,0.0,0.0,0.0,0.0,0.0
2023-08-18,0.0,0.023548597367910817,0.0,0.22011868080290617,0.1541416246486424,0.11855568796483718,0.02005803971353503,0.0,0.0,0.0018074072677783492,0.0,0.0,0.02005803971353503,0.12079188029876323,0.0,0.0,0.13010737382478726,0.0,0.02005803971353503,0.0,0.0,0.11975092858311216,0.02005803971353503,0.0,0.0,0.030945660387122383,0.0,0.0,0.0,0.0,0.0,0.0,0.0,0.0,0.0
2023-08-25,0.04162392327457997,0.020886570312698433,0.0,0.23380848598961496,0.14150272187734453,0.10489115148293729,0.0372949130662761,0.0,0.0,0.0032602410318723074,0.0,0.0,0.0372949130662761,0.11782349159373914,0.0,0.0,0.1601323469959039,0.0,0.0,0.0,0.0,0.1014812413087573,0.0,0.0,0.0,0.0,0.0,0.0,0.0,0.0,0.0,0.0,0.0,0.0,0.0
2023-09-01,0.0380783292324446,0.012596090136100217,0.0,0.23667244938596932,0.12417331140855867,0.08972179665267847,0.05597887756463496,0.0,0.0,0.005042664901634888,0.0,0.0,0.05597887756463496,0.10327126308336385,0.0,0.0,0.167832839723791,0.0,0.0,0.0,0.0,0.09769421038968634,0.0,0.0,0.0,0.012959289956502673,0.0,0.0,0.0,0.0,0.0,0.0,0.0,0.0,0.0
2023-09-08,0.03876971841177895,0.016825047295498267,0.0,0.23218398427275494,0.13075059026646302,0.09022458747717071,0.053542757976444234,0.0,0.0,0.00205118782032392,0.0,0.0,0.053542757976444234,0.1141140199475474,0.0,0.0,0.16867587577363996,0.0,0.0,0.0,0.0,0.09931947278193419,0.0,0.0,0.0,0.0,0.0,0.0,0.0,0.0,0.0,0.0,0.0,0.0,0.0
2023-09-15,0.03580312012853409,0.002999766226080349,0.0,0.25176823780186086,0.10654678332131137,0.11892474765623207,0.04761268372945693,0.0,0.0,0.009601098433498828,0.0,0.0,0.04761268372945693,0.10079965949459438,0.0,0.0,0.1890478498134565,0.0,0.0,0.0,0.0,0.08928336966551761,0.0,0.0,0.0,0.0,0.0,0.0,0.0,0.0,0.0,0.0,0.0,0.0,0.0
2023-09-22,0.03882515658888158,0.0,0.0,0.23200202148090238,0.1296316140417899,0.08518072749466282,0.03978444011820724,0.0,0.0,0.018399233767410247,0.0,0.0,0.04390468408679898,0.13924984607081253,0.0,0.0,0.1754692248839964,0.0,0.0,0.0,0.0,0.0975530514665379,0.0,0.0,0.0,0.0,0.0,0.0,0.0,0.0,0.0,0.0,0.0,0.0,0.0
2023-09-29,0.11333462598626833,0.0,0.0,0.19712289942280148,0.09521263500339827,0.14961104413401177,0.03420902923556303,0.0,0.0,0.006969687010066316,0.0,0.0,0.037334689898062066,0.1032789082122739,0.0,0.0,0.21899960233306454,0.0,0.0,0.0,0.0,0.04392687876449035,0.0,0.0,0.0,0.0,0.0,0.0,0.0,0.0,0.0,0.0,0.0,0.0,0.0
2023-10-06,0.11210668017564712,0.0025469714312153953,0.0,0.17157015435693165,0.09766578260389466,0.1606996471619554,0.05206416286268368,0.0,0.0,0.012183691049921055,0.0,0.0,0.05206416286268368,0.08522794552662621,0.0,0.0,0.21713354167021712,0.0,0.0,0.0,0.0,0.036737260298224036,0.0,0.0,0.0,0.0,0.0,0.0,0.0,0.0,0.0,0.0,0.0,0.0,0.0
2023-10-13,0.11575302288395542,0.020850000564862803,0.0,0.17197562647116232,0.1253325037696139,0.12446632195284074,0.04039319790495909,0.0,0.0,0.0017654881521018309,0.0,0.0,0.052330677148112376,0.10818643234233498,0.0,0.0,0.2011625191362927,0.0,0.0,0.0,0.0,0.03778420967376381,0.0,0.0,0.0,0.0,0.0,0.0,0.0,0.0,0.0,0.0,0.0,0.0,0.0
2023-10-20,0.11554924204163378,0.029559396057656652,0.0,0.16616591650590687,0.13798413920898944,0.11715222075942971,0.034103216127429475,0.0,0.0,0.0,0.0,0.0,0.049735517950066685,0.11543479176279631,0.0,0.0,0.1973449125560306,0.0,0.0,0.0,0.0,0.03697064703006041,0.0,0.0,0.0,0.0,0.0,0.0,0.0,0.0,0.0,0.0,0.0,0.0,0.0
2023-10-27,0.2345759095336719,0.054917424868229314,0.0,0.0800289938913533,0.12430782086157499,0.11396787047133523,0.013725137768165528,0.0,0.0,0.0,0.025931932150253967,0.0,0.057610068913974126,0.10162923113319526,0.0,0.0,0.16737367825799238,0.0,0.0,0.0,0.0,0.025931932150253967,0.0,0.0,0.0,0.0,0.0,0.0,0.0,0.0,0.0,0.0,0.0,0.0,0.0
2023-11-03,0.23399937017204953,0.05874031831181176,0.0,0.08889514546165322,0.11381288146096774,0.10784875235040894,0.01723672778205426,0.0,0.0,0.0,0.025499527629037188,0.0,0.058206911788606805,0.10407559865987236,0.0,0.0,0.16618523875450086,0.0,0.0,0.0,0.0,0.025499527629037188,0.0,0.0,0.0,0.0,0.0,0.0,0.0,0.0,0.0,0.0,0.0,0.0,0.0
2023-11-10,0.23916979818145936,0.0464926438690228,0.0,0.09462199182066322,0.10213239285044756,0.12344973956313898,0.017738261568865748,0.0,0.0,0.0,0.029377348636094563,0.0,0.050554454579829704,0.08849982597412942,0.0,0.0,0.178586194320254,0.0,0.0,0.0,0.0,0.029377348636094563,0.0,0.0,0.0,0.0,0.0,0.0,0.0,0.0,0.0,0.0,0.0,0.0,0.0
2023-11-17,0.23217654041152114,0.08153034564015788,0.0,0.057862145749224075,0.08570206340722515,0.1213038982559693,0.008931907933980746,0.0,0.0,0.0,0.02413240530864086,0.0,0.09582397584359745,0.10467728010949501,0.0,0.0,0.16372703203154762,0.0,0.0,0.0,0.0,0.02413240530864086,0.0,0.0,0.0,0.0,0.0,0.0,0.0,0.0,0.0,0.0,0.0,0.0,0.0
2023-11-24,0.0,0.15958481174470182,0.0,0.0700672206701913,0.07629325916199985,0.1670886394489499,0.088904679792465,0.0,0.0,0.0,0.0,0.0,0.09056909370889674,0.15350768989268704,0.0,0.0,0.1583539425395539,0.0,0.0,0.0,0.0,0.0,0.0,0.0,0.0,0.035630663040554254,0.0,0.0,0.0,0.0,0.0,0.0,0.0,0.0,0.0
2023-12-01,0.0,0.17437323315983494,0.0,0.07105743256494179,0.0732174448805738,0.1727648750343804,0.10315291839372948,0.0,0.0,0.0,0.0,0.0,0.0955151039997193,0.13200928075664892,0.0,0.0,0.14214446532000627,0.0,0.0,0.0,0.0,0.0,0.0,0.0,0.0,0.03576524589016478,0.0,0.0,0.0,0.0,0.0,0.0,0.0,0.0,0.0
2023-12-08,0.0,0.17057272426047002,0.0,0.07543205920393772,0.0923157553935144,0.15352219504295903,0.10732177577392923,0.0,0.0,0.0,0.0,0.0,0.05210485263228906,0.149277085232157,0.0,0.0,0.16225390232817488,0.0,0.0,0.0,0.0,0.0,0.0,0.0,0.0,0.03719965013256838,0.0,0.0,0.0,0.0,0.0,0.0,0.0,0.0,0.0
2023-12-15,0.0,0.17067093639939254,0.0,0.07234964695552132,0.0749733205897922,0.13355782884589118,0.11557003302116033,0.0,0.0,0.0,0.0,0.0,0.0424029444345818,0.15638912412666436,0.0,0.0,0.19580058395907668,0.0,0.0,0.0,0.0,0.0,0.0,0.0,0.0,0.03828558166791958,0.0,0.0,0.0,0.0,0.0,0.0,0.0,0.0,0.0
2023-12-22,0.0,0.09867223352586402,0.0,0.12005584598504512,0.07441190030941892,0.14373504976249626,0.10672366244819065,0.0,0.0,0.0,0.0,0.0,0.054260297608802834,0.13775339572982503,0.0,0.0,0.19745969873904404,0.0,0.0,0.0,0.0,0.012667618282510102,0.0,0.0,0.0,0.054260297608802834,0.0,0.0,0.0,0.0,0.0,0.0,0.0,0.0,0.0
2023-12-29,0.0,0.09874997422256553,0.0,0.1271869888203611,0.07908968320489662,0.16549709092850884,0.07113926360223435,0.0,0.0,0.0,0.0,0.0,0.0,0.15595249767043057,0.0,0.0,0.20951941098480026,0.0,0.02123900115123091,0.0,0.0,0.02914808711250967,0.02123900115123091,0.0,0.0,0.02123900115123091,0.0,0.0,0.0,0.0,0.0,0.0,0.0,0.0,0.0
2024-01-05,0.0,0.11938922411737302,0.0,0.1030375713790883,0.07207031737910312,0.18379867569823655,0.08924770282092583,0.0,0.0,0.0,0.0,0.0,0.0,0.15827158536659092,0.0,0.0,0.1842247030921817,0.0,0.021459366231620244,0.0,0.0,0.01988004726697183,0.027161440416288027,0.0,0.0,0.021459366231620244,0.0,0.0,0.0,0.0,0.0,0.0,0.0,0.0,0.0
2024-01-12,0.0,0.09627156053418821,0.0,0.10176791145888008,0.07523199724876076,0.13893195703954173,0.10176707532249728,0.0,0.0,0.023097111319957616,0.0053197933983331,0.0,0.0,0.14859100617880527,0.0,0.0,0.18664648257531385,0.0,0.03096188432585252,0.0,0.0,0.021971512523000614,0.03847982374901627,0.0,0.0,0.03096188432585252,0.0,0.0,0.0,0.0,0.0,0.0,0.0,0.0,0.0
2024-01-19,0.0,0.07218191700658697,0.0,0.11535341815628586,0.03829636323313011,0.15629410891937406,0.12257182689838302,0.0,0.0,0.024150510561084488,0.02447177420630989,0.0,0.0,0.12058158341102532,0.0,0.0,0.19379117956335157,0.0,0.03485634489378854,0.0,0.0,0.006775788082958856,0.05581884017393253,0.0,0.0,0.03485634489378854,0.0,0.0,0.0,0.0,0.0,0.0,0.0,0.0,0.0
2024-01-26,0.038470416698456814,0.06282479224526494,0.0,0.11096537240291685,0.05875089189229736,0.042945522766754424,0.17435674978305285,0.0,0.0,0.02693628375524916,0.05080139505990451,0.0,0.0,0.1249712036842811,0.0,0.0,0.1775734357074289,0.0,0.0,0.0,0.0,0.024030662718520158,0.06442775051911842,0.0,0.0,0.042945522766754424,0.0,0.0,0.0,0.0,0.0,0.0,0.0,0.0,0.0
2024-02-02,0.03847041669845681,0.07255089794243169,0.0,0.12073628720544591,0.07225594959364458,0.028447943940644784,0.16501867358211236,0.0,0.0,0.023575181173495666,0.043262806455662904,0.0,0.0,0.13441994763607718,0.0,0.0,0.19596508271567825,0.0,0.0,0.0,0.0,0.027588608802089232,0.04926026031361557,0.0,0.0,0.028447943940644784,0.0,0.0,0.0,0.0,0.0,0.0,0.0,0.0,0.0
2024-02-09,0.03847041669845681,0.06890516561115279,0.0,0.12915729045699967,0.07280801709185358,0.024494297157506947,0.1881608565467176,0.0,0.0,0.0048741366604557225,0.03383156114673109,0.0,0.0,0.1369410861906325,0.0,0.0,0.2126378248849328,0.0,0.0,0.0,0.0,0.021509544015293328,0.04371550638175993,0.0,0.0,0.024494297157506947,0.0,0.0,0.0,0.0,0.0,0.0,0.0,0.0,0.0
2024-02-16,0.038470416698456814,0.06618514087748005,0.0,0.13407021491105445,0.08452246204242224,0.024082945302671795,0.18099288928563306,0.0,0.0,0.0070509302487660255,0.04702214210106144,0.0,0.0,0.12851747282530412,0.0,0.0,0.1950646168789151,0.0,0.0,0.0,0.0,0.02496703525890159,0.04497078826666133,0.0,0.0,0.024082945302671795,0.0,0.0,0.0,0.0,0.0,0.0,0.0,0.0,0.0
2024-02-23,0.03503636352997868,0.0,0.0,0.043544647351564346,0.0904182742526132,0.1245357011640221,0.2191144749788325,0.0,0.0,0.013173646180949194,0.04751543333854227,0.0,0.0,0.1311953144372932,0.0,0.0,0.20743799890764714,0.0,0.0,0.0,0.0,0.007953897658102152,0.04916576630329319,0.0,0.0,0.03090848189716184,0.0,0.0,0.0,0.0,0.0,0.0,0.0,0.0,0.0
2024-03-01,0.03754642785139266,0.0,0.0,0.05560478982701238,0.08818322662582986,0.12669554237188857,0.2067755670668539,0.0,0.0,0.023814957560399797,0.03344378049433813,0.0,0.0,0.1348064630114456,0.0,0.0,0.20485041084984634,0.0,0.0,0.0,0.0,0.020078701877996902,0.03798833437270197,0.0,0.0,0.030211798090293587,0.0,0.0,0.0,0.0,0.0,0.0,0.0,0.0,0.0
2024-03-08,0.035265351219941184,0.016608620007818275,0.0,0.07039384690755997,0.08386312018364432,0.1183524933881906,0.20212629176593494,0.0,0.0,0.004066860604695117,0.03813008193203451,0.0,0.0,0.12371035939498444,0.0,0.0,0.1930210862515384,0.0,0.0,0.0,0.0,0.018168614372795634,0.0481466369854312,0.0,0.0,0.0481466369854312,0.0,0.0,0.0,0.0,0.0,0.0,0.0,0.0,0.0
2024-03-15,0.033421937956975005,0.02838951979517454,0.0,0.06560222691031714,0.08670030720120503,0.11023610092483332,0.1888395367749409,0.0,0.0,0.021590975052382343,0.025066453467731252,0.0,0.0,0.1319354340400385,0.0,0.0,0.19840560324672393,0.0,0.0,0.0,0.0,0.016369699054847118,0.04925415883417812,0.0,0.0,0.044188046740652714,0.0,0.0,0.0,0.0,0.0,0.0,0.0,0.0,0.0
2024-03-22,0.06306778077768171,0.0,0.0,0.0637198479886557,0.07762548185918658,0.12552996034049205,0.18724002142784657,0.0,0.0,0.021506216091727245,0.047300835583261286,0.0,0.0,0.13827315505824497,0.0,0.0,0.1791968319637946,0.0,0.0,0.0,0.0,0.014438440320538528,0.04105071429428525,0.0,0.0,0.04105071429428525,0.0,0.0,0.0,0.0,0.0,0.0,0.0,0.0,0.0
2024-03-29,0.0,0.04561079312214075,0.0,0.13182916240248532,0.11525936073397319,0.01840656057199155,0.0624298573671008,0.0,0.0,0.06744966004293407,0.03803147529408148,0.0,0.01840656057199155,0.12346243397943366,0.0,0.0,0.24358416434520874,0.0,0.01840656057199155,0.0,0.0,0.016609992853948423,0.08210685757072735,0.0,0.0,0.01840656057199155,0.0,0.0,0.0,0.0,0.0,0.0,0.0,0.0,0.0
2024-04-05,0.0,0.05361195680168848,0.0,0.14119549717096538,0.08776164748321011,0.023278645179107434,0.059754228536821496,0.0,0.0,0.0649433528294672,0.03647558335771406,0.0,0.023278645179107434,0.09770990977185152,0.0,0.0,0.24731706760130157,0.0,0.023278645179107434,0.0,0.0,0.00901831305788425,0.10909786267266632,0.0,0.0,0.023278645179107434,0.0,0.0,0.0,0.0,0.0,0.0,0.0,0.0,0.0
2024-04-12,0.0,0.034355027122945546,0.0,0.1530804139748019,0.08465907925801641,0.03163335691219757,0.059753176451324726,0.0,0.0,0.060834722796801764,0.034355027122945546,0.0,0.02539814932837918,0.09064448553955978,0.0,0.0,0.2394476419578452,0.0,0.02539814932837918,0.0,0.0,0.01943407379545201,0.11560854708297202,0.0,0.0,0.02539814932837918,0.0,0.0,0.0,0.0,0.0,0.0,0.0,0.0,0.0
2024-04-19,0.0,0.07331815426233187,0.0,0.1417747258389591,0.0914613992734475,0.01891558225861627,0.05601368302123559,0.0,0.0,0.0632858532203465,0.03709810076261932,0.0,0.01891558225861627,0.09757769266143844,0.0,0.0,0.24557538866039313,0.0,0.01891558225861627,0.0,0.0,0.015578392897186138,0.10265428036757746,0.0,0.0,0.01891558225861627,0.0,0.0,0.0,0.0,0.0,0.0,0.0,0.0,0.0
2024-04-26,0.07502025167170731,0.07350826663606462,0.0,0.09694733794404323,0.13457028021361145,0.02441220882178585,0.10365589955028862,0.0,0.0,0.08715859890213513,0.0,0.0,0.02441220882178585,0.11033404368173554,0.0,0.0,0.2279355593222096,0.0,0.0,0.0,0.0,0.017633135612846927,0.0,0.0,0.0,0.02441220882178585,0.0,0.0,0.0,0.0,0.0,0.0,0.0,0.0,0.0
2024-05-03,0.07377536691347833,0.06738063719237394,0.0,0.07927646040307222,0.13551854991716225,0.022142406791944885,0.09536089081290418,0.0,0.0,0.10204779387021341,0.0,0.0,0.022142406791944885,0.12061239479622954,0.0,0.0,0.2409342722096098,0.0,0.0,0.0,0.0,0.018666413509121686,0.0,0.0,0.0,0.022142406791944885,0.0,0.0,0.0,0.0,0.0,0.0,0.0,0.0,0.0
2024-05-10,0.0738031183362761,0.10196946503355589,0.0,0.06779721348410517,0.11237238338605815,0.06229198859294978,0.09634256723662445,0.0,0.0,0.07605396399329276,0.0,0.0,0.0226542166270377,0.11959345597032237,0.0,0.0,0.2365380554888389,0.0,0.0,0.0,0.0,0.007929355223901076,0.0,0.0,0.0,0.0226542166270377,0.0,0.0,0.0,0.0,0.0,0.0,0.0,0.0,0.0
2024-05-17,0.07410833148259716,0.09859788012089754,0.0,0.06476563223746097,0.11915370840542154,0.10549898395573497,0.09353989584972103,0.0,0.0,0.07644586144697278,0.0,0.0,0.02347258190218259,0.10970146408246545,0.0,0.0,0.2112430786143633,0.0,0.0,0.0,0.0,0.0,0.0,0.0,0.0,0.02347258190218259,0.0,0.0,0.0,0.0,0.0,0.0,0.0,0.0,0.0
2024-05-24,0.07504650240082192,0.09213155099411184,0.0,0.06778128903624639,0.12119042123364938,0.09330654429152203,0.09725918083717502,0.0,0.0,0.0795596088205733,0.0,0.0,0.022749465412045148,0.10018279056331891,0.0,0.0,0.22804318099849086,0.0,0.0,0.0,0.0,0.0,0.0,0.0,0.0,0.022749465412045148,0.0,0.0,0.0,0.0,0.0,0.0,0.0,0.0,0.0
2024-05-31,0.0,0.17746768821819936,0.0,0.06565889972197117,0.01156884798668244,0.25085565150776473,0.060078384683374585,0.0,0.0,0.01491972198181162,0.0,0.0,0.060078384683374585,0.10794426936414028,0.0,0.0,0.19423675317666517,0.0,0.01906379955867204,0.0,0.0,0.0,0.01906379955867204,0.0,0.0,0.01906379955867204,0.0,0.0,0.0,0.0,0.0,0.0,0.0,0.0,0.0
2024-06-07,0.0,0.14331432214889242,0.0,0.08783798793824703,0.012964965960838608,0.25669039364829727,0.057726563401934564,0.0,0.0,0.0,0.0,0.0,0.057726563401934564,0.09695521349073802,0.0,0.0,0.21384088117205252,0.0,0.017834113940697862,0.0,0.0,0.0,0.017834113940697862,0.0,0.0,0.03727488095566941,0.0,0.0,0.0,0.0,0.0,0.0,0.0,0.0,0.0
2024-06-14,0.0,0.14509346686442,0.0,0.10269611027446529,0.0,0.2516162725703459,0.05927133104036697,0.0,0.0,0.0,0.0,0.0,0.05927133104036697,0.09677694796357858,0.0,0.0,0.2105193291548449,0.0,0.01880929668856574,0.0,0.0,0.013074700790217827,0.01880929668856574,0.0,0.0,0.024061916924262003,0.0,0.0,0.0,0.0,0.0,0.0,0.0,0.0,0.0
2024-06-21,0.0,0.09896134735384536,0.0,0.11058841577727804,0.0,0.2625078774737892,0.05496652925287847,0.0,0.0,0.0,0.0,0.0,0.05496652925287847,0.10801078775270452,0.0,0.0,0.22172630280484698,0.0,0.015018886946547247,0.0,0.0,0.00771383479101186,0.015018886946547247,0.0,0.0,0.0505206016476726,0.0,0.0,0.0,0.0,0.0,0.0,0.0,0.0,0.0
2024-06-28,0.0,0.12400661826711004,0.0,0.10838936765169506,0.0,0.23756844813364822,0.06546061505465252,0.0,0.0,0.0,0.0,0.0,0.01585618153379802,0.1024527468635543,0.0,0.0,0.20793750760935908,0.0,0.01585618153379802,0.0,0.0,0.0072452437838570844,0.01585618153379802,0.0,0.0,0.09937090803472953,0.0,0.0,0.0,0.0,0.0,0.0,0.0,0.0,0.0
2024-07-05,0.0,0.15122738599755267,0.0,0.11081635692608911,0.009603512636377865,0.2281289014328338,0.06264895716792535,0.0,0.0,0.0,0.0,0.0,0.01648613727628089,0.10230602098745592,0.0,0.0,0.19186938219766653,0.0,0.01648613727628089,0.0,0.0,0.03129211365733078,0.01648613727628089,0.0,0.0,0.06264895716792535,0.0,0.0,0.0,0.0,0.0,0.0,0.0,0.0,0.0
2024-07-12,0.0,0.14167997641716903,0.0,0.09722966688061543,0.009778030950950412,0.20427804667139318,0.06240722962440283,0.0,0.0,0.0,0.0,0.0,0.02009229169223722,0.12177389013052652,0.0,0.0,0.20424900270592952,0.0,0.02009229169223722,0.0,0.0,0.0359200519178986,0.02009229169223722,0.0,0.0,0.06240722962440283,0.0,0.0,0.0,0.0,0.0,0.0,0.0,0.0,0.0
2024-07-19,0.0,0.15344106474352143,0.0,0.06288834202013842,0.0,0.21438307027344744,0.1098196938484714,0.0,0.0,0.0,0.0,0.0,0.022542364228868128,0.0906903117113679,0.0,0.0,0.16681545157498345,0.0,0.022542364228868128,0.0,0.0,0.0,0.022542364228868128,0.0,0.0,0.13433497314146556,0.0,0.0,0.0,0.0,0.0,0.0,0.0,0.0,0.0
2024-07-26,0.06377767812909742,0.11272626316216681,0.0,0.032195371860907956,0.0,0.19986647001921257,0.06769970187845997,0.0,0.0,0.0,0.04783325859682307,0.0,0.0,0.10974487774893109,0.0,0.0,0.2098171002462447,0.0,0.019866443281636906,0.0,0.0,0.0,0.019866443281636906,0.0,0.0,0.11660639179488264,0.0,0.0,0.0,0.0,0.0,0.0,0.0,0.0,0.0
2024-08-02,0.041621832324560265,0.09813473104671878,0.0,0.04141293260650705,0.03218528815145955,0.21786654351702872,0.052180356143705704,0.0,0.0,0.007984384712533037,0.0312163742434202,0.0,0.0,0.13279258086734697,0.0,0.0,0.2287438503627226,0.0,0.020963981900285505,0.0,0.0,0.007121891777047343,0.020963981900285505,0.0,0.0,0.0668112704463786,0.0,0.0,0.0,0.0,0.0,0.0,0.0,0.0,0.0
2024-08-09,0.0414958843622724,0.1108362337834902,0.0,0.06110604755104887,0.015436145820669043,0.21533695338312345,0.05202245801282796,0.0,0.0,0.0,0.031121913271704302,0.0,0.0,0.11812111356063364,0.0,0.0,0.21599863045047896,0.0,0.02090054474112366,0.0,0.0,0.012009489289517965,0.02090054474112366,0.0,0.0,0.08471404103198563,0.0,0.0,0.0,0.0,0.0,0.0,0.0,0.0,0.0
2024-08-16,0.04106311267324622,0.09683251452127015,0.0,0.04432171130649831,0.031042868903898395,0.21228881528671095,0.05147990186858599,0.0,0.0,0.024051068655819782,0.030797334504934666,0.0,0.0,0.10977866978150694,0.0,0.0,0.20339087274377562,0.0,0.020682567363651323,0.0,0.0,0.014597693477462403,0.020682567363651323,0.0,0.0,0.0989903015489878,0.0,0.0,0.0,0.0,0.0,0.0,0.0,0.0,0.0
2024-08-23,0.04573040264187307,0.10582861226531486,0.0,0.020549966882292697,0.01829022796908637,0.21845616239089546,0.05484776886369751,0.0,0.0,0.02951680888301044,0.03429780198140481,0.0,0.0,0.11853357035719685,0.0,0.0,0.20774494392496637,0.0,0.020549966882292697,0.0,0.0,0.004716222501329495,0.050922200196235945,0.0,0.0,0.0700153442604033,0.0,0.0,0.0,0.0,0.0,0.0,0.0,0.0,0.0
2024-08-30,0.10945850290009308,0.10883248079077049,0.0,0.06093249618852471,0.0,0.21519216081090728,0.07131023614014981,0.0,0.0,0.04523307394058193,0.053105100162225055,0.0,0.0,0.0783382372224946,0.0,0.0,0.1679664489667887,0.0,0.018205135977924756,0.0,0.0,0.0,0.053220990921614794,0.0,0.0,0.018205135977924756,0.0,0.0,0.0,0.0,0.0,0.0,0.0,0.0,0.0
2024-09-06,0.08173652124843339,0.09932955500764906,0.0,0.06464299809806387,0.0,0.2414063493284257,0.051023962895258686,0.0,0.0,0.009059008975104024,0.04121268658065641,0.0,0.0,0.0859375288190884,0.0,0.0,0.19003486249140836,0.0,0.039444489156260615,0.0,0.0,0.0,0.07746168842787306,0.0,0.0,0.018710348971778396,0.0,0.0,0.0,0.0,0.0,0.0,0.0,0.0,0.0
2024-09-13,0.08311683543632678,0.12159782291978778,0.0,0.06142867989727237,0.0,0.2426774309391075,0.05210238074026499,0.0,0.0,0.009442057158804074,0.03334884956440034,0.0,0.0,0.08022802217450124,0.0,0.0,0.1870130796657384,0.0,0.01875353117586465,0.0,0.0,0.0,0.08172322291262424,0.0,0.0,0.028568087415307405,0.0,0.0,0.0,0.0,0.0,0.0,0.0,0.0,0.0
2024-09-20,0.08736459195581603,0.10150130324424192,0.0,0.05826763826212168,0.0,0.25076404513685824,0.055381005624466864,0.0,0.0,0.010686171079063013,0.036534666954017275,0.0,0.0,0.10111470111068728,0.0,0.0,0.19542088963239246,0.0,0.018846338670449585,0.0,0.0,0.0,0.054309646508151524,0.0,0.0,0.029809001821734106,0.0,0.0,0.0,0.0,0.0,0.0,0.0,0.0,0.0
2024-09-27,0.08467020268311211,0.0,0.0,0.027669367563820477,0.003296640930818717,0.24215869335433743,0.05329219345834675,0.0,0.0,0.024781369113080546,0.03491831796304147,0.0,0.0,0.0930142097020896,0.0,0.0,0.17995124285506456,0.0,0.01837387549530528,0.0,0.0,0.0,0.21950001138567765,0.0,0.0,0.01837387549530528,0.0,0.0,0.0,0.0,0.0,0.0,0.0,0.0,0.0
2024-10-04,0.08649143096806176,0.010773786670947054,0.0,0.027532619273312964,0.0,0.24687862734915836,0.054750740710643675,0.0,0.0,0.009324813080241941,0.03628423917675371,0.0,0.0,0.08891869464461487,0.0,0.0,0.17973075824918314,0.0,0.018466501533889967,0.0,0.0,0.0,0.22238128680930247,0.0,0.0,0.018466501533889967,0.0,0.0,0.0,0.0,0.0,0.0,0.0,0.0,0.0
2024-10-11,0.08112925702209631,0.006498234939378973,0.0,0.021573137392368685,0.0,0.23085762459103903,0.050061887692156165,0.0,0.0,0.005146430986947054,0.06364191851720619,0.0,0.0,0.06103110403111247,0.0,0.0,0.17076771420426679,0.0,0.05686388126767293,0.0,0.0,0.0,0.23462953038087864,0.0,0.0,0.017799278974876553,0.0,0.0,0.0,0.0,0.0,0.0,0.0,0.0,0.0
2024-10-18,0.1087918752646552,0.014625415221173088,0.0,0.018669765858299818,0.0,0.22263804580897406,0.07167933825749859,0.0,0.0,0.020846337225589578,0.053009572399198776,0.0,0.0,0.05464987008977666,0.0,0.0,0.14826340085071657,0.0,0.028142816596640318,0.0,0.0,0.0,0.24001379656917748,0.0,0.0,0.018669765858299818,0.0,0.0,0.0,0.0,0.0,0.0,0.0,0.0,0.0
2024-10-25,0.1084824525789041,0.0,0.0,0.03413169049299023,0.0,0.20984215861129177,0.02568757585301501,0.0,0.0,0.02027726190662257,0.05261831866858027,0.0,0.0,0.06548334128377976,0.0,0.0,0.15134087182468417,0.0,0.07830589452159528,0.0,0.0,0.004272348523122005,0.22387050988239965,0.0,0.0,0.02568757585301501,0.0,0.0,0.0,0.0,0.0,0.0,0.0,0.0,0.0
2024-11-01,0.08249705346418604,0.015506470148380887,0.0,0.026819496247074266,0.0,0.22785483619328095,0.022138515383378264,0.0,0.0,0.0,0.033129269332541726,0.0,0.0,0.07892333855546821,0.0,0.0,0.16916812179166454,0.0,0.05526778471591999,0.0,0.0,0.0,0.22959010679519962,0.0,0.0,0.05910500737290543,0.0,0.0,0.0,0.0,0.0,0.0,0.0,0.0,0.0
2024-11-08,0.08080634118113011,0.006291204955361538,0.0,0.019815126776299603,0.0,0.2524324555365202,0.019815126776299603,0.0,0.0,0.0027785000858214187,0.031861235120249784,0.0,0.0,0.06928778992754085,0.0,0.0,0.18557171556508292,0.0,0.05167636189654939,0.0,0.0,0.0,0.20649228855951512,0.0,0.0,0.07317185361962922,0.0,0.0,0.0,0.0,0.0,0.0,0.0,0.0,0.0
2024-11-15,0.08024270822582441,0.0069807395422764006,0.0,0.02260590018905483,0.0,0.25084126017824143,0.02260590018905483,0.0,0.0,0.008436899764135065,0.0314385104037705,0.0,0.0,0.06746943111239714,0.0,0.0,0.19140413175493473,0.0,0.05404441059282533,0.0,0.0,0.0,0.2117653010875752,0.0,0.0,0.052164806959909896,0.0,0.0,0.0,0.0,0.0,0.0,0.0,0.0,0.0
2024-11-22,0.08272866455518338,0.024864440832608175,0.0,0.022466217794157396,0.0,0.23232759033638395,0.022466217794157396,0.0,0.0,0.009295656590020003,0.03330297765078973,0.0,0.0,0.09305230865594813,0.0,0.0,0.17242033696358514,0.0,0.05576919544494713,0.0,0.0,0.0,0.22404352687896406,0.0,0.0,0.027262866503255278,0.0,0.0,0.0,0.0,0.0,0.0,0.0,0.0,0.0
2024-11-29,0.0841466036873931,0.007759740823080982,0.0,0.0,0.0,0.2501742570114857,0.024270135792130137,0.0,0.0,0.008648338174764222,0.03320898433762013,0.0,0.0,0.08317227297760414,0.0,0.0,0.1938978690483634,0.0,0.0,0.0,0.0,0.0,0.2388303403060898,0.0,0.0,0.07589145784146822,0.0,0.0,0.0,0.0,0.0,0.0,0.0,0.0,0.0
2024-12-06,0.09203964402877593,0.03015023547123754,0.0,0.0,0.0,0.24629702439876439,0.025147756919198468,0.0,0.0,0.003245392560584908,0.03912876459365724,0.0,0.0,0.09758627642374429,0.0,0.0,0.18054003959567932,0.0,0.0,0.0,0.0,0.0,0.1910341470639684,0.0,0.0,0.09483071894438938,0.0,0.0,0.0,0.0,0.0,0.0,0.0,0.0,0.0
2024-12-13,0.08783117663947976,0.009576655580052364,0.0,0.0,0.0,0.2178360099041548,0.024979005097434424,0.0,0.0,0.05002884107132111,0.03597241405168512,0.0,0.0,0.10902350159133019,0.0,0.0,0.19470088812237013,0.0,0.0,0.0,0.0,0.0,0.19201114607519115,0.0,0.0,0.07804036186698088,0.0,0.0,0.0,0.0,0.0,0.0,0.0,0.0,0.0
2024-12-20,0.08470296672550566,0.041257637275595054,0.0,0.0,0.0,0.21077251837517866,0.025552229692911307,0.0,0.0,0.0383014392671337,0.03362625661620454,0.0,0.0,0.1034053662346685,0.0,0.0,0.21380135566949496,0.0,0.0,0.0,0.0,0.0,0.18940174383419187,0.0,0.0,0.059178486309115846,0.0,0.0,0.0,0.0,0.0,0.0,0.0,0.0,0.0
2024-12-27,0.08210076068913393,0.06723987552446767,0.0,0.0,0.0,0.25224571357006326,0.023341500827656913,0.0,0.0,0.09859216220502193,0.0,0.0,0.0,0.07024555426636037,0.0,0.0,0.19507671775971755,0.0,0.0,0.0,0.0,0.0,0.08675362780852859,0.0,0.0,0.1244040873490496,0.0,0.0,0.0,0.0,0.0,0.0,0.0,0.0,0.0
2025-01-03,0.08196992229327002,0.06964738011526758,0.0,0.0,0.0,0.23137139528374617,0.023274422439287554,0.0,0.0,0.08675962095115401,0.0,0.0,0.0,0.07388798681964649,0.0,0.0,0.20921181188278615,0.0,0.0,0.0,0.0,0.0,0.08327909753502265,0.0,0.0,0.1405983626798193,0.0,0.0,0.0,0.0,0.0,0.0,0.0,0.0,0.0
2025-01-10,0.08081731956267736,0.07666691528187018,0.0,0.0,0.0,0.19526300947040032,0.0513484392621892,0.0,0.0,0.08848940933851179,0.0,0.0,0.0,0.09305355725324078,0.0,0.0,0.1913397307358528,0.0,0.0,0.0,0.0,0.0,0.09872731967449407,0.0,0.0,0.12429429942076355,0.0,0.0,0.0,0.0,0.0,0.0,0.0,0.0,0.0
2025-01-17,0.08234203908147245,0.06457340880291915,0.0,0.0,0.0,0.22840446278559798,0.028259702389323293,0.0,0.0,0.07847848359956658,0.0,0.0,0.0,0.08885287418431971,0.0,0.0,0.20607364619702478,0.0,0.0,0.0,0.0,0.0,0.07556720108451216,0.0,0.0,0.14744818187526382,0.0,0.0,0.0,0.0,0.0,0.0,0.0,0.0,0.0
2025-01-24,0.08000550685233877,0.07095712590089798,0.0,0.0,0.0,0.21848403793933077,0.07437446707699116,0.0,0.0,0.06695028639714748,0.0,0.0,0.0,0.08873567247247661,0.0,0.0,0.19478561013722154,0.0,0.0,0.0,0.0,0.0,0.06201509910737285,0.0,0.0,0.1436921941162227,0.0,0.0,0.0,0.0,0.0,0.0,0.0,0.0,0.0
2025-01-31,0.03975754892109901,0.11706607993574245,0.0,0.037978173705991325,0.0,0.21479981783344212,0.09229670516022774,0.0,0.0,0.012335673729307212,0.0,0.0,0.037978173705991325,0.07389588994800592,0.0,0.0,0.18413312205219282,0.0,0.0,0.0,0.0,0.0,0.037978173705991325,0.0,0.0,0.15178064130200855,0.0,0.0,0.0,0.0,0.0,0.0,0.0,0.0,0.0
2025-02-07,0.039757548921099006,0.12448393553299034,0.0,0.03857912860323972,0.0,0.2204264525617873,0.08206019379344809,0.0,0.0,0.012118600859829774,0.0,0.0,0.03857912860323972,0.07125330541869845,0.0,0.0,0.18124218396789235,0.0,0.0,0.0,0.0,0.0,0.04053816711796917,0.0,0.0,0.15096135461980595,0.0,0.0,0.0,0.0,0.0,0.0,0.0,0.0,0.0
2025-02-14,0.03975754892109902,0.120979076489055,0.0,0.0391294127912025,0.0,0.22353280899349995,0.12322615013868246,0.0,0.0,0.0,0.0,0.0,0.041684861157841396,0.058995112780495323,0.0,0.0,0.16256223573164133,0.0,0.0,0.0,0.0,0.0,0.0391294127912025,0.0,0.0,0.1510033802052804,0.0,0.0,0.0,0.0,0.0,0.0,0.0,0.0,0.0
2025-02-21,0.03975754892109902,0.16867754578903843,0.0,0.027331632119689864,0.0,0.23015459407422875,0.07214477764885757,0.0,0.0,0.004644366090426889,0.0,0.0,0.027331632119689864,0.10467162999399218,0.0,0.0,0.1773101071460835,0.0,0.0,0.0,0.0,0.0,0.027331632119689864,0.0,0.0,0.12064453397720411,0.0,0.0,0.0,0.0,0.0,0.0,0.0,0.0,0.0
2025-02-28,0.16045293979106362,0.14645913219438814,0.0,0.02126303433242059,0.0,0.20301501202582603,0.048587792099015384,0.0,0.0,0.003931027468022719,0.0,0.0,0.03716465704976892,0.11185711585605482,0.0,0.0,0.18198114410689195,0.0,0.0,0.0,0.0,0.0,0.06402511074412709,0.0,0.0,0.02126303433242059,0.0,0.0,0.0,0.0,0.0,0.0,0.0,0.0,0.0
2025-03-07,0.16220842983086003,0.14688527731341364,0.0,0.024060861741882645,0.0,0.19823269908496344,0.06705150072509182,0.0,0.0,0.0024179991000056224,0.0,0.0,0.040198800426126655,0.10577355407211413,0.0,0.0,0.17027352213720678,0.0,0.0,0.0,0.0,0.0,0.05883649382645256,0.0,0.0,0.024060861741882645,0.0,0.0,0.0,0.0,0.0,0.0,0.0,0.0,0.0
2025-03-14,0.15757775559170714,0.14290628390343457,0.0,0.02277518334243072,0.0,0.21566622440052363,0.038289762032942605,0.0,0.0,0.005806457848809436,0.0,0.0,0.038289762032942605,0.11266191942601436,0.0,0.0,0.1787500931078873,0.0,0.0,0.0,0.0,0.0,0.06057843434587471,0.0,0.0,0.026698123967432784,0.0,0.0,0.0,0.0,0.0,0.0,0.0,0.0,0.0
2025-03-21,0.15652635999884157,0.1426351780176028,0.0,0.02068128959514838,0.0,0.21228366042122104,0.03605433426354375,0.0,0.0,0.010850207115065532,0.0,0.0,0.03605433426354375,0.11749689619040854,0.0,0.0,0.17743680533671563,0.0,0.0,0.0,0.0,0.0,0.058260462219226386,0.0,0.0,0.031720472578682476,0.0,0.0,0.0,0.0,0.0,0.0,0.0,0.0,0.0
2025-03-28,0.6539215095457634,0.05945335179244794,0.0,0.013806960818908877,0.0,0.08938884071167033,0.017606671709619097,0.0,0.0,0.0,0.0,0.0,0.019097084262641235,0.04273079425542288,0.0,0.0,0.06040525506042347,0.0,0.0,0.0,0.0,0.0,0.005205029222521426,0.0,0.0,0.038384502620581296,0.0,0.0,0.0,0.0,0.0,0.0,0.0,0.0,0.0
2025-04-04,0.6629857826754337,0.05964681038513971,0.0,0.011769584610753031,0.0,0.08687056066656625,0.028679097447699073,0.0,0.0,0.0,0.0,0.0,0.01936801577667497,0.03556230706972864,0.0,0.0,0.056754763765359026,0.0,0.0,0.0,0.0,0.0,0.010050987940720263,0.0,0.0,0.02831208966192527,0.0,0.0,0.0,0.0,0.0,0.0,0.0,0.0,0.0
2025-04-11,0.662830039662939,0.056598269926285326,0.0,0.02060550833687294,0.0,0.08115932488177055,0.034946788261305047,0.0,0.0,0.0,0.0,0.0,0.019303928341531516,0.030508627003850014,0.0,0.0,0.04643837171085153,0.0,0.0,0.0,0.0,0.008593335625604359,0.009284578055635604,0.0,0.0,0.02973122819335417,0.0,0.0,0.0,0.0,0.0,0.0,0.0,0.0,0.0
2025-04-18,0.6625194935800331,0.05338634858096805,0.0,0.021560397347553235,0.003011217015268229,0.07917381083585083,0.0392829183202446,0.0,0.0,0.0,0.0,0.0,0.018858896357348845,0.028342301242854157,0.0,0.0,0.0425030356600843,0.0,0.0,0.0,0.0,0.00975968162299694,0.006721604262390877,0.0,0.0,0.03488029517440676,0.0,0.0,0.0,0.0,0.0,0.0,0.0,0.0,0.0
2025-04-25,0.6733471490281459,0.04578759111556022,0.0,0.03594702304960669,0.004389849419293522,0.07348689006425858,0.07207540939382759,0.0,0.0,0.0,0.011427245146358825,0.0,0.0,0.0,0.0,0.0,0.01991214564168585,0.0,0.0,0.0,0.0,0.007711279269612952,0.0254071176458492,0.0,0.0,0.03050830022580068,0.0,0.0,0.0,0.0,0.0,0.0,0.0,0.0,0.0
2025-05-02,0.6739859396166822,0.05012377190772299,0.0,0.03889493880362091,0.002203437455113786,0.07776116325496413,0.06130241090056163,0.0,0.0,0.0,0.009959645717630286,0.0,0.0,0.0,0.0,0.0,0.019813269443495502,0.0,0.0,0.0,0.0,0.00932112895390505,0.024658618972739133,0.0,0.0,0.031975674973564294,0.0,0.0,0.0,0.0,0.0,0.0,0.0,0.0,0.0
2025-05-09,0.6678235665458785,0.05339804057902369,0.0,0.028370454778115048,0.0,0.07646556286121167,0.07042771564251218,0.0,0.0,0.0,0.02938689281000746,0.0,0.0012349365019243205,0.0,0.0,0.0,0.018985170714067946,0.0,0.012237539701862199,0.0,0.0,0.0,0.02083505993269847,0.0,0.0,0.02083505993269847,0.0,0.0,0.0,0.0,0.0,0.0,0.0,0.0,0.0
2025-05-16,0.6692117951964095,0.05510791331046062,0.0,0.03712611366457318,0.0,0.082597676946797,0.07076590773706878,0.0,0.0,0.0,0.013718558580430175,0.0,0.0,0.0,0.0,0.0,0.019830380467766497,0.0,0.0,0.0,0.0,0.003724431572157126,0.02345079143537955,0.0,0.0,0.024466431088957477,0.0,0.0,0.0,0.0,0.0,0.0,0.0,0.0,0.0
2025-05-23,0.6753910648401005,0.05200110225598019,0.0,0.037400941140572866,0.0012402761548347093,0.07793656632547569,0.07067419268281526,0.0,0.0,0.0,0.011985140583945248,0.0,0.0,0.0,0.0,0.0,0.019724797679763775,0.0,0.0,0.0,0.0,0.00549355184981091,0.02407618324335041,0.0,0.0,0.02407618324335041,0.0,0.0,0.0,0.0,0.0,0.0,0.0,0.0,0.0
2025-05-30,0.6272169588830151,0.047650225191423534,0.0,0.05202968522922658,0.005229817049603941,0.09024345248124323,0.08960830611097051,0.0,0.0,0.0,0.02359110799710064,0.0,0.0,0.0,0.0,0.0,0.011054674912214933,0.0,0.02041271916226124,0.0,0.0,0.007913702490590317,0.01399467558013508,0.0,0.0,0.011054674912214933,0.0,0.0,0.0,0.0,0.0,0.0,0.0,0.0,0.0
2025-06-06,0.6269702896747655,0.04516705574951335,0.0,0.05180196040001846,0.003449329450155339,0.09232185579902603,0.08797251539629102,0.0,0.0,0.0,0.020227717256074064,0.0,0.0,0.0,0.0,0.0,0.009931294216891548,0.0,0.020227717256074064,0.0,0.0,0.007028117109962072,0.01807318770288422,0.0,0.0,0.016828959988344303,0.0,0.0,0.0,0.0,0.0,0.0,0.0,0.0,0.0
2025-06-13,0.6275740940590526,0.048835590663948734,0.0,0.05256510916001429,0.0034073190124142305,0.09280350308321951,0.08511900177834089,0.0,0.0,0.0,0.020680570544289418,0.0,0.0,0.0,0.0,0.0,0.010430650947072179,0.0,0.020680570544289418,0.0,0.0,0.007118144402766663,0.014362435769877524,0.0,0.0,0.016423010034714546,0.0,0.0,0.0,0.0,0.0,0.0,0.0,0.0,0.0
2025-06-20,0.6275447285676021,0.04372904458586005,0.0,0.05308364359021417,0.0024771350478279483,0.0941726066163108,0.08355910367904959,0.0,0.0,0.0,0.020658546425701557,0.0,0.0,0.002684765712487774,0.0,0.0,0.011846590944460205,0.0,0.020658546425701557,0.0,0.0,0.007923856961560673,0.016111499828809706,0.0,0.0,0.015549931614413866,0.0,0.0,0.0,0.0,0.0,0.0,0.0,0.0,0.0
2025-06-27,0.09284213452842331,0.0872700434263725,0.0,0.17816706828735732,0.011633414249282745,0.23137169763198465,0.07006666190441595,0.0,0.0,0.0,0.0,0.0,0.014055994460428434,0.005091808380280979,0.0,0.0,0.014055994460428434,0.0,0.0,0.0,0.0,0.1450913613208711,0.0,0.0,0.0,0.15035382135015443,0.0,0.0,0.0,0.0,0.0,0.0,0.0,0.0,0.0
2025-07-04,0.09624915539752257,0.08278184969870597,0.0,0.17741556138280334,0.015015555813758954,0.2316743635204729,0.06768553230754956,0.0,0.0,0.0,0.0,0.0,0.017650586018385168,0.00920803490130559,0.0,0.0,0.019250918279893524,0.0,0.0,0.0,0.0,0.14610931371462202,0.0,0.0,0.0,0.13695912896498028,0.0,0.0,0.0,0.0,0.0,0.0,0.0,0.0,0.0
2025-07-11,0.09653170844402317,0.09134256547114711,0.0,0.16833802768675588,0.017858392024819418,0.22768112391502585,0.06627901192750263,0.0,0.0,0.0,0.0,0.0,0.016032150853462778,0.0177474040186351,0.0,0.0,0.02083623636538516,0.0,0.0,0.0,0.0,0.15860145913554677,0.0,0.0,0.0,0.118751920157696,0.0,0.0,0.0,0.0,0.0,0.0,0.0,0.0,0.0
2025-07-18,0.09398401794429416,0.06726178126458301,0.0,0.16277160664636053,0.025237868808763473,0.22753735494388302,0.0645390177016765,0.0,0.0,0.0,0.0,0.0,0.016202924502433408,0.014054334491413283,0.0,0.0,0.023099762424711748,0.0,0.0,0.0,0.0,0.1674504645760385,0.0,0.0,0.0,0.13786086669584213,0.0,0.0,0.0,0.0,0.0,0.0,0.0,0.0,0.0
2025-07-25,0.12318760734956902,0.038772950173884914,0.0,0.19807123430484477,0.006858497179924224,0.21035302456945118,0.07446048539448816,0.0,0.0,0.0,0.0,0.0,0.03130766004834181,0.01677389478127255,0.0,0.0,0.033326467253985574,0.0,0.0,0.0,0.0,0.14421167373642058,0.028182771726517702,0.0,0.0,0.09449373348129934,0.0,0.0,0.0,0.0,0.0,0.0,0.0,0.0,0.0
2025-08-01,0.13386219415390485,0.04332161296774988,0.0,0.2010423781692204,0.011682085105612867,0.2132215220277797,0.07702997492913884,0.0,0.0,0.0,0.0,0.0,0.013436021292733843,0.01615942036450111,0.0,0.0,0.019998497810315475,0.0,0.0,0.0,0.0,0.16282879002485548,0.013436021292733843,0.0,0.0,0.09398148186145353,0.0,0.0,0.0,0.0,0.0,0.0,0.0,0.0,0.0
2025-08-08,0.12505082208473403,0.04129276426027639,0.0,0.19279463193335272,0.01004360518080388,0.22271008986474786,0.06431860233357435,0.0,0.0,0.0,0.0,0.0,0.01664347761423015,0.025996482513598585,0.0,0.0,0.025330592489550656,0.0,0.0,0.0,0.0,0.16202418877193359,0.01664347761423015,0.0,0.0,0.09715126533896748,0.0,0.0,0.0,0.0,0.0,0.0,0.0,0.0,0.0
2025-08-15,0.1378670073578249,0.04383131174080028,0.0,0.2055233172396426,0.003756228885204088,0.2161275217104943,0.07043891845671757,0.0,0.0,0.0,0.0,0.0,0.013151654782555217,0.016167166570388074,0.0,0.0,0.024080480076558296,0.0,0.0,0.0,0.0,0.16367460909641268,0.013151654782555217,0.0,0.0,0.09223012930084676,0.0,0.0,0.0,0.0,0.0,0.0,0.0,0.0,0.0
2025-08-22,0.12588284294054697,0.04241799037247932,0.0,0.19581362330298047,0.004825385077493084,0.22165912424237072,0.06144531506472782,0.0,0.0,0.0,0.0,0.0,0.01314617470352393,0.016262327205049998,0.0,0.0,0.021629983103160805,0.0,0.0,0.0,0.0,0.16500554638447174,0.01314617470352393,0.0,0.0,0.11876551289967124,0.0,0.0,0.0,0.0,0.0,0.0,0.0,0.0,0.0
2025-08-29,0.0,0.0,0.0,0.11113171002018757,0.010518873057063493,0.24458267905363393,0.02141163947374881,0.0,0.0,0.0,0.0,0.0,0.088675369633649,0.040863325996127985,0.0,0.0,0.06825738259337888,0.0,0.02141163947374881,0.0,0.0,0.17855815280164825,0.02141163947374881,0.0,0.0,0.19317758842306454,0.0,0.0,0.0,0.0,0.0,0.0,0.0,0.0,0.0
2025-09-05,0.0,0.0,0.0,0.09724491528838565,0.010468874293570915,0.24709154214199847,0.036259157993616974,0.0,0.0,0.0,0.0,0.0,0.08412022815466762,0.052111129879724195,0.0,0.0,0.06635587299978031,0.0,0.018449853104803248,0.0,0.0,0.16034354520896452,0.018449853104803248,0.0,0.0,0.2091050278296849,0.0,0.0,0.0,0.0,0.0,0.0,0.0,0.0,0.0
2025-09-12,0.0,0.0,0.0,0.09147151185539096,0.025536276624427416,0.2433007438605907,0.035932886116362764,0.0,0.0,0.0,0.0,0.0,0.08498941304463055,0.05577285658872673,0.0,0.0,0.06722384663255895,0.0,0.019015373021803218,0.0,0.0,0.16146889587409985,0.019015373021803218,0.0,0.0,0.19627282335960566,0.0,0.0,0.0,0.0,0.0,0.0,0.0,0.0,0.0
2025-09-19,0.0,0.0,0.0,0.10004644140665671,0.025831983706855455,0.2387739516134614,0.019594856751177562,0.0,0.0,0.0027605864129715304,0.0,0.0,0.08883207447178025,0.04814160394372616,0.0,0.0,0.07865244621446806,0.0,0.019594856751177562,0.0,0.0,0.15760149557512895,0.019594856751177562,0.0,0.0,0.2005748464014188,0.0,0.0,0.0,0.0,0.0,0.0,0.0,0.0,0.0
2025-09-26,0.1184534729008995,0.0,0.0,0.11405117872782333,0.02805515023342434,0.20208119478252995,0.060748058878315594,0.0,0.0,0.006527268712863558,0.0,0.0,0.01771547306738794,0.08177845145813926,0.0,0.0,0.03145794533141838,0.0,0.01771547306738794,0.0,0.0,0.15784528845444667,0.01771547306738794,0.0,0.0,0.14585557131797547,0.0,0.0,0.0,0.0,0.0,0.0,0.0,0.0,0.0
2025-10-03,0.12108579861177671,0.0,0.0,0.1076341729217413,0.024818975292113632,0.1790723060886803,0.07616548192495547,0.0,0.0,0.008418149380697503,0.0,0.0,0.031158651830869903,0.06663838262771077,0.0,0.0,0.04879917903643458,0.0,0.031158651830869903,0.0,0.0,0.13249998233543808,0.031158651830869903,0.0,0.0,0.14139161628784186,0.0,0.0,0.0,0.0,0.0,0.0,0.0,0.0,0.0
2025-10-10,0.1163607337767994,0.0,0.0,0.11367190476966714,0.039693187146709476,0.19112886906285498,0.06393450661168891,0.0,0.0,0.01155229788253987,0.0,0.0,0.02247147514383634,0.08920445583868301,0.0,0.0,0.04077858173397822,0.0,0.02247147514383634,0.0,0.0,0.1355676987845747,0.02247147514383634,0.0,0.0,0.13069333896099528,0.0,0.0,0.0,0.0,0.0,0.0,0.0,0.0,0.0
2025-10-17,0.1243562918418256,0.0,0.0,0.08948924368355503,0.03793289156977474,0.18114581014465098,0.07617656951010317,0.0,0.0,0.013750907025129317,0.0,0.0,0.028716869493480943,0.06707945812403446,0.0,0.0,0.04976565979554381,0.0,0.028716869493480943,0.0,0.0,0.1191149534974763,0.028716869493480943,0.0,0.0,0.15503760632746377,0.0,0.0,0.0,0.0,0.0,0.0,0.0,0.0,0.0
2025-10-24,0.11643642962950913,0.0,0.0,0.09578420627742756,0.03683138231400951,0.18638628472162133,0.06305628344736042,0.0,0.0,0.015920951600918495,0.0,0.0,0.02153648008997553,0.09599529694467113,0.0,0.0,0.0470773750670269,0.0,0.02153648008997553,0.0,0.0,0.1266531610722175,0.02153648008997553,0.0,0.0,0.15124918865531137,0.0,0.0,0.0,0.0,0.0,0.0,0.0,0.0,0.0
2025-10-31,0.10140289183933748,0.0,0.0,0.10019306454186666,0.0630411981143536,0.19727803062145216,0.06403051638749982,0.0,0.0,0.013400934200564263,0.04293311128316586,0.0,0.02109740510433395,0.07584857632300354,0.0,0.0,0.043182039028253585,0.0,0.02109740510433395,0.0,0.0,0.11351946809483338,0.02109740510433395,0.0,0.0,0.1218779542526677,0.0,0.0,0.0,0.0,0.0,0.0,0.0,0.0,0.0
2025-11-07,0.10153411607778234,0.0,0.0,0.09009453065495768,0.058916295910871073,0.1837976629668935,0.07260713849161811,0.0,0.0,0.01722959406918867,0.04303152946199951,0.0,0.029575609029618605,0.0676318095513655,0.0,0.0,0.04846745038099019,0.0,0.029575609029618605,0.0,0.0,0.12269078501929558,0.029575609029618605,0.0,0.0,0.10527226032618194,0.0,0.0,0.0,0.0,0.0,0.0,0.0,0.0,0.0
2025-11-14,0.10276749718005293,0.0,0.0,0.09342994859298388,0.0612970482729693,0.19491245682959144,0.06396473217397994,0.0,0.0,0.012660867301909061,0.04395656528870244,0.0,0.020008166885277498,0.08267288399304568,0.0,0.0,0.043589509863998975,0.0,0.020008166885277498,0.0,0.0,0.1374212412286195,0.020008166885277498,0.0,0.0,0.10330274861831416,0.0,0.0,0.0,0.0,0.0,0.0,0.0,0.0,0.0
2025-11-21,0.10331714779681671,0.0,0.0,0.07975054315416619,0.07359837113909323,0.18851583068352373,0.06917064843216293,0.0,0.0,0.013293110867303743,0.04436880325127528,0.0,0.02480184518088765,0.07981472884696543,0.0,0.0,0.048836806687422685,0.0,0.02480184518088765,0.0,0.0,0.1331871656570505,0.02480184518088765,0.0,0.0,0.09174130794155669,0.0,0.0,0.0,0.0,0.0,0.0,0.0,0.0,0.0
2025-11-28,0.2050802251828347,0.0,0.0,0.11445564528145319,0.019156555251793255,0.16676068525276302,0.027473160807211877,0.0,0.0,0.010676138098263227,0.02168896854894795,0.0,0.027473160807211877,0.046869704782842796,0.0,0.0,0.05116277540499259,0.0,0.04916212935615982,0.0,0.0,0.09575050461960888,0.027473160807211877,0.0,0.0,0.13681718579870492,0.0,0.0,0.0,0.0,0.0,0.0,0.0,0.0,0.0
2025-12-05,0.20375890103753455,0.0,0.0,0.11117045501941555,0.02012813509981894,0.16451787304383947,0.030185646781438896,0.0,0.0,0.012750010666852116,0.021511097990926775,0.0,0.030185646781438896,0.04460757078382924,0.0,0.0,0.05616837307680533,0.0,0.051696744772365674,0.0,0.0,0.08984407253715675,0.030185646781438896,0.0,0.0,0.13328982562713895,0.0,0.0,0.0,0.0,0.0,0.0,0.0,0.0,0.0
2025-12-12,0.20001960344986497,0.0,0.0,0.10464047689630847,0.024768203431366154,0.16817883816537038,0.029291246471185955,0.0,0.0,0.009559185461109282,0.021007731007971254,0.0,0.029291246471185955,0.05262231494563277,0.0,0.0,0.05654318345233547,0.0,0.05029897747915721,0.0,0.0,0.09063549320830201,0.029291246471185955,0.0,0.0,0.13385225308902418,0.0,0.0,0.0,0.0,0.0,0.0,0.0,0.0,0.0
2025-12-19,0.20362369148621978,0.0,0.0,0.09648797828007066,0.03129691537131411,0.1631613456700433,0.030911210817798844,0.0,0.0,0.007085088649443516,0.021492896705172865,0.0,0.030911210817798844,0.05919765771554885,0.0,0.0,0.06671452439990574,0.0,0.05240410752297171,0.0,0.0,0.08444108245060827,0.030911210817798844,0.0,0.0,0.12136107929530467,0.0,0.0,0.0,0.0,0.0,0.0,0.0,0.0,0.0
2025-12-26,0.10846045374946645,0.0,0.0,0.07217621598053482,0.03338915172527344,0.2045459629108325,0.029118898715721604,0.0,0.0,0.005734953891630634,0.04942119263511978,0.0,0.029118898715721604,0.08604046886089625,0.0,0.0,0.05084139240095685,0.0,0.029118898715721604,0.0,0.0,0.11991819416900933,0.0,0.0,0.0,0.182115317529115,0.0,0.0,0.0,0.0,0.0,0.0,0.0,0.0,0.0
2026-01-02,0.11570373396678252,0.0,0.0,0.06364865002409469,0.023824645887583974,0.19582531276495863,0.02682058827849629,0.0,0.0,0.01950651562819659,0.05485365279810684,0.0,0.02682058827849629,0.08750073078266535,0.0,0.0,0.05957345236411278,0.0,0.02682058827849629,0.0,0.0,0.12265203875957686,0.0,0.0,0.0,0.17644950218843267,0.0,0.0,0.0,0.0,0.0,0.0,0.0,0.0,0.0
2026-01-09,0.1081876546417807,0.0,0.0,0.07514371116034764,0.03484528390752708,0.19631079427123685,0.02841781061253706,0.0,0.0,0.016535468893377193,0.049216593304355474,0.0,0.02841781061253706,0.08466236438143968,0.0,0.0,0.061290785894410116,0.0,0.02841781061253706,0.0,0.0,0.1113854303014268,0.0,0.0,0.0,0.17716848140648714,0.0,0.0,0.0,0.0,0.0,0.0,0.0,0.0,0.0
2026-01-16,0.10929094874473735,0.0,0.0,0.06944633650914123,0.04015615835958483,0.1935910148052604,0.027678331066857197,0.0,0.0,0.029883058603911578,0.05004406388157297,0.0,0.027678331066857197,0.08106481969760604,0.0,0.0,0.05260722613573645,0.0,0.027678331066857197,0.0,0.0,0.11325758020971675,0.0,0.0,0.0,0.1776237998521605,0.0,0.0,0.0,0.0,0.0,0.0,0.0,0.0,0.0
2026-01-23,0.10860752674196505,0.0,0.0,0.0744697462661468,0.03058285731259177,0.18604758603978683,0.037165940927112964,0.0,0.0,0.01653524009785817,0.04953149737949374,0.0,0.037165940927112964,0.08067475580928113,0.0,0.0,0.057315234692687886,0.0,0.037165940927112964,0.0,0.0,0.11245207512745392,0.0,0.0,0.0,0.17228565775139576,0.0,0.0,0.0,0.0,0.0,0.0,0.0,0.0,0.0
2026-01-30,0.11887530761839249,0.0,0.0,0.06288149830138157,0.13012253657300782,0.18858202812290237,0.020083043192224346,0.0,0.0,0.013042005782139671,0.05729366529893165,0.0,0.020083043192224346,0.08989514619877914,0.0,0.0,0.046579530053097964,0.0,0.020083043192224346,0.0,0.0,0.14685306622500963,0.020083043192224346,0.0,0.0,0.06554304305746016,0.0,0.0,0.0,0.0,0.0,0.0,0.0,0.0,0.0
2026-02-06,0.11037090775731515,0.0,0.0,0.07717555410721458,0.11921107541672307,0.18132958125692444,0.03286443986371602,0.0,0.0,0.006744137349262758,0.05091536540312365,0.0,0.03286443986371602,0.07206247659956236,0.0,0.0,0.04172868150740039,0.0,0.03286443986371602,0.0,0.0,0.13344883773581978,0.03286443986371602,0.0,0.0,0.07555562341178979,0.0,0.0,0.0,0.0,0.0,0.0,0.0,0.0,0.0
2026-02-13,0.10489278839073471,0.0,0.0,0.07778714065303721,0.11778815742256767,0.17327052397356307,0.02722732924095213,0.0,0.0,0.03386252978368893,0.04680677587818832,0.0,0.02722732924095213,0.07720963418078736,0.0,0.0,0.04506462286205337,0.0,0.02722732924095213,0.0,0.0,0.13812369178751702,0.02722732924095213,0.0,0.0,0.07628481810405367,0.0,0.0,0.0,0.0,0.0,0.0,0.0,0.0,0.0
2026-02-20,0.1251437047615329,0.0,0.0,0.07349811477666865,0.12548517942926185,0.17471579038534388,0.023739348930217587,0.0,0.0,0.0413457816925731,0.061994963156286956,0.0,0.023739348930217587,0.0494389295312882,0.0,0.0,0.03712547802869568,0.0,0.023739348930217587,0.0,0.0,0.14433097524457172,0.023739348930217587,0.0,0.0,0.07196368727290664,0.0,0.0,0.0,0.0,0.0,0.0,0.0,0.0,0.0
2026-02-27,0.16932798576507077,0.0,0.0,0.049300980498188915,0.03296717161660146,0.0847031762678068,0.11018493001272296,0.0,0.0,0.035239934875936386,0.09424528916940852,0.0,0.018227311700653052,0.008551940732184267,0.0,0.0,0.025059318733691646,0.0,0.11018493001272296,0.0,0.0,0.1587935119668323,0.015939640843314434,0.0,0.0,0.08727387780486554,0.0,0.0,0.0,0.0,0.0,0.0,0.0,0.0,0.0
2026-03-06,0.11734801863178074,0.0,0.0,0.07128831318888525,0.05874473327840487,0.14401764126213995,0.07219190401095486,0.0,0.0,0.0412696533397274,0.055260313819441007,0.0,0.02658528310990565,0.009966691459551627,0.0,0.0,0.027128135117869722,0.0,0.07219190401095486,0.0,0.0,0.14570542661790048,0.01693159019151386,0.0,0.0,0.14137039196096962,0.0,0.0,0.0,0.0,0.0,0.0,0.0,0.0,0.0
2026-03-13,0.1201260340916667,0.0,0.0,0.06884973023278847,0.06903006536813859,0.14661879500479974,0.07297260267738781,0.0,0.0,0.04442894684802951,0.05734382541435546,0.0,0.017994538757411607,0.006387978388947783,0.0,0.0,0.02852140258422009,0.0,0.07297260267738781,0.0,0.0,0.14568924311258422,0.015628777263032353,0.0,0.0,0.13343545757925002,0.0,0.0,0.0,0.0,0.0,0.0,0.0,0.0,0.0
2026-03-20,0.11906797872353861,0.0,0.0,0.08011529921145633,0.07616952069878583,0.1470482164944794,0.07232300700563976,0.0,0.0,0.04008100549405862,0.0565502838882594,0.0,0.015772723117380358,0.0,0.0,0.0,0.020132041032889063,0.0,0.07232300700563976,0.0,0.0,0.1452707888666241,0.015772723117380358,0.0,0.0,0.13937340534386825,0.0,0.0,0.0,0.0,0.0,0.0,0.0,0.0,0.0
2026-03-27,0.3655824862097722,0.0,0.0,0.0996069477375125,0.065879719437975,0.13195865925055647,0.046151574901633005,0.0,0.0,0.06474772203058281,0.02228995006670011,0.0,0.025481142819525814,0.0,0.0,0.0,0.008248136455468423,0.0,0.0,0.0,0.0,0.0911366668256953,0.0,0.0,0.0,0.07891699426457835,0.0,0.0,0.0,0.0,0.0,0.0,0.0,0.0,0.0
2026-04-03,0.369471629777296,0.0,0.0,0.10148894671388861,0.06788103762859019,0.12813234195612008,0.051828420078522244,0.0,0.0,0.06072677458806275,0.022813488623866774,0.0,0.033044071862439676,0.0,0.0,0.0,0.0,0.0,0.0,0.0,0.0,0.09259444101329092,0.0,0.0,0.0,0.07201884775792272,0.0,0.0,0.0,0.0,0.0,0.0,0.0,0.0,0.0
2026-04-10,0.2397134266884132,0.0,0.0,0.09270008614754441,0.08568788081920539,0.16957200424111674,0.021466685905758995,0.0,0.0,0.06920162251021536,0.023998382196071175,0.0,0.06881022872383591,0.026968077997577306,0.0,0.0,0.034101728165612626,0.0,0.021466685905758995,0.0,0.0,0.10337981888737174,0.021466685905758995,0.0,0.0,0.021466685905758995,0.0,0.0,0.0,0.0,0.0,0.0,0.0,0.0,0.0
