Date,net_return,wealth,target_growth_allocation,growth_weight_end,largest_stock_weight_end,allocation_turnover,quarterly_turnover,cap_turnover,cost,capped_assets,drawdown
2023-01-06,0.018360429762572128,1.0183604297625721,0.1,0.08392554544853818,0.02153447799971705,0.0,0.09999999999999999,0.0,0.002,,0.0
2023-01-13,0.004967641223221575,1.0234192790135583,0.1,0.09912767777136071,0.026733372117034967,0.016074454551461836,0.0,0.0,0.00032148909102923677,,0.0
2023-01-20,0.025710903447415445,1.0497323132824994,0.1,0.09818113080004352,0.027510770129836326,0.000872322228639302,0.0,0.0,1.744644457278604e-05,,0.0
2023-01-27,0.015278736105457602,1.0657708962785142,0.1,0.10183336487308099,0.028650126233678953,0.0018188691999564636,0.0,0.0,3.6377383999129275e-05,,0.0
2023-02-03,-0.010087548365340093,1.0550198808159328,0.1,0.10002900724571977,0.028542270475671525,0.001833364873081023,0.0,0.0,3.666729746162046e-05,,-0.010087548365340093
2023-02-10,-0.0036429165053076806,1.0511765314786807,0.1,0.09708240752107773,0.028449800881679383,2.900724571975287e-05,0.0,0.0,5.801449143950574e-07,,-0.013693716774209608
2023-02-17,-0.024493863394093873,1.0254291571135645,0.1,0.10251044376147432,0.028792084797225087,0.002917592478922237,0.0,0.0,5.835184957844474e-05,,-0.037852168140278475
2023-02-24,0.02754230454955353,1.0536718392527782,0.1,0.09919216748047921,0.027443276095604575,0.0025104437614743916,0.0,0.0,5.020887522948783e-05,,-0.01135239953350553
2023-03-03,-0.03864706529612749,1.0129505148804854,0.1,0.0931313207386144,0.024352218167320302,0.0008078325195207802,0.0,0.0,1.6156650390415602e-05,,-0.04956072790359389
2023-03-10,0.019900783291753932,1.0331090235623925,0.1,0.0952550586110732,0.02700400345460625,0.006868679261385588,0.0,0.0,0.00013737358522771174,,-0.03064624191763088
2023-03-17,0.0215546586628923,1.055377335926834,0.1,0.10007323964829191,0.026381560965956497,0.004744941388926857,0.0,0.0,9.489882777853713e-05,,-0.009752152538573533
2023-03-24,0.04017470150344149,1.0977768053711918,0.1,0.10322241523915232,0.028226503460119675,7.323964829193848e-05,0.0,0.0,1.4647929658387694e-06,,0.0
2023-03-31,-0.020194252919177202,1.0756080229147196,0.1,0.09783784596202215,0.026457011914213756,0.0032224152391523275,0.0,0.0,6.444830478304654e-05,,-0.020194252919177202
2023-04-07,-0.018114340246270455,1.056124093216024,0.1,0.08615036885783041,0.02226898310964902,0.0,0.019999999999999924,0.0,0.0003999999999999985,,-0.0379427875970505
2023-04-14,-0.006291434880103641,1.049479557258247,0.1,0.10045688958469506,0.027836632372900755,0.013849631142169562,0.0,0.0,0.0002769926228433912,,-0.043995507899817654
2023-04-21,0.008388985886974565,1.0582836264527546,0.1,0.09053989088013382,0.024092982516671572,0.0004568895846951016,0.0,0.0,9.137791693902033e-06,,-0.03597559970770503
2023-04-28,-0.00242687012743914,1.0557153095333585,0.1,0.09855583028658851,0.030221425173848324,0.009460109119866122,0.0,0.0,0.00018920218239732242,,-0.03831516172689686
2023-05-05,-0.0032261347671763696,1.0523094296690325,0.1,0.10406054446871575,0.035053406035033895,0.0014441697134115177,0.0,0.0,2.8883394268230353e-05,,-0.04141768661871614
2023-05-12,0.029519546707700517,1.0833731270291012,0.1,0.09514138708548707,0.030753773201072303,0.00406054446871568,0.0,0.003685587764315593,0.00015491665846342135,0001561550,-0.013120771245681673
2023-05-19,0.0287700471012331,1.1145418229219386,0.1,0.0981976815828791,0.03178230968665864,0.004858612914512889,0.0,0.0,9.717225829025778e-05,,0.0
2023-05-26,0.013860746941948054,1.1299902050856772,0.1,0.1016173584492962,0.03137060054493061,0.0018023184171208784,0.0,0.002365641606145545,8.335749500955445e-05,0001561550,0.0
2023-06-02,-0.003873322201758511,1.1256133889365492,0.1,0.09901520932734391,0.030005123321327966,0.0016173584492962106,0.0,0.0,3.234716898592421e-05,,-0.003873322201758511
2023-06-09,0.03733520165318005,1.1676383917960147,0.1,0.09799223558123886,0.028955977093441977,0.00098479067265605,0.0,0.00030354985377160237,2.5766690955327175e-05,0001561550,0.0
2023-06-16,-0.028950116950319127,1.1338351237978375,0.1,0.09528762055317683,0.02976797607217051,0.002007764418761099,0.0,0.0,4.015528837522199e-05,,-0.028950116950319127
2023-06-23,0.03086435440779889,1.1688302128987444,0.1,0.10107473350918172,0.030562233765358895,0.004712379446823154,0.0,0.0012401295145763548,0.00011904784164365584,0001561550,0.0
2023-06-30,-0.016611674065670434,1.1494139863639623,0.1,0.10302252783286557,0.030634865787754473,0.0010747335091816756,0.0,0.0,2.149467018363351e-05,,-0.016611674065670434
2023-07-07,0.03006062205621851,1.183966085794181,0.1,0.1006277031917933,0.021303404114622896,0.0,0.10302252783286554,0.0,0.002060450556657311,,0.0
2023-07-14,-0.006504049037884818,1.176265512312983,0.1,0.09798509425979678,0.020749500266895204,0.0006277031917932933,0.0,0.0,1.2554063835865868e-05,,-0.006504049037884818
2023-07-21,0.015182383726806803,1.1941240266855278,0.1,0.09968216982798028,0.02188978872734363,0.002014905740203233,0.0,0.0,4.029811480406466e-05,,0.0
2023-07-28,-0.032740755925659504,1.1550275033828512,0.1,0.1010063264730051,0.022497507051372215,0.0003178301720196553,0.0,0.0,6.356603440393106e-06,,-0.032740755925659504
2023-08-04,-0.020027851170373867,1.131894784447411,0.1,0.09977389478777965,0.02490795582366171,0.0010063264730051698,0.0,0.0,2.0126529460103398e-05,,-0.05211288010914872
2023-08-11,-0.020904274941667467,1.1082333446682828,0.1,0.09634977778420184,0.024492510448404264,0.0002261052122202855,0.0,0.0,4.522104244405709e-06,,-0.07192777307701237
2023-08-18,0.017962594214210537,1.1281400905332166,0.1,0.0986720698572705,0.024884040801534956,0.0036502222157981544,0.0,0.0,7.300444431596309e-05,,-0.05525718826331594
2023-08-25,0.03244866852385897,1.1647467343794051,0.1,0.09961975617859992,0.024510084963913825,0.0013279301427294842,0.0,0.0,2.6558602854589683e-05,,-0.02460154192497388
2023-09-01,-0.01950330751812135,1.142030320638076,0.1,0.09889201528509636,0.02668580292582993,0.00038024382140010304,0.0,0.0,7.60487642800206e-06,,-0.04362503800551254
2023-09-08,-0.014609943511184609,1.1253453221654937,0.1,0.1013928668577994,0.027696547283828275,0.0011079847149036686,0.0,0.0,2.2159694298073375e-05,,-0.05759762217576325
2023-09-15,-0.025543854208793237,1.0965996653215508,0.1,0.09884485412262882,0.0283415532657292,0.001392866857799391,0.0,0.0,2.785733715598782e-05,,-0.08167021112092565
2023-09-22,-0.002848025587031233,1.0934765214159852,0.1,0.10200335350693396,0.02804934291809637,0.0011551458773711347,0.0,0.0,2.310291754742269e-05,,-0.08428563785698628
2023-09-29,0.010094321427235986,1.104514424896294,0.1,0.09993289752938814,0.02432632757231528,0.0020033535069339343,0.0,0.0,4.0067070138678686e-05,,-0.07504212274997835
2023-10-06,0.010221864793525492,1.1158046220100823,0.1,0.10314739431734218,0.022099488315301674,0.0,0.09999999999999998,0.0,0.001999999999999999,,-0.06558732838902237
2023-10-13,-0.021637882120476237,1.0916609731295457,0.1,0.10118672196554686,0.024000168228306303,0.003147394317342206,0.0,0.0,6.294788634684412e-05,,-0.08580603962921995
2023-10-20,-0.018136506866254343,1.0718620563947598,0.1,0.10024535143195262,0.022839471458989444,0.00118672196554683,0.0,0.0,2.37344393109366e-05,,-0.10238632466857278
2023-10-27,0.060551824241791286,1.1367652592450204,0.1,0.09714531985527562,0.022173158407397503,0.0002453514319526069,0.0,0.0,4.907028639052139e-06,,-0.04803417916287589
2023-11-03,0.035806177021310726,1.1774684773492237,0.1,0.0933094563829926,0.02059671937732958,0.0028546801447243628,0.0,0.0,5.709360289448726e-05,,-0.013947922463744433
2023-11-10,0.018708049995493026,1.1994966164915901,0.1,0.10033465886518189,0.022570396305296243,0.006690543617007397,0.0,0.0,0.00013381087234014795,,0.0
2023-11-17,0.007924555343678197,1.2090020938135324,0.1,0.09920145573200283,0.0223974128393898,0.0003346588651819034,0.0,0.0,6.6931773036380675e-06,,0.0
2023-11-24,0.00490806268984656,1.214935951882125,0.1,0.09919723563185147,0.02253525843201373,0.0007985442679971869,0.0,0.0,1.597088535994374e-05,,0.0
2023-12-01,0.0012718642605900055,1.2164811854982298,0.1,0.0959358199093918,0.020506679146684928,0.0008027643681484797,0.0,0.0,1.6055287362969593e-05,,0.0
2023-12-08,0.030302807965429723,1.253343981255941,0.1,0.10238240405754291,0.023129366507951853,0.0040641800906082385,0.0,0.0,8.128360181216476e-05,,0.0
2023-12-15,0.003736878432910151,1.2580275753485142,0.1,0.0992835894688958,0.02264652782160775,0.0023824040575428865,0.0,0.0,4.764808115085774e-05,,0.0
2023-12-22,0.0016845139686336719,1.2601467403721152,0.1,0.0994176999191277,0.023036242089409707,0.0007164105311041804,0.0,0.0,1.4328210622083609e-05,,0.0
2023-12-29,-0.041943111815486045,1.2072922647367672,0.1,0.10244333326169315,0.022240177335977385,0.0005823000808723271,0.0,0.0,1.1646001617446543e-05,,-0.041943111815486045
2024-01-05,0.03303517458574001,1.2471753754783597,0.1,0.0959689576781927,0.021538228358476946,0.0,0.08244333326169319,0.0,0.0016488666652338636,,-0.010293535251239994
2024-01-12,0.036530338213509816,1.2927351137561454,0.1,0.10044709390361252,0.023542182933207177,0.004031042321807293,0.0,0.0,8.062084643614586e-05,,0.0
2024-01-19,0.006650510195876924,1.3013324618107487,0.1,0.09948652994070493,0.02388504058006655,0.00044709390361251725,0.0,0.0,8.941878072250345e-06,,0.0
2024-01-26,-0.003520160510778525,1.2967515626672883,0.1,0.10186175389554439,0.02611762664889645,0.0005134700592950535,0.0,0.0,1.026940118590107e-05,,-0.003520160510778525
2024-02-02,0.023970704628753614,1.3278356113528604,0.1,0.09676470577497852,0.027299670380367968,0.001861753895544412,0.0,0.0,3.723507791088824e-05,,0.0
2024-02-09,-0.022989177195734567,1.297309763196663,0.1,0.10223834031335702,0.029066533642725014,0.003235294225021464,0.0,0.0,6.470588450042926e-05,,-0.022989177195734567
2024-02-16,0.01104442003246775,1.3116377971336284,0.1,0.09791914290632783,0.030520763019846135,0.0022383403133570687,0.0,0.0,4.476680626714138e-05,,-0.012198659292417258
2024-02-23,0.012134758155930792,1.3275542045900228,0.1,0.10310001507438857,0.032146995245143216,0.0020808570936721995,0.0,0.0,4.161714187344399e-05,,-0.00021192891682642045
2024-03-01,-0.0062433354748268055,1.3192658383297504,0.1,0.09941305627516869,0.03211387466979741,0.003100015074388596,0.0,0.001180398200668118,8.560680180024795e-05,0001045810,-0.006453941248328765
2024-03-08,-0.012324993056199607,1.3030058960330548,0.1,0.09406057481041119,0.032821664274701436,0.0005869437248313411,0.0,0.0,1.1738874496626822e-05,,-0.01869938952345762
2024-03-15,0.022509278779134334,1.3323356189977185,0.1,0.09236928144081208,0.03149096118790954,0.005939425189588803,0.0,0.004894177864484562,0.00021666043364015103,0001045810,0.0
2024-03-22,-0.0023629985622581895,1.3291873118455815,0.1,0.0998293224646284,0.03274277687175824,0.007630718559187936,0.0,0.0,0.00015261437118375872,,-0.0023629985622581895
2024-03-29,-0.02287440763315718,1.2987829394536052,0.1,0.09546702139351144,0.029904362914553746,0.0001706775353715953,0.0,0.002798756981807315,5.9388499269600714e-05,0001045810,-0.025183354003065705
2024-04-05,-0.019594644825366103,1.273333749049767,0.1,0.09902389497915663,0.02044690967359267,0.0,0.05130856915241008,0.0,0.0010261713830482016,,-0.04428453995123027
2024-04-12,-0.03530233763289847,1.2283820911214476,0.1,0.09922657738988006,0.021183519671114075,0.0009761050208433562,0.0,0.0,1.9522100416867127e-05,,-0.07802352980285288
2024-04-19,0.03096589686453255,1.2664200442653533,0.1,0.10338140719886155,0.021773965834835592,0.0007734226101199365,0.0,0.0,1.546845220239873e-05,,-0.04947370151520214
2024-04-26,-0.005530586407596849,1.259415998782231,0.1,0.10102088819406156,0.021908552954752348,0.003381407198861569,0.0,0.0,6.762814397723138e-05,,-0.05473066934166548
2024-05-03,0.02248763885465266,1.2877372909306175,0.1,0.10250969367120899,0.02423383626619166,0.001020888194061608,0.0,0.0,2.0417763881232165e-05,,-0.03347379401344164
2024-05-10,0.02709678643409208,1.3226308332861807,0.1,0.09979238308407953,0.022281541206495878,0.002509693671209,0.0,0.0,5.019387342418e-05,,-0.0072840398268706474
2024-05-17,0.0032155740253341225,1.3268838506388017,0.1,0.10674300655668176,0.02616116336336991,0.0002076169159204999,0.0,0.0,4.152338318409997e-06,,-0.004091888170803415
2024-05-24,-0.0031681514617392104,1.3226800816278421,0.1,0.11095892813554395,0.030905488186221495,0.0067430065566817824,0.0,0.0,0.00013486013113363565,,-0.0072470759110531136
2024-05-31,-0.028173332552252628,1.2854157758279003,0.6,0.5845021945533798,0.15642345377097613,0.4890410718644561,0.0,0.0,0.009780821437289124,,-0.03521623418363218
2024-06-07,0.0033241395744318947,1.289688677277929,0.6,0.5830422196452739,0.1483396438402817,0.015497805446620251,0.0,0.0,0.000309956108932405,,-0.03200915828691242
2024-06-14,-0.009316989973454426,1.2776726608028528,0.1,0.09769790534105176,0.02533365059202587,0.4830422196452739,0.0,0.0,0.009660844392905477,,-0.04102791925354898
2024-06-21,-0.002187004352386168,1.274878385132752,0.1,0.10125635545074944,0.026532594827845535,0.002302094658948199,0.0,0.0,4.604189317896398e-05,,-0.043125195367958336
2024-06-28,0.025884994245606974,1.307878604795762,0.1,0.0947328998770211,0.02429244656836139,0.0012563554507494879,0.0,0.0,2.5127109014989756e-05,,-0.01835649655629179
2024-07-05,0.00221807094613502,1.3107795723301312,0.1,0.10248863956644431,0.021209214563186068,0.0,0.07999999999999996,0.0,0.001599999999999999,,-0.016179141621840976
2024-07-12,-0.04284349235632323,1.2546211977421806,0.1,0.10551453805059313,0.023912402708983472,0.002488639566444295,0.0,0.0,4.977279132888589e-05,,-0.05832946304775699
2024-07-19,-0.02080107302562073,1.2285237305884538,0.1,0.10177208021141541,0.0248322345911784,0.005514538050593171,0.0,0.0,0.00011029076101186343,,-0.07791722065297613
2024-07-26,-0.0872305370320684,1.1213589458125828,0.4,0.3783027082018112,0.08087331447359425,0.2982279197885846,0.0,0.0,0.0059645583957716915,,-0.15835099668343922
2024-08-02,-0.00381574065348278,1.117080130895899,0.1,0.0991245856824401,0.020790438156336247,0.27830270820181124,0.0,0.0,0.005566054164036225,,-0.16156251100135754
2024-08-09,0.06208401810090147,1.1864329539625975,0.1,0.10007424201239658,0.020875943132366823,0.0008754143175598375,0.0,0.0,1.750828635119675e-05,,-0.10950894275789136
2024-08-16,0.016624721446591106,1.206157071337282,0.1,0.10358138654834709,0.02384510237346264,7.424201239657896e-05,0.0,0.0,1.4848402479315793e-06,,-0.0947047769805609
2024-08-23,-0.010329176055584144,1.1936984625967515,0.1,0.0985121558542793,0.02315055608432729,0.0035813865483471236,0.0,0.0,7.162773096694246e-05,,-0.10405573072140795
2024-08-30,-0.05764321868289646,1.1248898410758497,0.1,0.09638405283979472,0.022712525945478002,0.001487844145720691,0.0,0.0,2.9756882914413822e-05,,-0.15570084216312174
2024-09-06,0.06081375722937188,1.193298618780823,0.1,0.09857596762376022,0.02358604734249464,0.003615947160205234,0.0,0.0,7.231894320410468e-05,,-0.1043558381494667
2024-09-13,0.011846400519247569,1.2074349121579655,0.1,0.1002408141995125,0.023072040422019293,0.0014240323762397828,0.0,0.0,2.8480647524795652e-05,,-0.09374567868545958
2024-09-20,0.010102202197307175,1.2196326637806731,0.1,0.09772518449575474,0.021766027442410678,0.0002408141995125547,0.0,0.0,4.816283990251094e-06,,-0.0845905142893566
2024-09-27,0.0012007422824165115,1.221097128289091,0.1,0.10387696384193505,0.021433952612800324,0.00227481550424531,0.0,0.0,4.54963100849062e-05,,-0.08349134341413866
2024-10-04,0.00582626612930226,1.22821156512823,0.1,0.10227503501876642,0.021429388586468673,0.0,0.06387696384193504,0.0,0.001277539276838701,,-0.07815152007106019
2024-10-11,0.009741730080093047,1.2401764706769578,0.4,0.40112378961933276,0.08850874390674313,0.2977249649812335,0.0,0.0,0.005954499299624671,,-0.06917112100484835
2024-10-18,-0.018076852640546925,1.2177579833682568,0.4,0.39463489400543306,0.08797913330119154,0.0011237896193327102,0.0,0.0,2.2475792386654207e-05,,-0.08599757748400916
2024-10-25,-0.02907531045261269,1.1823512919456771,0.1,0.10112113027157178,0.02183591531283253,0.2946348940054331,0.0,0.0,0.005892697880108662,,-0.11257248167310174
2024-11-01,0.0628966562325608,1.2567172347013085,0.1,0.10469554153991333,0.022150555554331503,0.001121130271571836,0.0,0.0,2.242260543143672e-05,,-0.05675625812158036
2024-11-08,-0.05910312640663262,1.1824413171213632,0.6,0.5857558788990278,0.14601921753130928,0.49530445846008664,0.0,0.0,0.009906089169201734,,-0.11250491223008574
2024-11-15,0.018344866071714927,1.2041330447216168,0.1,0.10753443393195984,0.029948031551637725,0.4857558788990278,0.0,0.0,0.009715117577980556,,-0.09622393370564186
2024-11-22,0.007005671882414077,1.2125688057357087,0.1,0.10179950680253601,0.02912840040872136,0.007534433931959901,0.0,0.0,0.000150688678639198,,-0.08989237513000459
2024-11-29,0.011180198065262825,1.226125565151593,0.1,0.10025682641860252,0.027274480773166482,0.0017995068025360248,0.0,0.0,3.5990136050720493e-05,,-0.07971719162325219
2024-12-06,-0.015972488950521502,1.2065412881102573,0.1,0.09571719087914872,0.02377581025397199,0.0002568264186024972,0.0,0.0,5.136528372049944e-06,,-0.09441639861140472
2024-12-13,-0.016244257631937042,1.186941920582625,0.1,0.09991971344493805,0.022170831932426336,0.004282809120851305,0.0,0.0,8.565618241702609e-05,,-0.10912693193961842
2024-12-20,0.005223735462840606,1.1931421911855047,0.1,0.09700250221624358,0.02120852693107401,8.028655506190849e-05,0.0,0.0,1.6057311012381696e-06,,-0.10447324670110181
2024-12-27,-0.011495531672711778,1.179426387336683,0.1,0.1035173355238416,0.02264960956869513,0.002997497783756388,0.0,0.0,5.994995567512776e-05,,-0.11476780285740995
2025-01-03,-0.03587661641951234,1.1371125592431537,0.6,0.6015463641423028,0.12525783122369544,0.0,0.5556828179708783,0.0,0.011113656359417565,,-0.1465269388364968
2025-01-10,0.04166571265692709,1.1844911643951619,0.6,0.6071513543883396,0.12775274645320298,0.0015463641423027683,0.0,0.0,3.092728284605537e-05,,-0.11096637550963029
2025-01-17,0.005529557753832126,1.1910408766975888,0.1,0.09462306319924407,0.01950936834065902,0.5071513543883397,0.0,0.0,0.010143027087766794,,-0.10605041273791205
2025-01-24,-0.03310112015021227,1.1516160895342078,0.1,0.1002519647753533,0.022352449210688293,0.005376936800755971,0.0,0.0,0.0001075387360151194,,-0.1356411454341071
2025-01-31,0.00825870059112388,1.1611269420135917,0.1,0.10155857691859985,0.02392457957416366,0.00025196477535333744,0.0,0.0,5.039295507066749e-06,,-0.1285026644509607
2025-02-07,0.025529052075814018,1.1907694121828873,0.4,0.4023765168596018,0.10035543486809716,0.2984414230814002,0.0,0.0,0.005968828461628003,,-0.10625416358779605
2025-02-14,-0.035449409500065254,1.1485573396702642,0.4,0.3911366918564968,0.0921087985034309,0.002376516859601739,0.0,0.0,4.753033719203478e-05,,-0.13793692573175065
2025-02-21,-0.04326664164680938,1.0988631208439381,0.1,0.0956129476859268,0.020939479690803977,0.29113669185649677,0.0,0.0,0.005822733837129936,,-0.17523549984306186
2025-02-28,-0.023550459592854622,1.0729843893184248,0.1,0.09571652757424769,0.020464509806661393,0.004387052314073204,0.0,0.0,8.774104628146408e-05,,-0.1946590828776288
2025-03-07,0.0010566034918548795,1.0741181083708844,0.1,0.1032027334674078,0.02249339872991603,0.0042834724257522685,0.0,0.0,8.566944851504537e-05,,-0.19380815685246366
2025-03-14,0.008015122374435135,1.0827272964540737,0.1,0.10294654008667119,0.02290533192377752,0.003202733467407822,0.0,0.0,6.405466934815643e-05,,-0.18734643057236477
2025-03-21,-0.012441771282668435,1.0692562510700903,0.1,0.09986907888702773,0.022017926473950185,0.002946540086671232,0.0,0.0,5.8930801733424644e-05,,-0.19745728041522748
2025-03-28,-0.13124847902741377,0.9289179944265864,0.4,0.3604291141716483,0.09005854105705319,0.30013092111297224,0.0,0.0,0.006002618422259445,,-0.3027897917152531
2025-04-04,0.06559392661656482,0.9898493731858105,0.1,0.09903055618436966,0.021952646726071695,0.0,0.28042911417164823,0.0,0.0056085822834329654,,-0.25705703647670364
2025-04-11,0.004839002496238809,0.9946392567735569,0.1,0.10158170687550287,0.02098836634230007,0.0009694438156302929,0.0,0.0,1.938887631260586e-05,,-0.25346193362165137
2025-04-18,0.03544705800048931,1.0298962921979729,0.1,0.10216359368016173,0.02324580925700691,0.0015817068755029171,0.0,0.0,3.163413751005834e-05,,-0.22699935548316486
2025-04-25,0.02850015535220729,1.0592484965222773,0.1,0.10456591804433811,0.02818167207795277,0.002163593680161776,0.0,0.0,4.3271873603235514e-05,,-0.20496871702707875
2025-05-02,0.00999255687963263,1.0698330973734416,0.1,0.10267121126754764,0.028126325724747936,0.004565918044338124,0.0,0.0,9.131836088676247e-05,,-0.19702432171088446
2025-05-09,0.06690646733871386,1.141411850560733,0.1,0.09962712736150879,0.026491454625697245,0.0026712112675476452,0.0,0.0,5.342422535095291e-05,,-0.14330005571765214
2025-05-16,-0.027245671355541012,1.1103133183990352,0.1,0.0985655265869897,0.026878423526227352,0.0003728726384912527,0.0,0.0,7.457452769825053e-06,,-0.16664142084987932
2025-05-23,0.012484026672994863,1.1241744994813103,0.1,0.09842625774523224,0.026901523743086683,0.0014344734130102444,0.0,0.0,2.8689468260204885e-05,,-0.15623775011960006
2025-05-30,0.031123149053476906,1.159162349990785,0.1,0.10139448066584275,0.026166115628782675,0.0015737422547677299,0.0,0.0,3.14748450953546e-05,,-0.12997721185087519
2025-06-06,0.010219481515406859,1.1710083881998714,0.1,0.1031615364251171,0.023827904132107683,0.001394480665842717,0.0,0.0,2.788961331685434e-05,,-0.12108603004940255
2025-06-13,0.0017054285159965321,1.1730054592975785,0.1,0.09870724985032582,0.022723903145924654,0.003161536425117085,0.0,0.0,6.323072850234169e-05,,-0.11958710510194115
2025-06-20,0.028823328685447347,1.2068153812007367,0.1,0.092906990846406,0.023247012287621077,0.001292750149674152,0.0,0.0,2.585500299348304e-05,,-0.09421067485338819
2025-06-27,0.016176600469030467,1.2263375514623018,0.1,0.09968914994421045,0.024868141173085376,0.00709300915359401,0.0,0.0,0.0001418601830718802,,-0.07955808283137866
2025-07-04,-0.002648180675663414,1.223089988056679,0.1,0.09940352577697974,0.02039876252061254,0.0,0.1,0.0,0.002,,-0.0819955793294952
2025-07-11,0.013159243600255888,1.239184927154551,0.1,0.10206293631553588,0.02157881624134133,0.0005964742230202442,0.0,0.0,1.1929484460404883e-05,,-0.0699153355317802
2025-07-18,0.00027881543888552685,1.239530431043876,0.1,0.09916726700829358,0.02074531801867274,0.0020629363155359355,0.0,0.0,4.125872631071871e-05,,-0.06965601356785567
2025-07-25,-0.02917131361588199,1.2033717001034656,0.1,0.09981494472928835,0.022437139973484236,0.0008327329917064072,0.0,0.0,1.6654659834128146e-05,,-0.09679536976671765
2025-08-01,0.03821313594854647,1.2493563064761528,0.1,0.10679779392155724,0.02603728042858198,0.0001850552707116579,0.0,0.0,3.701105414233158e-06,,-0.06228108844225666
2025-08-08,-0.003004180080704244,1.245603015146535,0.1,0.09662538964584255,0.023522472816632656,0.006797793921557275,0.0,0.0,0.0001359558784311455,,-0.06509816491765807
2025-08-15,6.353237427836333e-05,1.2456821512634955,0.1,0.10484990741940216,0.024507257450458397,0.0033746103541574413,0.0,0.0,6.749220708314883e-05,,-0.06503876838435807
2025-08-22,0.005419329627948777,1.2524329134528447,0.1,0.10163741470506053,0.025187971495549126,0.004849907419402215,0.0,0.0,9.69981483880443e-05,,-0.059971905280880033
2025-08-29,0.006030675189905965,1.2599859295510263,0.1,0.10456610495081317,0.025232440402731992,0.0016374147050605171,0.0,0.0,3.2748294101210344e-05,,-0.0543029011722429
2025-09-05,0.06081523003428213,1.3366122636966307,0.6,0.6177169799098726,0.16042399712572233,0.4954338950491868,0.0,0.0,0.009908677900983735,,0.0
2025-09-12,0.04925359814549024,1.4024452270090786,0.6,0.6132715639483419,0.1656963820082469,0.01771697990987263,0.0,0.0,0.0003543395981974526,,0.0
2025-09-19,-0.00598089594938378,1.3940573480316274,0.6,0.5962645152160223,0.16813034858878922,0.01327156394834196,0.0,0.0,0.0002654312789668392,,-0.00598089594938378
2025-09-26,0.029395092828318425,1.4350357931850164,0.6,0.6092407257975039,0.1675050476775567,0.0037354847839776648,0.0,0.0,7.47096956795533e-05,,0.0
2025-10-03,-0.03535746018273378,1.3842965722666793,0.6,0.59765302537854,0.1251706661924616,0.0,0.3692407257975039,0.0,0.007384814515950077,,-0.03535746018273378
2025-10-10,0.04015194101763564,1.4398787665872463,0.6,0.6074220438838855,0.1346847134091589,0.0023469746214599477,0.0,0.0,4.693949242919896e-05,,0.0
2025-10-17,0.02325440989532579,1.4733622976250424,0.6,0.5983766198943042,0.1341257453923994,0.007422043883885579,0.0,0.0,0.00014844087767771158,,0.0
2025-10-24,0.030115984032532905,1.517734053054454,0.6,0.6031445568312823,0.13338488508732882,0.001623380105695807,0.0,0.0,3.246760211391614e-05,,0.0
2025-10-31,-0.04216022514448481,1.4537460436682268,0.6,0.5965346627585008,0.14728052742775735,0.003144556831282362,0.0,0.0,6.289113662564724e-05,,-0.04216022514448481
2025-11-07,0.010710788457444664,1.4693168100128042,0.6,0.5969221147979592,0.1520445687508214,0.0034653372414991737,0.0,0.0,6.930674482998349e-05,,-0.03190100593988099
2025-11-14,-0.06853926137488664,1.368610921128822,0.6,0.586427256069756,0.13783552630283188,0.003077885202040845,0.0,0.0,6.15577040408169e-05,,-0.0982537959305324
2025-11-21,0.08444144913120555,1.4841784106057336,0.6,0.6014588153427622,0.14825958671142553,0.013572743930243984,0.0,0.0,0.0002714548786048797,,-0.022109039710342837
2025-11-28,0.01841833129187065,1.5115145002685122,0.6,0.5977669207171853,0.1456753639111301,0.0014588153427622028,0.0,0.0,2.9176306855244058e-05,,-0.004097920036402303
2025-12-05,-0.0008769738644661684,1.510188941556015,0.6,0.5921231851293169,0.1487596335484193,0.0022330792828147497,0.0,0.0,4.466158565629499e-05,,-0.0049713001320979
2025-12-12,0.025298434933722636,1.5483943582315973,0.6,0.5934741542020839,0.16210161213435006,0.007876814870682987,0.0,0.0,0.00015753629741365976,,0.0
2025-12-19,0.04465619228185358,1.6175397544209247,0.6,0.5845314918144033,0.167988843530285,0.006525845797916034,0.0,0.0,0.00013051691595832067,,0.0
2025-12-26,-0.008755408920640861,1.6033775324255766,0.6,0.6134423406681895,0.19268526058113997,0.015468508185596579,0.0,0.0,0.0003093701637119316,,-0.008755408920640861
2026-01-02,0.039289403022345404,1.6663732784940186,0.6,0.599720422710035,0.13953455860662478,0.0,0.3821989600448018,0.0,0.007643979200896035,,0.0
2026-01-09,0.0507713973331394,1.7509773783217646,0.6,0.6019814465964434,0.13992064914653438,0.0002795772899648885,0.0,0.0,5.591545799297771e-06,,0.0
2026-01-16,0.043293563691967796,1.8267834289733327,0.6,0.5949458392064405,0.13670875335070032,0.0019814465964434133,0.0,0.0,3.9628931928868264e-05,,0.0
2026-01-23,-0.0070248486792149345,1.8139505518150976,0.6,0.6295211585372844,0.1427983260295659,0.005054160793559519,0.0,0.0,0.00010108321587119037,,-0.0070248486792149345
2026-01-30,-0.017385307013495832,1.782414464564492,0.6,0.6091537408433425,0.14912115780238686,0.029521158537284403,0.0,0.0,0.0005904231707456882,,-0.02428802654169926
2026-02-06,-0.03278010971502432,1.7239867228584216,0.6,0.5903866501795768,0.15131245965767712,0.0091537408433425,0.0,0.0,0.00018307481686685,,-0.05627197208192525
2026-02-13,0.04711830618103452,1.805218057118103,0.6,0.6007859217597118,0.15375376987500203,0.00961334982042323,0.0,0.0,0.00019226699640846457,,-0.011805105910857594
2026-02-20,0.04866178228047935,1.8930631851823738,0.6,0.6053442728248482,0.16637151666573297,0.0007859217597118301,0.0,0.0,1.5718435194236602e-05,,0.0
2026-02-27,-0.04991253091711023,1.7985756104239154,0.6,0.5936681417236286,0.1546822010126028,0.005344272824848145,0.0,0.0,0.00010688545649696292,,-0.04991253091711023
2026-03-06,0.039363856765175065,1.8693744831339796,0.6,0.6217180958877817,0.1616661941796421,0.006331858276371317,0.0,0.0,0.00012663716552742635,,-0.012513423869743745
2026-03-13,-0.03580545375933797,1.8024406815192395,0.6,0.6093089389611075,0.16967560870392825,0.021718095887781765,0.0,0.0,0.00043436191775563524,,-0.04787082880934257
2026-03-20,-0.03307357396301425,1.7428275263250672,0.6,0.5921781445900858,0.19035055792078157,0.009308938961107495,0.0,0.0,0.00018617877922214986,,-0.07936114337506028
2026-03-27,0.009875864249503152,1.760039454385351,0.6,0.5812141106308374,0.18978738398470268,0.007821855409914195,0.0,0.012864825890403237,0.00041369337528315327,0000912093,-0.07026903900421455
2026-04-03,0.04033780700319056,1.8310355862143481,0.6,0.6023394174452975,0.13680098607278793,0.0,0.27529493117692516,0.0,0.005505898623538503,,-0.03276573093467561
2026-04-10,0.09533644039320532,2.00560000123731,0.6,0.609033390313284,0.1461457067521697,0.002339417445297559,0.0,0.0,4.6788348905951175e-05,,0.0
2026-04-17,0.05909473186881309,2.12412039554652,0.6,0.6081928036938545,0.1705029106596946,0.00903339031328404,0.0,0.0,0.00018066780626568076,,0.0
2026-04-24,0.02840710680407965,2.184460510487534,0.6,0.607885609428339,0.1604420970056225,0.008192803693854514,0.0,0.0,0.00016385607387709027,,0.0
2026-05-01,0.055064632238433386,2.3047470251369107,0.6,0.5889707682563117,0.1774794108045309,0.007885609428339067,0.0,0.0,0.00015771218856678134,,0.0
2026-05-08,0.007459457711044948,2.321939188105576,0.6,0.6005915651319166,0.17332981543136136,0.011029231743688347,0.0,0.00080294001344502,0.00023663989281807348,0000723125,0.0
2026-05-15,0.0027930382320433544,2.3284244530304345,0.6,0.5917725318099977,0.17895116266166364,0.0005915651319166187,0.0,0.0,1.1831302638332374e-05,,0.0
2026-05-22,0.14291669110849448,2.6611951713536506,0.6,0.628149007573787,0.20359436838397837,0.008227468190002335,0.0,0.0014391372113771,0.00019332737184533764,0000723125,0.0
2026-05-29,-0.08566006167499751,2.4332370288462912,0.6,0.5843990330778734,0.18914793458302442,0.02814900757378696,0.0,0.0,0.0005629801514757392,,-0.08566006167499751
2026-06-05,0.03448235673787203,2.517140776102769,0.6,0.5933058440484014,0.19762145369173392,0.015600966922126557,0.0,0.01419737940376069,0.0005958783293791613,0000723125,-0.05413146574199079
2026-06-12,0.06135486649762312,2.671579612376278,0.6,0.6141605078969606,0.21749945714878638,0.006694155951598543,0.0,0.0,0.0001338831190319709,,0.0
2026-06-19,-0.03585681784546002,2.575785268855657,0.6,0.5771826857714462,0.18636818462444724,0.014160507896960724,0.0,0.032484639782742436,0.0009327189539947938,0000723125,-0.03585681784546002
2026-06-26,-0.022736100814500948,2.5172219553064483,0.6,0.59304284181822,0.17071850719365578,0.022817314228553844,0.0,0.0,0.0004563462845710769,,-0.05777767443453952
2026-07-03,-0.0013761870360576856,2.5137577870846757,0.6,0.5883556307766401,0.1736248936655998,0.00695715818177995,0.0,0.0,0.000139143163635599,,-0.059074348584066794
2026-07-10,-0.06125732962405084,2.359771697726205,0.6,0.5898862320119961,0.16347147686556845,0.011644369223359825,0.0,0.0,0.0002328873844671965,,-0.11671294136457744
2026-07-17,-0.013459651154504315,2.328009993870538,0.6,0.5903869124347857,0.1828000068167312,0.010113767988003876,0.0,0.0,0.00020227535976007755,,-0.12860167704309833
2026-07-24,-0.0369370661343833,2.2420201347654367,0.4,0.38254434686006056,0.11449001080972225,0.19038691243478567,0.0,0.0,0.0038077382486957135,,-0.16078857452754813
2026-07-31,0.05232425793772211,2.35933217459847,0.4,0.42491321385237046,0.12125807342659405,0.01745565313993941,0.0,0.0,0.0003491130627987882,,-0.11687745943684402
2026-08-07,0.020519639420345293,2.40774482009405,0.6,0.6094153504608464,0.18095932819228755,0.17508678614762957,0.0,0.0,0.0035017357229525916,,-0.09875610334050877
